ID,DOT_WEB_ID,CASE_NUMBER,CRASH_YEAR,COUNTY,MUNICIPALITY,CRASH_DATE,CRASH_DAY_OF_WEEK,CRASH_MONTH,CRASH_TIME,POLICE_DEPT_CODE,POLICE_DEPARTMENT,POLICE_STATION,TOTAL_KILLED,TOTAL_INCAPACITATED,TOTAL_INJURED,PEDESTRIANS_KILLED,PEDESTRIANS_INJURED,SEVERITY,INTERSECTION,ALCOHOL_INVOLVED,HAZMAT_INVOLVED,CRASH_TYPE,TOTAL_VEHICLES_INVOLVED,CRASH_LOCATION,LOCATION_DIRECTION,ROUTE,ROUTE_SUFFIX,SRI,MILEPOST,ROAD_SYSTEM,ROAD_CHARACTER,ROAD_SURFACE_TYPE,SURFACE_CONDITION,LIGHT_CONDITION,ENVIRONMENTAL_CONDITION,ROAD_DIVIDED_BY,TEMP_TRAFFIC_CONTROL_ZONE,DISTANCE_TO_CROSS_STREET,UNIT_OF_MEASUREMENT,DIRECTION_FROM_CROSS_STREET,CROSS_STREET_NAME,IS_RAMP,RAMP_TO_FROM_ROUTE_NAME,RAMP_TO_FROM_ROUTE_DIRECTION,POSTED_SPEED,POSTED_SPEED_CROSS_STREET,LATITUDE,LONGITUDE,CELL_PHONE_IN_USE,OTHER_PROPERTY_DAMAGE,REPORTING_BADGE_NO,X,Y,CRASH_NARRATIVE,MPO,TOTAL_PEDESTRIANS_INVOLVED,EPDO,DLN
4620593,2004110304-38058,04-38058,2004,MERCER,Hamilton Twp (Mercer Co),9/8/2004 0:00,Wednesday,September,12/31/1899 7:42,1,HAMILTON,,0,0,1,0,0,Injury,Not At Intersection,No,No,Pedalcyclist,1,BASIN RD,NULL,,,,,Municipal,Straight and Level,Steel Grid,Wet,Daylight,Clear,None,None,2600,Foot,North,COTTON CT,NULL,,NULL,35,,0,0,No,NONE,302,,,,DVRPC,0,Moderate Injury,4221079
4620910,2004110304-43773,04-43773,2004,MERCER,Hamilton Twp (Mercer Co),10/13/2004 0:00,Wednesday,October,12/31/1899 18:00,1,HAMILTON,,0,0,1,0,0,Injury,Not At Intersection,No,No,Pedalcyclist,1,4680 NOTTINGHAM WAY,NULL,,,,,Private Property,Straight and Level,Blacktop,Dry,Dusk,Clear,Grass Median,None,,NULL,NULL,,NULL,,NULL,,,0,0,No,,302,,,,DVRPC,0,Pain,4268131
4620062,2004110304-27036,04-27036,2004,MERCER,Hamilton Twp (Mercer Co),6/28/2004 0:00,Monday,June,12/31/1899 16:09,1,HAMILTON,,0,0,1,0,0,Injury,At Intersection,No,No,Pedalcyclist,1,LEONARD AVENUE,NULL,,,11031999,0.43,Municipal,Straight and Level,Blacktop,Dry,Daylight,Clear,None,None,,At,NULL,,NULL,,NULL,25,,0,0,No,NONE,405,430141.976651,503530.512633,,DVRPC,0,Moderate Injury,4154025
4619830,2004110304-22138,04-22138,2004,MERCER,Hamilton Twp (Mercer Co),5/29/2004 0:00,Saturday,May,12/31/1899 20:03,1,HAMILTON TWSP,,0,0,1,0,0,Injury,Not At Intersection,No,No,Pedalcyclist,1,MCADOO AVE,NULL,,,,,Municipal,Straight and Level,Blacktop,Dry,Dusk,Clear,None,None,10,Foot,South,BAKER AVE,NULL,,NULL,25,,0,0,No,,364,,,,DVRPC,0,Moderate Injury,4136630
4620465,2004110304-35530,04-35530,2004,MERCER,Hamilton Twp (Mercer Co),8/22/2004 0:00,Sunday,August,12/31/1899 18:48,1,HAMILTON TWP,,0,0,1,0,0,Injury,At Intersection,No,No,Pedalcyclist,1,US 206,NULL,206,,206,40.7,Municipal,Straight and Grade,Blacktop,Dry,Dusk,Clear,Curbed Median,None,,At,NULL,,NULL,,NULL,35,,0,0,No,NONE,412,426507.92,498108.05,,DVRPC,0,Moderate Injury,4191226
4620762,2004110304-41126,04-41126,2004,MERCER,Hamilton Twp (Mercer Co),9/27/2004 0:00,Monday,September,12/31/1899 14:44,1,HAMILTON TWP,,0,0,1,0,0,Injury,At Intersection,No,No,Pedalcyclist,1,MERCER COUNTY 606,NULL,606,,11000606,2.29,County,Straight and Level,Blacktop,Dry,Daylight,Clear,None,None,,At,East,,NULL,,NULL,35,,0,0,No,?,412,431234.225451,506601.803017,,DVRPC,0,Pain,4236617
4620766,2004110304-41205,04-41205,2004,MERCER,Hamilton Twp (Mercer Co),9/27/2004 0:00,Monday,September,12/31/1899 20:30,1,HAMILTON,,0,0,1,0,0,Injury,Not At Intersection,No,No,Pedalcyclist,1,MERCER COUNTY 620,NULL,620,,11000620,1.98,County,Straight and Grade,Blacktop,Dry,Dark (Street Lights On/ continuous),Clear,None,None,50,Foot,North,,NULL,,NULL,40,,0,0,No,NONE,375,432212.26,500172.6,,DVRPC,0,Moderate Injury,4236616
4622879,2.0041106104E+019,104000010681,2004,MERCER,Hopewell Twp (Mercer Co),6/2/2004 0:00,Wednesday,June,12/31/1899 19:36,1,HOPEWELL TOWNSHIP,53,0,0,1,0,0,Injury,Not At Intersection,Yes,No,Pedalcyclist,1,ROUTE 546,NULL,546,,546,0.75,County,Straight and Level,Blacktop,Dry,Daylight,Clear,None,None,1,Mile,East,,NULL,,NULL,45,,0,0,No,,17,392572.62975,536088.6385,,DVRPC,0,Moderate Injury,4127759
4624766,20041107OIT-04303772,OIT-04303772,2004,MERCER,Lawrence Twp (Mercer Co),12/17/2004 0:00,Friday,December,12/31/1899 10:55,1,LAWRENCE TWP,04-056523,0,1,1,0,1,Injury,Not At Intersection,No,No,Pedalcyclist,1,US 206,NULL,206,,206,44.65,State Highway,Straight and Level,Blacktop,Dry,Daylight,Clear,None,None,50,Foot,South,,NULL,,NULL,25,,0,0,No,NONE,156,423113.143151,512803.879188,,DVRPC,1,Incapacitating Injury,4303772
4625139,2004110904-3436,Apr-36,2004,MERCER,Princeton Borough,2/19/2004 0:00,Thursday,February,12/31/1899 8:55,1,PRINCETON BORO,,0,0,1,0,0,Injury,Not At Intersection,No,No,Pedalcyclist,1,PRINCETON UNIVERSITY PATH,NULL,,,,,Private Property,Straight and Level,Blacktop,Dry,Daylight,Clear,None,None,,NULL,NULL,,NULL,,NULL,,,0,0,No,NONE,135,,,,DVRPC,0,Moderate Injury,4046149
4625038,2004110904-16274,04-16274,2004,MERCER,Princeton Borough,10/1/2004 0:00,Friday,October,12/31/1899 15:31,1,PRINCETON BORO,,0,0,1,0,0,Injury,Not At Intersection,No,No,Pedalcyclist,1,VANDEVENTER AVE,NULL,,,,,Municipal,Straight at Hillcrest,Blacktop,Dry,Daylight,Clear,None,None,3,Foot,South,WIGGINS STREET,NULL,,NULL,25,,0,0,No,NONE,113,,,,DVRPC,0,Pain,4268783
4625186,2004110904-6680,Apr-80,2004,MERCER,Princeton Borough,4/7/2004 0:00,Wednesday,April,12/31/1899 18:23,1,PRINCETON BORO,,0,0,1,0,0,Injury,Not At Intersection,No,No,Pedalcyclist,1,HARRISON STREET,NULL,,,,,Municipal,Straight and Level,Concrete,Dry,Dusk,Clear,None,None,100,Foot,North,NJ 27,NULL,,NULL,,,0,0,No,,119,,,,DVRPC,0,Pain,4076414
4625071,2004110904-18193,04-18193,2004,MERCER,Princeton Borough,11/11/2004 0:00,Thursday,November,12/31/1899 20:47,1,PRINCETON BORO,,0,0,1,0,0,Injury,Not At Intersection,No,No,Pedalcyclist,1,OLDEN ST,NULL,,,,,Municipal,Straight and Level,Blacktop,Dry,Dark (Street Lights On/ continuous),Clear,None,None,250,Foot,North,PROSPECT AVE,NULL,,NULL,25,,0,0,No,,137,,,,DVRPC,0,Moderate Injury,4281601
4625079,2004110904-18818,04-18818,2004,MERCER,Princeton Borough,11/20/2004 0:00,Saturday,November,12/31/1899 17:15,1,PRINCETON BORO,,0,0,1,0,0,Injury,At Intersection,No,No,Pedalcyclist,1,PROSPECT AVE,NULL,,,,,Municipal,Straight and Level,Blacktop,Dry,Dark (Street Lights On/ continuous),Clear,None,None,,At,NULL,BROADMEAD,NULL,,NULL,25,,0,0,No,,124,,,,DVRPC,0,Moderate Injury,4290776
4625311,2004111004-11226,04-11226,2004,MERCER,Princeton Township,8/28/2004 0:00,Saturday,August,12/31/1899 9:52,1,PRINCETON TWP,,0,0,1,0,0,Injury,At Intersection,No,No,Pedalcyclist,1,CHERRY VALLEY RD,NULL,,,11101018,,Municipal,Straight and Level,Blacktop,Dry,Daylight,Clear,None,None,,At,NULL,GREAT ROAD,NULL,,NULL,35,,0,0,No,,80,,,,DVRPC,0,Pain,4199076
4625337,2004111004-12143,04-12143,2004,MERCER,Princeton Township,9/16/2004 0:00,Thursday,September,12/31/1899 8:59,1,PRINCETON TWP.,,0,0,1,0,0,Injury,At Intersection,No,No,Pedalcyclist,1,MT LUCAS RD,NULL,,,,,Municipal,Straight and Level,Blacktop,Dry,Daylight,Clear,None,None,,At,NULL,HERRONTOWN RD.,NULL,,NULL,25,,0,0,No,,181,,,,DVRPC,0,Pain,4221216
4625624,2004111004-7656,Apr-56,2004,MERCER,Princeton Township,6/7/2004 0:00,Monday,June,12/31/1899 13:38,1,PRINCETON TWP,,0,0,1,0,0,Injury,At Intersection,No,No,Pedalcyclist,1,193 NORTH HARRISON STREET,NULL,,,,,Private Property,Straight and Level,Blacktop,Dry,Daylight,Clear,None,None,0,At,North,FRANKLIN AVENUE,NULL,,NULL,,,0,0,No,,206,,,,DVRPC,0,Moderate Injury,4132475
4625662,2004111004-8984,Apr-84,2004,MERCER,Princeton Township,7/9/2004 0:00,Friday,July,12/31/1899 10:19,1,PRINCETON TWP.,,0,0,1,0,0,Injury,Not At Intersection,No,No,Pedalcyclist,1,JOHN ST,NULL,,,,,Municipal,Straight and Level,Blacktop,Dry,Daylight,Clear,None,None,2,Foot,North,BIRCH AVENUE,NULL,,NULL,25,,0,0,No,,146,,,,DVRPC,0,Pain,4158481
4627762,20041111171-04080672,171-04080672,2004,MERCER,Trenton City,6/19/2004 0:00,Saturday,June,12/31/1899 12:20,1,TRENTON,OPERATIONS,0,0,1,0,0,Injury,At Intersection,No,No,Pedalcyclist,1,MERCER COUNTY 606,NULL,606,,11000606,1.46,County,Straight and Level,Blacktop,Dry,Daylight,Clear,Other,None,,At,NULL,CR 622,NULL,,NULL,25,,0,0,No,,***,427127.243983,505036.325578,,DVRPC,0,Pain,4135416
4628622,2.00411112450411E+018,24504115123,2004,MERCER,Trenton City,9/1/2004 0:00,Wednesday,September,12/31/1899 17:27,1,TRENTON PD,OPERATION,0,0,1,0,0,Injury,At Intersection,No,No,Pedalcyclist,1,MERCER COUNTY 653,NULL,653,,11000653,0.81,County,Straight and Level,Blacktop,Dry,Daylight,Clear,None,None,,At,NULL,WAYNE AVENUE,NULL,,NULL,25,,0,0,No,,341,417942.42,509494.56,,DVRPC,0,Pain,4197911
4627803,20041111175-04082728,175-04082728,2004,MERCER,Trenton City,6/23/2004 0:00,Wednesday,June,12/31/1899 12:17,**,TRENTON,OPERATIONS,0,0,1,0,0,Injury,Not At Intersection,No,No,Pedalcyclist,1,US 206,NULL,206,,206,,Municipal,Straight and Level,Concrete,Dry,Daylight,Clear,None,None,,NULL,North,,NULL,,NULL,25,,0,0,No,,283,,,,DVRPC,0,Moderate Injury,4137657
4627478,2004111114?04068915,14?04068915,2004,MERCER,Trenton City,5/27/2004 0:00,Thursday,May,12/31/1899 20:40,1,TRENTON,OPERATIONS,0,0,1,0,0,Injury,Not At Intersection,No,No,Pedalcyclist,1,MERCER COUNTY 635,NULL,635,,11000635,0.69,County,Straight and Level,Blacktop,Dry,Dark (Street Lights On/ continuous),Clear,None,None,100,Foot,West,SOUTH COOK AVENUE,NULL,,NULL,25,,0,0,No,NONE,109,424100.552748,506832.338959,,DVRPC,0,Pain,4114348
4628206,20041111208-04098882,208-04098882,2004,MERCER,Trenton City,7/26/2004 0:00,Monday,July,12/31/1899 19:50,1,TRENTON,OPERATIONS,0,0,1,0,0,Injury,At Intersection,No,No,Pedalcyclist,1,W STATE ST,NULL,,,11111552,2.19,Municipal,Straight and Level,Blacktop,Dry,Daylight,Clear,Other,None,,At,NULL,BARRACKS STREET,NULL,,NULL,25,,0,0,No,,***,417284.828884,505350.825659,,DVRPC,0,Pain,4170211
4628982,2.00411112750412E+018,27504127851,2004,MERCER,Trenton City,10/1/2004 0:00,Friday,October,12/31/1899 17:20,1,TRENTON,225 N. CLINTON?,0,0,1,0,0,Injury,Not At Intersection,No,No,Pedalcyclist,1,MERCER COUNTY 622,NULL,622,,11000622,2.31,County,Straight and Level,Blacktop,Dry,NULL,Clear,None,None,10,Foot,North,CR 606,NULL,,NULL,25,,0,0,No,NONE,243,427112.28,505031.54,,DVRPC,0,Pain,4237865
4627718,20041111167-04-078525,167-04-078525,2004,MERCER,Trenton City,6/15/2004 0:00,Tuesday,June,12/31/1899 9:00,1,TRENTON,OPERATIONS 1ST?,0,0,1,0,0,Injury,At Intersection,No,No,Pedalcyclist,1,MARKET STREET,NULL,,,11111526,0.52,Municipal,Straight and Level,Blacktop,Dry,Daylight,Clear,Curbed Median,None,,At,NULL,STOCKTON STREET,NULL,,NULL,25,,0,0,No,,***,419488.399139,503979.463775,,DVRPC,0,Pain,4134897
4628486,20041111233-109666,233-109666,2004,MERCER,Trenton City,8/20/2004 0:00,Friday,August,12/31/1899 12:51,**,TRENTON,OPERATIONS,0,0,1,0,0,Injury,At Intersection,No,No,Pedalcyclist,1,US 206,NULL,206,,206,41.7,Municipal,Straight and Level,Blacktop,Dry,Daylight,Clear,None,None,,At,NULL,HUDSON STREET,NULL,,NULL,25,,0,0,No,,228,421878.688904,500641.17556,,DVRPC,0,Pain,4188690
4627100,20041111119-04053946,119-04053946,2004,MERCER,Trenton City,4/28/2004 0:00,Wednesday,April,12/31/1899 16:45,1,TRENTON,OPERATIONS,0,0,1,0,0,Injury,Not At Intersection,No,No,Pedalcyclist,1,S CLINTON AVE,NULL,,,11031969,3.31,Municipal,Straight and Level,Blacktop,Dry,Daylight,Clear,None,None,40,Foot,South,TYLER STREET,NULL,,NULL,,,0,0,No,,427,421095.716238,503518.500173,,DVRPC,0,Moderate Injury,4089383
4628404,20041111226-04106382,226-04106382,2004,MERCER,Trenton City,8/13/2004 0:00,Friday,August,12/31/1899 8:06,**,TRENTON,T.P.D.,0,0,1,0,0,Injury,At Intersection,No,No,Pedalcyclist,1,NJ 33,NULL,33,,33,1.32,County,Straight and Level,Blacktop,Dry,Daylight,Clear,None,None,,At,NULL,GARFIELD AVENUE,NULL,,NULL,25,,0,0,No,,526,426262.483709,506837.250933,,DVRPC,0,Moderate Injury,4185008
4627882,20041111182-04086405,182-04086405,2004,MERCER,Trenton City,6/30/2004 0:00,Wednesday,June,12/31/1899 19:33,1,CITY OF TRENTON,OPERATIONS,0,0,1,0,0,Injury,At Intersection,No,No,Pedalcyclist,1,S CLINTON AVE,NULL,,,11031969,1.86,Municipal,Straight and Level,Blacktop,Dry,Daylight,Clear,None,None,,At,NULL,CAPNER AVE.,NULL,,NULL,25,,0,0,No,NONE,***,426481.12,498786.45,,DVRPC,0,Pain,4167298
4628400,2.0041111225041E+018,22504106501,2004,MERCER,Trenton City,8/13/2004 0:00,Friday,August,12/31/1899 14:09,1,TRENTON,225 N CLINTON ?,0,0,1,0,0,Injury,Not At Intersection,No,No,Pedalcyclist,1,MERCER COUNTY 606,NULL,606,,11000606,1.46,County,Straight and Grade,Blacktop,Dry,Daylight,Clear,None,Utility Zone,30,Foot,East,CR 622,NULL,,NULL,25,,0,0,No,NONE,243,427127.243983,505036.325578,,DVRPC,0,Pain,4185012
4627796,20041111174-04082381,174-04082381,2004,MERCER,Trenton City,6/22/2004 0:00,Tuesday,June,12/31/1899 18:23,1,TRENTON,OPERATIONS B-56,0,0,1,0,0,Injury,At Intersection,No,No,Pedalcyclist,1,WALNUT AVE,NULL,,,11111541,0.19,Municipal,Straight and Level,Blacktop,Wet,Daylight,Rain,None,None,,At,NULL,SOUTH COOK AVENUE,NULL,,NULL,25,,0,0,No,,162,422422.081505,505302.074604,,DVRPC,0,Moderate Injury,4140361
4628159,20041111203-04096764,203-04096764,2004,MERCER,Trenton City,7/21/2004 0:00,Wednesday,July,12/31/1899 21:46,1,TRENTON CITY,OPERATIONS,0,0,1,0,0,Injury,At Intersection,No,No,Pedalcyclist,1,NJ 129,NULL,129,,129,1.61,State Highway,Straight and Level,Blacktop,Dry,Dark (Street Lights On/ continuous),Clear,Grass Median,None,,At,NULL,CASS STREET,NULL,,NULL,40,,0,0,No,,186,420997.20784,500170.371322,,DVRPC,0,Moderate Injury,4161887
4629731,2.00411113380415E+018,33804155574,2004,MERCER,Trenton City,12/3/2004 0:00,Friday,December,12/31/1899 16:17,1,TRENTON,225 N. CLINTON?,0,0,1,0,0,Injury,Not At Intersection,No,No,Pedalcyclist,1,FAIRMONT AVE,NULL,,,,,Municipal,Straight and Level,Blacktop,Dry,Daylight,Clear,None,None,,NULL,NULL,REPUBLIC ALLEY,NULL,,NULL,25,,0,0,No,NONE,243,,,,DVRPC,0,Pain,4296289
4628503,2.00411112340411E+018,23404110171,2004,MERCER,Trenton City,8/21/2004 0:00,Saturday,August,12/31/1899 13:30,1,T.P.D,T.P.D,0,0,1,0,0,Injury,Not At Intersection,No,No,Pedalcyclist,1,ROEBLING AVE,NULL,,,,,Municipal,Straight and Level,Blacktop,Wet,Daylight,Rain,None,None,,NULL,NULL,,NULL,,NULL,,,0,0,No,,***,,,,DVRPC,0,Moderate Injury,4188703
4627088,20041111118-04053552,118-04053552,2004,MERCER,Trenton City,4/27/2004 0:00,Tuesday,April,12/31/1899 19:55,1,TRENTON,OPERATION,0,0,1,0,0,Injury,At Intersection,No,No,Pedalcyclist,1,GRAND ST,NULL,,,11111534,0.34,Municipal,NULL,NULL,NULL,NULL,NULL,NULL,NULL,,At,NULL,ELM STREET,NULL,,NULL,25,,0,0,No,NONE,318,423262.608349,499271.162491,,DVRPC,0,Pain,4086082
4627834,2.00411111770408E+018,17704083858,2004,MERCER,Trenton City,6/25/2004 0:00,Friday,June,12/31/1899 16:03,1,TRENTON,225 N. CLINTON,0,0,1,0,0,Injury,Not At Intersection,No,No,Pedalcyclist,1,CHESTNUT AVE,NULL,,,11111537,0,Municipal,Straight and Grade,Blacktop,Dry,Daylight,Clear,None,None,20,Foot,South,CR 635,NULL,,NULL,,,0,0,No,NONE,243,421810.72,505698.86,,DVRPC,0,Pain,4142937
4628537,20041111237-04111725,237-04111725,2004,MERCER,Trenton City,8/24/2004 0:00,Tuesday,August,12/31/1899 21:37,1,TRENTON,OPERATIONS,0,0,1,0,0,Injury,At Intersection,No,No,Pedalcyclist,1,MERCER COUNTY 626,NULL,626,,11000626,0.24,County,Straight and Level,Blacktop,Dry,Dark (Street Lights On/ continuous),Clear,None,None,,At,NULL,LOCUST STREET,NULL,,NULL,25,,0,0,No,,609,423333.835279,505728.938849,,DVRPC,0,Pain,4192020
4628764,2.00411112590412E+018,25904121223,2004,MERCER,Trenton City,9/12/2004 0:00,Sunday,September,12/31/1899 12:30,,TRENTON POLICE,TRENTON,0,0,1,0,0,Injury,Not At Intersection,No,No,Pedalcyclist,1,INGHAM ST,NULL,,,11111358,,Municipal,Straight and Level,Concrete,Dry,Daylight,Clear,Barrier Median,None,5,Foot,West,RT 206S,NULL,,NULL,25,,0,0,No,,112,,,,DVRPC,1,Pain,4207336
4627353,20041111140-04062915,140-04062915,2004,MERCER,Trenton City,5/27/2004 0:00,Thursday,May,12/31/1899 20:40,1,TRENTON,OPERATIONS,0,0,1,0,0,Injury,Not At Intersection,No,No,Pedalcyclist,1,MERCER COUNTY 635,NULL,635,,11000635,0.8,County,Straight and Level,Blacktop,Dry,Dark (Street Lights On/ continuous),Clear,None,None,100,Foot,West,CUYLER AVENUE,NULL,,NULL,25,,0,0,No,NONE,109,424581.585607,507151.703737,,DVRPC,0,Pain,4119869
4627958,20041111188-04089327,188-04089327,2004,MERCER,Trenton City,7/6/2004 0:00,Tuesday,July,12/31/1899 16:35,1,CITY OF TRENTON,OPERATIONS,0,0,1,0,0,Injury,At Intersection,No,No,Pedalcyclist,1,ROUTE 579,NULL,579,,579,0.3,County,Straight and Level,Blacktop,Dry,Daylight,Clear,None,None,,At,NULL,BRUCE PARK DRIVE,NULL,,NULL,25,,0,0,No,NONE,548,406871.993727,512905.00476,,DVRPC,0,Moderate Injury,4148298
4628197,20041111207-04098392,207-04098392,2004,MERCER,Trenton City,7/25/2004 0:00,Sunday,July,12/31/1899 16:49,1,CITY OF TRENTON,OPERATIONS,0,0,1,0,0,Injury,Not At Intersection,No,No,Pedalcyclist,1,ENTERPRISE AVE,NULL,,,11031419,0.842,Municipal,Straight and Level,Blacktop,Dry,Daylight,Clear,None,None,10,Foot,East,MULBERRY STREET,NULL,,NULL,25,,0,0,No,,***,,,,DVRPC,0,Moderate Injury,4170201
4628845,20041111264-04123363,264-04123363,2004,MERCER,Trenton City,9/20/2004 0:00,Monday,September,12/31/1899 20:40,1,TRENTON,OPERATIONS,0,0,1,0,0,Injury,At Intersection,No,No,Pedalcyclist,1,ANDERSON ST,NULL,,,,,Municipal,Straight and Level,Blacktop,Dry,NULL,Clear,None,None,,At,NULL,RUSLING STREET,NULL,,NULL,25,,0,0,No,,184,,,,DVRPC,0,Pain,4220063
4628927,20041111272-04126418,272-04126418,2004,MERCER,Trenton City,9/28/2004 0:00,Tuesday,September,12/31/1899 6:13,1,TRENTON,OPERATION,0,0,1,0,0,Injury,At Intersection,No,No,Pedalcyclist,1,CASS ST,NULL,,,11111527,0.35,Municipal,Straight and Level,Blacktop,Dry,Dark (Street Lights On/ continuous),Clear,NULL,None,,At,NULL,WOOLVERTON AVENUE,NULL,,NULL,25,,0,0,No,,581,421130.447167,500072.923993,,DVRPC,0,Moderate Injury,4228992
4626800,20041111094-04041603,094-04041603,2004,MERCER,Trenton City,4/3/2004 0:00,Saturday,April,12/31/1899 10:10,1,TRENTON,OPERATIONS,0,0,1,0,0,Injury,At Intersection,No,No,Pedalcyclist,1,MERCER COUNTY 653,NULL,653,,11000653,0,County,Straight and Grade,Blacktop,Wet,Daylight,Clear,None,None,,At,NULL,CALHOUN STS.,NULL,,NULL,,,0,0,No,,381,415379.69,506046.67,,DVRPC,0,Pain,4067220
4628407,20041111226-04106679,226-04106679,2004,MERCER,Trenton City,8/13/2004 0:00,Friday,August,12/31/1899 20:22,**,TRENTON,OPERATIONS,0,0,1,0,0,Injury,Not At Intersection,No,No,Pedalcyclist,1,MERCER COUNTY 622,NULL,622,,11000622,2.96,County,Straight and Level,Blacktop,Dry,Dark (Street Lights On/ continuous),Clear,None,None,200,Foot,North,E STATE ST,NULL,,NULL,25,,0,0,No,,252,425079.23574,507735.277403,,DVRPC,0,Moderate Injury,4185017
4627674,20041111163-04076738,163-04076738,2004,MERCER,Trenton City,6/11/2004 0:00,Friday,June,12/31/1899 20:31,1,TRENTON,PATROL,0,0,1,0,0,Injury,Not At Intersection,No,No,Pedalcyclist,1,RANDALL AVE,NULL,,,,,Municipal,Straight and Level,Blacktop,Dry,Dusk,Clear,None,None,,NULL,NULL,,NULL,,NULL,,,0,0,No,,***,,,,DVRPC,0,Pain,4134453
4629810,20041111344-04158293,344-04158293,2004,MERCER,Trenton City,12/9/2004 0:00,Thursday,December,12/31/1899 16:51,1,TRENTON,OPERATIONS,0,0,1,0,0,Injury,Not At Intersection,No,No,Pedalcyclist,1,PROSPECT ST,NULL,,,11111562,0.4,Municipal,Straight and Grade,Blacktop,Wet,Dark (Street Lights On/ continuous),Rain,None,None,75,Foot,West,STUYVESANT AVENUE,NULL,,NULL,,,0,0,No,,410,415526.010012,509036.505028,,DVRPC,0,Pain,4299698
4626966,2.00411111080904E+018,10809048506,2004,MERCER,Trenton City,4/17/2004 0:00,Saturday,April,12/31/1899 20:55,1,TRENTON,225 N. CLINTON?,0,0,1,0,0,Injury,Not At Intersection,No,No,Pedalcyclist,1,ANDERSON ST,NULL,,,,,Municipal,Straight and Level,Blacktop,Dry,Dark (Street Lights On/ continuous),Clear,None,None,5,Foot,West,RT 206,NULL,,NULL,25,,0,0,No,NONE,243,,,,DVRPC,0,Pain,4079423
4627822,20041111176-04083489,176-04083489,2004,MERCER,Trenton City,6/24/2004 0:00,Thursday,June,12/31/1899 21:35,1,TRENTON,OPERATIONS B56,0,0,1,0,0,Injury,At Intersection,No,No,Pedalcyclist,1,US 206,NULL,206,,206,41.55,Municipal,Straight and Level,Blacktop,Dry,Dark (Street Lights On/ continuous),Clear,None,None,,At,NULL,BEATTY STREET,NULL,,NULL,25,,0,0,No,,162,422574.784626,500260.023969,,DVRPC,0,Pain,4139491
4626329,20041111054-04022674,054-04022674,2004,MERCER,Trenton City,2/23/2004 0:00,Monday,February,12/31/1899 9:12,1,CITY OF TRENTON,C-9,0,0,1,0,0,Injury,At Intersection,No,No,Pedalcyclist,1,CASS ST,NULL,,,11111527,0.35,Municipal,Straight and Level,Blacktop,Dry,Daylight,Clear,None,None,,At,NULL,WOLVERTON AVENUE,NULL,,NULL,25,,0,0,No,NONE,***,421130.447167,500072.923993,,DVRPC,0,Pain,4055408
4627030,20041111114-04051043,114-04051043,2004,MERCER,Trenton City,4/23/2004 0:00,Friday,April,12/31/1899 12:09,1,CITY OF TRENTON,OPERATIONS,0,0,1,0,0,Injury,At Intersection,No,No,Pedalcyclist,1,US 206 SOUTHBOUND,NULL,206,S,00000206S,43.56,County,Straight and Level,Blacktop,Dry,Daylight,Clear,None,None,,At,South,SANFORD AVENUE,NULL,,NULL,25,,0,0,No,,***,,,,DVRPC,0,Moderate Injury,4086363
4627725,20041111168-04079244,168-04079244,2004,MERCER,Trenton City,6/16/2004 0:00,Wednesday,June,12/31/1899 17:19,1,TRENTON,OPERATION B-56,0,0,1,0,0,Injury,At Intersection,No,No,Pedalcyclist,1,SOUTHARD ST,NULL,,,11111558,0.46,Municipal,Straight and Grade,Blacktop,Dry,Daylight,Clear,None,None,,At,NULL,PROCTOR STREET,NULL,,NULL,25,,0,0,No,,162,419673.23,509149.48,,DVRPC,0,Pain,4134893
4629312,20041111304-04139627,304-04139627,2004,MERCER,Trenton City,10/30/2004 0:00,Saturday,October,12/31/1899 14:39,1,TRENTON,OPERATIONS,0,0,1,0,0,Injury,At Intersection,No,No,Pedalcyclist,1,US 206,NULL,206,,206,43.63,Municipal,Straight and Grade,Concrete,Dry,Daylight,Other,None,None,,At,NULL,SOUTHARD STREET,NULL,,NULL,25,,0,0,No,,***,419859.67234,508650.70941,,DVRPC,1,Pain,4249464
4630517,200411122004-018770,2004-018770,2004,MERCER,Washington Twp  (Mercer Co),12/5/2004 0:00,Sunday,December,12/31/1899 15:40,1,WASHINGTON TWP.,,0,0,1,0,0,Injury,Not At Intersection,No,No,Pedalcyclist,1,EVERETT ST,NULL,,,,,Municipal,Curve and Level,Blacktop,Dry,Daylight,Clear,None,None,,NULL,NULL,,NULL,,NULL,,,0,0,No,NONE,529,,,,DVRPC,0,Pain,4294128
4631907,2004111304-33513,04-33513,2004,MERCER,West Windsor Township,12/14/2004 0:00,Tuesday,December,12/31/1899 22:34,1,WEST WINDSOR POLICE,04-33513,0,0,1,0,0,Injury,At Intersection,No,No,Pedalcyclist,1,CANAL POINTE BLVD,NULL,,,,,Municipal,Straight and Level,Blacktop,Dry,Dark (Street Lights On/ continuous),Clear,None,None,,At,NULL,BAYBERRY DRIVE,NULL,,NULL,35,,0,0,No,NONE,550,,,,DVRPC,0,Pain,4305306
4935669,2005110105-4245,May-45,2005,MERCER,East Windsor Township,4/1/2005 0:00,Friday,April,12/31/1899 15:34,1,EAST WINDSOR,TRAFFIC,0,0,1,0,0,Injury,At Intersection,No,No,Pedalcyclist,1,ROUTE 535,NULL,535,,535,11.04,County,Straight and Level,Blacktop,Dry,Daylight,Clear,None,None,,At,NULL,,NULL,,NULL,40,,40.28535,74.56147,No,NONE,27,474980.49,528868.45,,DVRPC,0,Pain,5073076