ID,DOT_WEB_ID,CASE_NUMBER,CRASH_YEAR,COUNTY,MUNICIPALITY,CRASH_DATE,CRASH_DAY_OF_WEEK,CRASH_MONTH,CRASH_TIME,POLICE_DEPT_CODE,POLICE_DEPARTMENT,POLICE_STATION,TOTAL_KILLED,TOTAL_INCAPACITATED,TOTAL_INJURED,PEDESTRIANS_KILLED,PEDESTRIANS_INJURED,SEVERITY,INTERSECTION,ALCOHOL_INVOLVED,HAZMAT_INVOLVED,CRASH_TYPE,TOTAL_VEHICLES_INVOLVED,CRASH_LOCATION,LOCATION_DIRECTION,ROUTE,ROUTE_SUFFIX,SRI,MILEPOST,ROAD_SYSTEM,ROAD_CHARACTER,ROAD_SURFACE_TYPE,SURFACE_CONDITION,LIGHT_CONDITION,ENVIRONMENTAL_CONDITION,ROAD_DIVIDED_BY,TEMP_TRAFFIC_CONTROL_ZONE,DISTANCE_TO_CROSS_STREET,UNIT_OF_MEASUREMENT,DIRECTION_FROM_CROSS_STREET,CROSS_STREET_NAME,IS_RAMP,RAMP_TO_FROM_ROUTE_NAME,RAMP_TO_FROM_ROUTE_DIRECTION,POSTED_SPEED,POSTED_SPEED_CROSS_STREET,LATITUDE,LONGITUDE,CELL_PHONE_IN_USE,OTHER_PROPERTY_DAMAGE,REPORTING_BADGE_NO,X,Y,CRASH_NARRATIVE,MPO,TOTAL_PEDESTRIANS_INVOLVED,EPDO,DLN
4935912,2005110105-9392,May-92,2005,MERCER,East Windsor Township,7/13/2005 0:00,Wednesday,July,12/31/1899 21:20,1,EAST WINDSOR,TRAFFIC,0,0,1,0,0,Injury,Not At Intersection,No,No,Pedalcyclist,1,DEVONSHIRE DR,NULL,,,,,Municipal,Straight and Level,Blacktop,Dry,Dark (Street Lights On/ continuous),Clear,None,None,300,Foot,North,DORCHESTER DRIVE,NULL,,NULL,35,,0,0,No,NONE,27,,,,DVRPC,0,Moderate Injury,5156086
4935562,2005110105-18260,05-18260,2005,MERCER,East Windsor Township,9/28/2005 0:00,Wednesday,September,12/31/1899 11:17,1,EAST WINDSOR,UNIFORM SERVIC?,0,0,1,0,0,Injury,Not At Intersection,No,No,Pedalcyclist,1,US 130,NULL,130,,130,,State Highway,Straight and Level,Blacktop,Dry,Daylight,Clear,Barrier Median,NULL,100,Foot,South,TOWN CENTER DRIVE,NULL,,NULL,45,,0,0,No,NONE,74,,,,DVRPC,0,Moderate Injury,5226567
4935200,2005110105-10002,05-10002,2005,MERCER,East Windsor Township,7/25/2005 0:00,Monday,July,12/31/1899 13:35,1,EAST WINDSOR TWP,TRAFFIC SAFETY?,0,0,1,0,1,Injury,Not At Intersection,No,No,Pedalcyclist,1,70 ROUTE 571 WEST,NULL,,,,,Private Property,Straight and Level,Blacktop,Dry,Daylight,Clear,None,None,,NULL,NULL,EAST WINDSOR VILLAGE-TARGET LOT,NULL,,NULL,,,0,0,No,NONE,54,,,,DVRPC,1,Pain,5168365
4935244,2005110105-10980,05-10980,2005,MERCER,East Windsor Township,8/13/2005 0:00,Saturday,August,12/31/1899 18:06,1,EAST WINDSOR,TRAFFIC,0,0,1,0,0,Injury,At Intersection,No,No,Pedalcyclist,1,NJ 33,NULL,33,,33,15.52,State Highway,Straight and Level,Blacktop,Dry,Daylight,Clear,Barrier Median,None,,At,NULL,RT 133,NULL,,NULL,50,,40.26893,74.50133,No,NONE,27,491479.85,522884.64,,DVRPC,0,Moderate Injury,5242399
4935382,2005110105-14116,05-14116,2005,MERCER,East Windsor Township,10/16/2005 0:00,Sunday,October,12/31/1899 15:29,1,EAST WINDSOR POLICE,TRAFFIC,0,0,2,0,0,Injury,At Intersection,No,No,Pedalcyclist,1,US 130,NULL,130,,130,69.79,State Highway,Straight and Level,Blacktop,Dry,Daylight,Clear,None,None,,At,NULL,OLD CRANBURY ROAD,NULL,,NULL,45,,40.28645,74.52546,No,,63,485023.96685,529262.682001,,DVRPC,0,Moderate Injury,5248053
4936490,20051102T2005-1217,T2005-1217,2005,MERCER,Ewing Township,12/12/2005 0:00,Monday,December,12/31/1899 18:00,1,EWING,P-1,0,0,1,0,1,Injury,At Intersection,No,No,Pedalcyclist,1,ROUTE 579,NULL,579,,579,1.41,County,Straight and Grade,Concrete,Icy,Dark (Street Lights On/ continuous),Clear,Curbed Median,None,,At,NULL,SILVIA STREET,NULL,,NULL,40,,40.25488,74.81549,No,NONE,146,404070.771346,517942.335155,,DVRPC,1,Pain,5307872
4937275,20051102T2005-889,T2005-889,2005,MERCER,Ewing Township,9/16/2005 0:00,Friday,September,12/31/1899 23:28,1,EWING,P4,0,0,1,0,0,Injury,Not At Intersection,No,No,Pedalcyclist,1,MERCER COUNTY 622,NULL,622,,11000622,5.57,County,Straight and Grade,Blacktop,Dry,Dark (Street Lights On/ continuous),Clear,Curbed Median,None,40,Foot,East,RT 31,NULL,,NULL,40,,40.24989,74.77579,No,NONE,166,415108.065003,516069.620197,,DVRPC,0,Moderate Injury,5220765
4937137,20051102T2005-740,T2005-740,2005,MERCER,Ewing Township,7/29/2005 0:00,Friday,July,12/31/1899 13:09,1,EWING TWP,TRAFFIC,0,1,1,0,0,Injury,Not At Intersection,No,No,Pedalcyclist,1,ALBEMARLE AVE,NULL,,,,,Municipal,Straight and Level,Blacktop,Dry,Daylight,Clear,None,None,300,Foot,East,GREENVILLE AVENUE,NULL,,NULL,25,,0,0,No,,139,,,,DVRPC,0,Incapacitating Injury,5174250
4938943,2005110305-40874,05-40874,2005,MERCER,Hamilton Twp (Mercer Co),9/20/2005 0:00,Tuesday,September,12/31/1899 6:58,1,HAMILTON,,0,0,1,0,0,Injury,At Intersection,No,No,Pedalcyclist,1,ROUTE 535,NULL,535,,535,0.44,County,Straight and Level,Blacktop,Dry,Daylight,Clear,None,None,,At,NULL,CR 614,NULL,,NULL,25,,40.23289,74.73105,No,NONE,330,427617.793054,509831.968561,,DVRPC,0,Pain,5214263
4938194,2005110305-25779,05-25779,2005,MERCER,Hamilton Twp (Mercer Co),6/16/2005 0:00,Thursday,June,12/31/1899 11:45,1,HAMILTON TWSP,,0,0,1,0,0,Injury,Not At Intersection,No,No,Pedalcyclist,1,KLOCKNER RD,NULL,,,11031976,2.82,Municipal,Straight and Grade,Blacktop,Dry,Daylight,Clear,None,None,250,Foot,East,LAMONT AVENUE,NULL,,NULL,40,,40.22587,74.68982,No,,364,439177.671146,507223.849177,,DVRPC,0,Pain,5136333
4938206,2005110305-25973,05-25973,2005,MERCER,Hamilton Twp (Mercer Co),6/17/2005 0:00,Friday,June,12/31/1899 16:46,1,HAMILTON TWP,,0,0,1,0,0,Injury,At Intersection,No,No,Pedalcyclist,1,ROUTE 533,NULL,533,,533,2.7,County,Straight at Hillcrest,Blacktop,Dry,Daylight,Clear,None,None,10,At,North,KLOCKNER ROAD,NULL,,NULL,45,,40.22494,74.68709,No,,351,439885.226951,506903.84795,,DVRPC,0,Pain,5136351
4937550,2005110305-13082,05-13082,2005,MERCER,Hamilton Twp (Mercer Co),3/30/2005 0:00,Wednesday,March,12/31/1899 16:07,1,HAMILTON TWSP,,0,0,1,0,0,Injury,At Intersection,No,No,Pedalcyclist,1,NJ 33,NULL,33,,33,1.8,State Highway,Straight and Level,Blacktop,Dry,Daylight,Clear,None,None,,At,NULL,,NULL,,NULL,30,,40.22835,74.72808,No,,364,428425.377682,508167.391672,,DVRPC,0,Moderate Injury,5066105
4937931,2005110305-20730,05-20730,2005,MERCER,Hamilton Twp (Mercer Co),5/17/2005 0:00,Tuesday,May,12/31/1899 22:28,1,HAMILTON,,0,0,1,0,0,Injury,At Intersection,No,No,Pedalcyclist,1,PAXSON AVE,NULL,,,,,Municipal,Straight and Level,Blacktop,Dry,Dark (Street Lights On/ continuous),Clear,None,None,,At,NULL,NJ 33,NULL,,NULL,25,,0,0,No,,402,,,,DVRPC,0,Moderate Injury,5104735
4938243,2005110305-26822,05-26822,2005,MERCER,Hamilton Twp (Mercer Co),6/23/2005 0:00,Thursday,June,12/31/1899 10:57,1,HAMILTON,,0,0,1,0,0,Injury,Not At Intersection,No,No,Pedalcyclist,1,US 206,NULL,206,,206,40.19,Municipal,Straight and Level,Blacktop,Dry,Daylight,Clear,Other,None,280,Foot,South,BUCHANAN AVENUE,NULL,,NULL,35,,40.19743,74.72704,No,,330,428876.605754,496820.090719,,DVRPC,0,Pain,5162295
4938338,2005110305-28296,05-28296,2005,MERCER,Hamilton Twp (Mercer Co),7/2/2005 0:00,Saturday,July,12/31/1899 16:25,1,HAMILTON,,0,0,1,0,0,Injury,At Intersection,No,No,Pedalcyclist,1,LAFAYETTE AVE,NULL,,,11031992,0.43,Municipal,Straight and Level,Blacktop,Dry,Daylight,Clear,None,None,,At,NULL,SEWELL AVENUE,NULL,,NULL,25,,40.19852,74.73215,No,,363,427279.034967,497313.480018,,DVRPC,0,Pain,5159133
4938476,2005110305-31129,05-31129,2005,MERCER,Hamilton Twp (Mercer Co),7/20/2005 0:00,Wednesday,July,12/31/1899 15:04,1,HAMILTON TWP.,,0,0,1,0,0,Injury,At Intersection,No,No,Pedalcyclist,1,ROUTE 533,NULL,533,,533,0.42,County,Straight and Level,Blacktop,Dry,Daylight,Clear,None,Utility Zone,5,At,North,CR 620,NULL,,NULL,35,,40.19411,74.70167,No,,322,435776.97,495657.68,,DVRPC,0,Pain,5161171
4939215,2005110305-46245,05-46245,2005,MERCER,Hamilton Twp (Mercer Co),10/23/2005 0:00,Sunday,October,12/31/1899 17:10,1,HAMILTON,,0,0,1,0,0,Injury,At Intersection,No,No,Pedalcyclist,1,MERCER COUNTY 622,NULL,622,,11000622,1.31,County,Straight and Level,Blacktop,Dry,Daylight,Clear,None,None,,At,NULL,RYAN AVENUE,NULL,,NULL,25,,40.20979,74.71918,No,,401,430839.600271,501447.009864,,DVRPC,0,Pain,5251613
4938394,2005110305-29592,05-29592,2005,MERCER,Hamilton Twp (Mercer Co),7/10/2005 0:00,Sunday,July,12/31/1899 11:48,1,HAMILTON,,0,0,1,0,0,Injury,At Intersection,No,No,Pedalcyclist,1,ANNABELLE AVENUE,NULL,,,,,Municipal,Straight and Level,Blacktop,Dry,Daylight,Clear,None,None,,At,NULL,BOW HILL AVENUE,NULL,,NULL,25,,0,0,No,NONE,219,,,,DVRPC,0,Moderate Injury,5150863
4938556,2005110305-32966,05-32966,2005,MERCER,Hamilton Twp (Mercer Co),7/31/2005 0:00,Sunday,July,12/31/1899 22:46,1,HAMILTON TWP.,,0,0,1,0,0,Injury,At Intersection,No,No,Pedalcyclist,1,ROUTE 533,NULL,533,,533,4.39,County,Straight and Level,Blacktop,Dry,Dark (Street Lights On/ continuous),Clear,None,None,,At,NULL,SLOAN AVENUE,NULL,,NULL,45,,40.24891,74.68511,No,NONE NOTED,391,440442.28,515613,,DVRPC,0,Moderate Injury,5171097
4939317,2005110305-48000,05-48000,2005,MERCER,Hamilton Twp (Mercer Co),11/3/2005 0:00,Thursday,November,12/31/1899 16:10,1,HAMILTON,,0,0,1,0,0,Injury,Not At Intersection,No,No,Pedalcyclist,1,PARKINSON AVE,NULL,,,,,Municipal,Straight and Grade,Blacktop,Dry,Daylight,Clear,None,None,5,Foot,South,MARY STREET,NULL,,NULL,25,,0,0,No,NONE,381,,,,DVRPC,0,Pain,5263320
4938851,2005110305-38827,05-38827,2005,MERCER,Hamilton Twp (Mercer Co),9/7/2005 0:00,Wednesday,September,12/31/1899 15:42,1,HAMILTON TWP.,,0,0,1,0,0,Injury,Not At Intersection,No,No,Pedalcyclist,1,MERCER COUNTY 606,NULL,606,,11000606,2.54,County,Straight and Level,Blacktop,Dry,Daylight,Clear,None,None,150,Foot,East,POPE AVENUE,NULL,,NULL,35,,40.22598,74.71404,No,,364,432362.339163,507305.525227,,DVRPC,0,Pain,5205130
4939725,2005110305-55483,05-55483,2005,MERCER,Hamilton Twp (Mercer Co),12/24/2005 0:00,Saturday,December,12/31/1899 11:23,1,HAMILTON TWP.,,0,0,1,0,0,Injury,Not At Intersection,No,No,Pedalcyclist,1,HAMILTON SQUARE-WHITEHORSE RD,NULL,,,11031988,0.76,Municipal,Straight and Level,Blacktop,Dry,Daylight,Clear,None,None,50,Foot,South,BOW RD,NULL,,NULL,40,,40.22151,74.67102,No,,322,444370.475362,505649.534707,,DVRPC,0,Pain,5310251
4938059,2005110305-23098,05-23098,2005,MERCER,Hamilton Twp (Mercer Co),5/31/2005 0:00,Tuesday,May,12/31/1899 18:14,1,HAMILTON,,0,0,1,0,0,Injury,At Intersection,No,No,Pedalcyclist,1,ROUTE 535,NULL,535,,535,3.34,County,Straight and Level,Blacktop,Dry,Daylight,Clear,None,None,,At,NULL,REGINA AVENUE,NULL,,NULL,40,,40.23598,74.68986,No,,363,439120.64539,510932.811439,,DVRPC,0,Moderate Injury,5120059
4939056,2005110305-43499,05-43499,2005,MERCER,Hamilton Twp (Mercer Co),10/5/2005 0:00,Wednesday,October,12/31/1899 6:29,1,HAMILTON TWP.,,0,0,1,0,0,Injury,At Intersection,No,No,Pedalcyclist,1,HAMILTON SQUARE-WHITEHORSE RD,NULL,,,11031988,1.39,Municipal,Straight and Level,Blacktop,Dry,Dark (Street Lights On/ continuous),Fog/Smog/Smoke,None,None,,At,NULL,SILVER COURT,NULL,,NULL,35,,40.21407,74.67796,No,NONE,366,442426.988619,502944.184107,,DVRPC,0,Moderate Injury,5232396
4937438,2005110305-10336,05-10336,2005,MERCER,Hamilton Twp (Mercer Co),3/12/2005 0:00,Saturday,March,12/31/1899 15:46,1,HAMILTON,,0,0,1,0,0,Injury,At Intersection,No,No,Pedalcyclist,1,NEW CEDAR LANE,NULL,,,11031993,,Municipal,Straight and Level,Blacktop,Dry,Daylight,Clear,None,None,,At,NULL,S. BROAD ST,NULL,,NULL,40,,0,0,No,NONE,381,,,,DVRPC,0,Moderate Injury,5275129
4937827,2005110305-18752,05-18752,2005,MERCER,Hamilton Twp (Mercer Co),5/4/2005 0:00,Wednesday,May,12/31/1899 16:51,1,HAMILTON,,0,0,1,0,0,Injury,At Intersection,No,No,Pedalcyclist,1,LIBERTY ST,NULL,,,,,Municipal,Straight and Level,Blacktop,Dry,Daylight,Clear,None,None,10,At,North,CHAMBERS ST.,NULL,,NULL,25,,0,0,No,NONE,375,,,,DVRPC,0,Pain,5096953
4939006,2005110305-42397,05-42397,2005,MERCER,Hamilton Twp (Mercer Co),9/28/2005 0:00,Wednesday,September,12/31/1899 16:48,1,HAMILTON TWP.,,0,0,1,0,0,Injury,Not At Intersection,No,No,Pedalcyclist,1,GREENBRIAR RD,NULL,,,,,Municipal,Straight and Level,Blacktop,Dry,Daylight,Clear,None,Utility Zone,10,Foot,North,CR 618,NULL,,NULL,25,,0,0,No,,364,,,,DVRPC,0,Moderate Injury,5232375
4939436,2005110305-50456,05-50456,2005,MERCER,Hamilton Twp (Mercer Co),11/19/2005 0:00,Saturday,November,12/31/1899 8:58,1,HAMILTON,HAMILTON,0,0,1,0,0,Injury,Not At Intersection,No,No,Pedalcyclist,1,1601 GREENWOOD AVE,NULL,,,,,Private Property,Straight and Level,Concrete,Dry,Daylight,Clear,None,None,,NULL,NULL,,NULL,,NULL,,,0,0,No,NONE,399,,,,DVRPC,0,Moderate Injury,5272456
4938614,2005110305-33996,05-33996,2005,MERCER,Hamilton Twp (Mercer Co),8/7/2005 0:00,Sunday,August,12/31/1899 17:47,1,HAMILTON,PATROL,0,0,1,0,0,Injury,At Intersection,No,No,Pedalcyclist,1,ERMAN CT,NULL,,,,,Municipal,Straight and Level,Blacktop,Dry,Daylight,Clear,None,None,,At,NULL,MASSACHUSETTS AVENUE,NULL,,NULL,25,,0,0,No,,407,,,,DVRPC,0,Pain,5193560
4937910,2005110305-20252,05-20252,2005,MERCER,Hamilton Twp (Mercer Co),5/14/2005 0:00,Saturday,May,12/31/1899 15:47,1,HAMILTON,,0,0,2,0,0,Injury,At Intersection,No,No,Pedalcyclist,1,PARK LANE,NULL,,,,,Municipal,Straight and Level,Blacktop,Dry,Daylight,Clear,None,None,5,At,West,WALNUT AVE,NULL,,NULL,25,,0,0,No,NONE,381,,,,DVRPC,0,Moderate Injury,5104723
4938558,2005110305-33042,05-33042,2005,MERCER,Hamilton Twp (Mercer Co),8/1/2005 0:00,Monday,August,12/31/1899 12:53,1,HAMILTON,,0,0,1,0,0,Injury,At Intersection,No,No,Pedalcyclist,1,MERCER COUNTY 618,NULL,618,,11000618,1.48,County,Straight and Level,Blacktop,Dry,Daylight,Clear,None,None,,At,NULL,YARDVILLE-HAMILTON SQ ROAD,NULL,,NULL,30,,40.23005,74.66134,No,,325,447073.054257,508755.625795,,DVRPC,0,Moderate Injury,5174230
4940697,2.00511042005058E+016,200505857,2005,MERCER,Hightstown Borough,6/17/2005 0:00,Friday,June,12/31/1899 11:20,1,HIGHTSTOWN,BOROUGH,0,0,1,0,0,Injury,Not At Intersection,No,No,Pedalcyclist,1,NJ 33,NULL,33,,33,14.29,State Highway,Straight and Grade,Blacktop,Dry,Daylight,Clear,None,None,57,Foot,East,CR 539,NULL,,NULL,25,,40.26966,74.52307,No,NONE,111,485837.24,523404.28,,DVRPC,0,Pain,5218786
4940715,2.00511042005072E+016,200507269,2005,MERCER,Hightstown Borough,7/27/2005 0:00,Wednesday,July,12/31/1899 17:22,1,HIGHTSTOWN,PATROL,0,0,1,0,0,Injury,At Intersection,No,No,Pedalcyclist,1,ROUTE 571,NULL,571,,571,34.09,County,Straight and Level,Blacktop,Dry,Daylight,Clear,None,None,,At,West,CR 539,NULL,,NULL,25,,40.2637,74.52554,No,NONE,111,484997.94,520974.65,,DVRPC,0,Moderate Injury,5218802
4941329,20051106HT2005-018384,HT2005-018384,2005,MERCER,Hopewell Twp (Mercer Co),10/29/2005 0:00,Saturday,October,12/31/1899 12:33,1,HOPEWELL,53,0,0,1,0,0,Injury,Not At Intersection,No,No,Pedalcyclist,1,NJ 29,NULL,29,,29,12.4,State Highway,Straight and Level,Blacktop,Dry,Daylight,Clear,None,None,528,Foot,South,GRANT STREET,NULL,,NULL,45,,40.30225,74.87125,No,,42,388534.959779,535312.309701,,DVRPC,0,Moderate Injury,5251402
4941099,20051106HT2005-009752,HT2005-009752,2005,MERCER,Hopewell Twp (Mercer Co),6/2/2005 0:00,Thursday,June,12/31/1899 18:57,1,HOPEWELL,51NO,0,1,1,0,0,Injury,At Intersection,No,No,Pedalcyclist,1,ROUTE 546,NULL,546,,546,5.26,County,Straight and Level,Blacktop,Dry,Daylight,Clear,None,None,,At,NULL,CR 632,NULL,,NULL,40,,40.30952,74.77649,No,NONE,37,415020.15,537782.44,,DVRPC,0,Incapacitating Injury,5117002
4942081,2005110705039450,5039451,2005,MERCER,Lawrence Twp (Mercer Co),9/4/2005 0:00,Sunday,September,12/31/1899 17:42,1,LAWRENCE,5039451,0,0,1,0,0,Injury,At Intersection,No,No,Pedalcyclist,1,MAPLETREE AVE,NULL,,,,,Private Property,Straight and Level,Blacktop,Dry,Daylight,Clear,None,None,,At,NULL,AVALON WAY,NULL,,NULL,25,,0,0,No,,185,,,,DVRPC,0,Moderate Injury,5209616
4941881,2005110705028810,5028818,2005,MERCER,Lawrence Twp (Mercer Co),6/28/2005 0:00,Tuesday,June,12/31/1899 17:22,1,LAWRENCE TWP,05-028818,0,0,1,0,0,Injury,Not At Intersection,No,No,Pedalcyclist,1,2999 PRINCETON PK,NULL,,,,,Private Property,Straight and Level,Blacktop,Dry,Daylight,Clear,Grass Median,None,,NULL,NULL,,NULL,,NULL,,,0,0,No,NONE,156,,,,DVRPC,0,Moderate Injury,5177799
4941549,2005110705-027805,05-027805,2005,MERCER,Lawrence Twp (Mercer Co),6/21/2005 0:00,Tuesday,June,12/31/1899 21:47,1,LAWRENCE TWP,05-027805,0,0,1,0,0,Injury,Not At Intersection,No,No,Pedalcyclist,1,US 206,NULL,206,,206,49,State Highway,Straight and Level,Blacktop,Dry,Dark (Street Lights On/ continuous),Clear,None,None,,NULL,NULL,,NULL,,NULL,45,,40.29991,74.72755,No,NONE,203,428285.622041,533724.819592,,DVRPC,0,Moderate Injury,5136279
4943004,20051107OIT-05136297,OIT-05136297,2005,MERCER,Lawrence Twp (Mercer Co),6/5/2005 0:00,Sunday,June,12/31/1899 16:24,1,LAWRENCE TWP,05-025472,0,0,1,0,0,Injury,Not At Intersection,Yes,No,Pedalcyclist,1,US 206,NULL,206,,206,48.75,State Highway,Straight and Level,Blacktop,Dry,Daylight,Clear,None,None,200,Foot,South,CRAVEN LANE,NULL,,NULL,30,,40.29693,74.73031,No,NONE,156,427539.547778,532636.509444,,DVRPC,0,Moderate Injury,5136297
4943200,2005110905-14297,05-14297,2005,MERCER,Princeton Borough,9/27/2005 0:00,Tuesday,September,12/31/1899 7:46,1,PRINCETON BORO,,0,0,1,0,0,Injury,At Intersection,No,No,Pedalcyclist,1,LINDEN LN,NULL,,,,,Municipal,Straight and Level,Blacktop,Dry,Daylight,Clear,NULL,None,,At,South,FRANKLIN AVENUE,NULL,,NULL,25,,0,0,No,NONE,134,,,,DVRPC,0,Pain,5221004
4943259,2005110905-16930,05-16930,2005,MERCER,Princeton Borough,11/15/2005 0:00,Tuesday,November,12/31/1899 15:41,1,PRINCETON BORO,,0,0,1,0,0,Injury,At Intersection,No,No,Pedalcyclist,1,S HARRISON ST,NULL,,,11091239,0.58,Municipal,Straight and Grade,Blacktop,Wet,Daylight,Rain,None,None,,At,NULL,HORNER LANE,NULL,,NULL,25,,40.3578,74.64852,No,NONE,138,450737.196712,555285.11659,,DVRPC,0,Moderate Injury,5272615
4943449,200511092005-008143,2005-008143,2005,MERCER,Princeton Borough,6/3/2005 0:00,Friday,June,12/31/1899 7:56,1,PRINCETON BORO,,0,0,1,0,0,Injury,At Intersection,No,No,Pedalcyclist,1,PROSPECT AVE,NULL,,,11091240,0.5,Municipal,Straight and Level,Blacktop,Wet,Daylight,Rain,None,None,,At,NULL,PRINCETON AVENUE,NULL,,NULL,25,,40.35023,74.64611,No,NONE,138,451403.69375,552524.6225,,DVRPC,0,Moderate Injury,5125041
4943372,2005110905-5773,May-73,2005,MERCER,Princeton Borough,4/20/2005 0:00,Wednesday,April,12/31/1899 11:04,1,PRINCETON BORO,,0,0,1,0,0,Injury,At Intersection,No,No,Pedalcyclist,1,NJ 27,NULL,27,,27,0.26,State Highway,Straight and Level,Blacktop,Dry,Daylight,Clear,None,None,,At,West,,NULL,,NULL,25,,40.34961,74.65989,No,NONE,88,447620.777811,552329.210454,,DVRPC,0,Pain,5092170
4943219,2005110905-15168,05-15168,2005,MERCER,Princeton Borough,10/14/2005 0:00,Friday,October,12/31/1899 5:53,1,PRINCETON BORO,,0,0,1,0,0,Injury,Not At Intersection,No,No,Pedalcyclist,1,NJ 27,NULL,27,,27,0.26,State Highway,Straight and Level,Blacktop,Wet,Dark (Street Lights On/ continuous),Clear,None,None,40,Foot,East,WITHERSPOON STREET,NULL,,NULL,25,,40.34965,74.65977,No,,114,447620.777811,552329.210454,,DVRPC,0,Moderate Injury,5241379
4943595,2005111005-13363,05-13363,2005,MERCER,Princeton Township,10/3/2005 0:00,Monday,October,12/31/1899 8:31,1,PRINCETON TWP,,0,0,1,0,0,Injury,At Intersection,No,No,Pedalcyclist,1,ROUTE 571,NULL,571,,571,43.31,County,Straight and Grade,Blacktop,Dry,Daylight,Clear,None,None,,At,NULL,FACULTY ROAD,NULL,,NULL,40,,40.34094,74.64962,No,,25,450362.87,549224.41,,DVRPC,0,Pain,5227893
4943820,2005111005-4513,May-13,2005,MERCER,Princeton Township,4/5/2005 0:00,Tuesday,April,12/31/1899 10:15,1,PRINCETON TWP,,0,0,1,0,0,Injury,Not At Intersection,No,No,Pedalcyclist,1,ALEXANDER RD,NULL,,,,,Municipal,Straight and Level,Blacktop,Dry,Daylight,Clear,None,None,350,Foot,West,FACULTY RD,NULL,,NULL,35,,0,0,No,,103,,,,DVRPC,0,Pain,5077602
4943592,2005111005-13304,05-13304,2005,MERCER,Princeton Township,10/1/2005 0:00,Saturday,October,12/31/1899 22:27,1,PRINCETON TWP.,,0,0,1,0,0,Injury,At Intersection,No,No,Pedalcyclist,1,WITHERSPOON ST,NULL,,,11091241,0.51,Municipal,Straight and Grade,Blacktop,Dry,Dark (Street Lights On/ continuous),Clear,None,None,,At,NULL,LEIGH AVENUE,NULL,,NULL,25,,40.35669,74.6628,No,,181,446757.88,554882.69,,DVRPC,0,Moderate Injury,5231963
4943934,2005111005-9310,May-10,2005,MERCER,Princeton Township,7/13/2005 0:00,Wednesday,July,12/31/1899 18:08,1,PRINCETON TWP.,,0,0,1,0,0,Injury,At Intersection,No,No,Pedalcyclist,1,MOUNT LUCAS RD,NULL,,,,,Municipal,Curve and Grade,Blacktop,Dry,Daylight,Clear,None,None,20,At,West,HERRONTOWN ROAD,NULL,,NULL,35,,0,0,No,NONE,181,,,,DVRPC,0,Moderate Injury,5161272
4943632,2005111005-14979,05-14979,2005,MERCER,Princeton Township,10/31/2005 0:00,Monday,October,12/31/1899 8:21,1,PRINCETON TOWNSHIP,,0,0,1,0,0,Injury,Not At Intersection,No,No,Pedalcyclist,1,HARRISON ST,NULL,,,,,Municipal,Straight and Level,Blacktop,Dry,Daylight,Clear,None,None,100,Foot,North,TERHUNE ROAD,NULL,,NULL,35,,0,0,No,DALE S.KITCHEN 17 MULBERRY ROW PRINCETON NJ 08540,241,,,,DVRPC,0,Pain,5253943
4945474,20051111132-05058337,132-05058337,2005,MERCER,Trenton City,5/12/2005 0:00,Thursday,May,12/31/1899 19:18,1,TRENTON,PATROL,0,0,1,0,0,Injury,At Intersection,No,No,Pedalcyclist,1,S CLINTON AVE,NULL,,,11031969,3.41,Municipal,Straight and Grade,Blacktop,Dry,Daylight,Clear,Grass Median,None,30,At,North,RT 33,NULL,,NULL,25,,40.21694,74.75465,No,BICYCLE DAMAGED,***,421013.9335,504042.620451,,DVRPC,0,Moderate Injury,5099192
4947367,2.00511113090515E+018,30905151421,2005,MERCER,Trenton City,11/5/2005 0:00,Saturday,November,12/31/1899 17:28,1,TRENTON,PATROL,0,0,1,0,0,Injury,At Intersection,No,No,Pedalcyclist,1,NJ 33,NULL,33,,33,0.48,County,Straight and Level,Blacktop,Dry,Dusk,Clear,None,None,,At,NULL,CHESTNUT AVENUE,NULL,,NULL,25,,40.2183,74.74933,No,,***,422479.047446,504521.538723,,DVRPC,0,Moderate Injury,5260907
4947373,20051111310-05151946,310-05151946,2005,MERCER,Trenton City,11/6/2005 0:00,Sunday,November,12/31/1899 16:08,1,TRENTON,PATROL,0,0,2,0,0,Injury,At Intersection,No,No,Pedalcyclist,1,MERCER COUNTY 653,NULL,653,,11000653,0.31,County,Straight and Level,Blacktop,Dry,Daylight,Clear,None,None,,At,NULL,BELLEVUE AVENUE,NULL,,NULL,35,,40.22607,74.77142,No,NONE,109,416341.074293,507379.621439,,DVRPC,0,Moderate Injury,5260909
4946076,20051111186-05084556,186-05084556,2005,MERCER,Trenton City,7/5/2005 0:00,Tuesday,July,12/31/1899 12:58,1,TRENTON,PATROL,0,0,1,0,0,Injury,Not At Intersection,No,No,Pedalcyclist,1,CROSS ST,NULL,,,,,Municipal,Straight and Level,Blacktop,Dry,Daylight,Clear,None,None,100,Foot,East,CARROLL STREET,NULL,,NULL,25,,0,0,No,,***,,,,DVRPC,0,Pain,5150025
4946162,20051111194-05088509,194-05088509,2005,MERCER,Trenton City,7/13/2005 0:00,Wednesday,July,12/31/1899 14:10,1,TRENTON,PATROL,0,0,1,0,0,Injury,At Intersection,No,No,Pedalcyclist,1,NJ 33,NULL,33,,33,0.18,County,Curve and Grade,Blacktop,Dry,Daylight,Clear,None,None,,At,NULL,SOUTH CLINTON AVENUE,NULL,,NULL,25,,40.21684,74.75464,No,,381,420999.23,504007.72,,DVRPC,0,Pain,5172951