ID,DOT_WEB_ID,CASE_NUMBER,CRASH_YEAR,COUNTY,MUNICIPALITY,CRASH_DATE,CRASH_DAY_OF_WEEK,CRASH_MONTH,CRASH_TIME,POLICE_DEPT_CODE,POLICE_DEPARTMENT,POLICE_STATION,TOTAL_KILLED,TOTAL_INCAPACITATED,TOTAL_INJURED,PEDESTRIANS_KILLED,PEDESTRIANS_INJURED,SEVERITY,INTERSECTION,ALCOHOL_INVOLVED,HAZMAT_INVOLVED,CRASH_TYPE,TOTAL_VEHICLES_INVOLVED,CRASH_LOCATION,LOCATION_DIRECTION,ROUTE,ROUTE_SUFFIX,SRI,MILEPOST,ROAD_SYSTEM,ROAD_CHARACTER,ROAD_SURFACE_TYPE,SURFACE_CONDITION,LIGHT_CONDITION,ENVIRONMENTAL_CONDITION,ROAD_DIVIDED_BY,TEMP_TRAFFIC_CONTROL_ZONE,DISTANCE_TO_CROSS_STREET,UNIT_OF_MEASUREMENT,DIRECTION_FROM_CROSS_STREET,CROSS_STREET_NAME,IS_RAMP,RAMP_TO_FROM_ROUTE_NAME,RAMP_TO_FROM_ROUTE_DIRECTION,POSTED_SPEED,POSTED_SPEED_CROSS_STREET,LATITUDE,LONGITUDE,CELL_PHONE_IN_USE,OTHER_PROPERTY_DAMAGE,REPORTING_BADGE_NO,X,Y,CRASH_NARRATIVE,MPO,TOTAL_PEDESTRIANS_INVOLVED,EPDO,DLN
4946709,2.00511112460511E+018,24605118046,2005,MERCER,Trenton City,9/3/2005 0:00,Saturday,September,12/31/1899 21:32,1,TRENTON,PATROL,0,0,1,0,0,Injury,At Intersection,No,No,Pedalcyclist,1,NJ 129,NULL,129,,129,2.14,State Highway,Straight and Level,Blacktop,Dry,Dark (Street Lights On/ continuous),Clear,Barrier Median,None,,At,NULL,CR 606,NULL,,NULL,50,,40.21425,74.75653,No,(1) RED MONGOL BICYCLE TIRE REAR DAMAGE.,541,420501.763748,502966.212691,,DVRPC,0,Pain,5204880
4944857,20051111073-05032135,073-05032135,2005,MERCER,Trenton City,3/14/2005 0:00,Monday,March,12/31/1899 17:00,,TRENTON,PATROL,0,0,1,0,0,Injury,At Intersection,No,No,Pedalcyclist,1,PROSPECT ST,NULL,,,11111562,0.04,Municipal,Straight and Grade,Blacktop,Dry,Daylight,Clear,None,None,5,At,West,SPRING STREET,NULL,,NULL,25,,40.22649,74.77813,No,,***,414468.124442,507539.712219,,DVRPC,0,Moderate Injury,5053695
4945558,2.00511111380507E+018,13805070411,2005,MERCER,Trenton City,6/7/2005 0:00,Tuesday,June,12/31/1899 9:44,**,TRENTON,PATROL,0,0,1,0,0,Injury,At Intersection,No,No,Pedalcyclist,1,US 206,NULL,206,,206,41.57,Municipal,Straight and Level,Blacktop,Dry,Daylight,Clear,NULL,NULL,,At,NULL,CASS STREET,NULL,,NULL,25,,40.20706,74.75019,No,,352,422481.566458,500311.274199,,DVRPC,0,Moderate Injury,5120882
4945505,20051111135-05059701,135-05059701,2005,MERCER,Trenton City,5/15/2005 0:00,Sunday,May,12/31/1899 21:52,1,TRENTON,PATROL,0,0,1,0,0,Injury,At Intersection,No,No,Pedalcyclist,1,MONMOUTH ST,NULL,,,11111544,0.43,Municipal,Straight and Grade,Blacktop,Dry,Dark (Street Lights On/ continuous),Clear,None,None,,At,NULL,WALNUT AVENUE,NULL,,NULL,25,,40.22071,74.74896,No,,593,422607.04,505410.28,,DVRPC,0,Pain,5099156
4945839,20051111162-05072599,162-05072599,2005,MERCER,Trenton City,6/11/2005 0:00,Saturday,June,,1,TRENTON,PATROL,0,0,1,0,0,Injury,At Intersection,No,No,Pedalcyclist,1,HEWITT ST,NULL,,,,,Municipal,Straight and Level,Blacktop,Dry,Daylight,Clear,None,None,5,At,North,ANDERSON STREET,NULL,,NULL,25,,0,0,No,,381,,,,DVRPC,0,Pain,5125487
4945956,20051111174-05078384,174-05078384,2005,MERCER,Trenton City,6/23/2005 0:00,Thursday,June,12/31/1899 23:30,1,TRENTON,TRENTON,0,0,1,0,0,Injury,At Intersection,No,No,Pedalcyclist,1,EDGEWOOD AVE,NULL,,,,,Municipal,Straight and Level,Blacktop,Dry,Dark (Street Lights On/ continuous),Clear,None,None,,At,NULL,HERMITAGE AVENUE,NULL,,NULL,25,,0,0,No,,619,,,,DVRPC,0,Pain,5133668
4947924,20051111363-05180971,363-05180971,2005,MERCER,Trenton City,12/29/2005 0:00,Thursday,December,12/31/1899 13:20,1,TRENTON,METRO,0,0,1,0,0,Injury,Not At Intersection,No,No,Pedalcyclist,1,MARKET STREET,NULL,,,11111526,0.42,Municipal,Straight and Level,Blacktop,Wet,Daylight,Rain,None,None,200,Foot,North,RT 206,NULL,,NULL,25,,40.21585,74.76169,No,,572,419001.825591,503637.963862,,DVRPC,0,Moderate Injury,5314991
4945902,20051111168-05075629,168-05075629,2005,MERCER,Trenton City,6/17/2005 0:00,Friday,June,12/31/1899 14:45,1,CITY OF TRENTON,PATROL,0,0,1,0,0,Injury,At Intersection,No,No,Pedalcyclist,1,QUINTIN AVE,NULL,,,11111539,0,Municipal,Straight and Level,Blacktop,Dry,Daylight,Clear,None,None,5,At,South,RT 33,NULL,,NULL,25,,40.22175,74.74151,No,,***,424678.5575,505778.019375,,DVRPC,0,Moderate Injury,5131328
4946212,2.00511111980509E+018,19805090601,2005,MERCER,Trenton City,7/17/2005 0:00,Sunday,July,12/31/1899 11:46,1,TRENTON,225 N. CLINTON?,0,0,1,0,0,Injury,Not At Intersection,No,No,Pedalcyclist,1,BELMONT CIR,NULL,,,,,Municipal,Curve and Grade,Blacktop,Dry,Daylight,Clear,None,None,,NULL,NULL,,NULL,,NULL,25,,0,0,No,NONE,243,,,,DVRPC,0,Moderate Injury,5181244
4946340,2.00511112090509E+018,20905096602,2005,MERCER,Trenton City,7/28/2005 0:00,Thursday,July,12/31/1899 14:19,1,TRENTON,PATROL,0,0,1,0,0,Injury,At Intersection,No,No,Pedalcyclist,1,US 206 SOUTHBOUND,NULL,206,S,00000206S,43.53,County,Straight and Grade,Blacktop,Dry,Daylight,Clear,None,None,25,At,South,FOUNTAIN AVE,NULL,,NULL,25,,0,0,No,,***,,,,DVRPC,0,Moderate Injury,5165712
4947196,20051111297-05144651,297-05144651,2005,MERCER,Trenton City,10/24/2005 0:00,Monday,October,12/31/1899 12:23,1,TRENTON,PATROL,0,0,1,0,0,Injury,At Intersection,No,No,Pedalcyclist,1,NJ 31,NULL,31,,31,0.73,County,Straight and Level,Blacktop,Dry,Daylight,Clear,NULL,None,,At,NULL,PROSPECT STREET,NULL,,NULL,,,40.23475,74.77132,No,,***,416291.680498,510666.142921,,DVRPC,0,Pain,5243676
4945724,20051111153-05068207,153-05068207,2005,MERCER,Trenton City,6/2/2005 0:00,Thursday,June,12/31/1899 18:13,1,TRENTON,PATROL,0,0,1,0,0,Injury,Not At Intersection,No,No,Pedalcyclist,1,CLEVELAND AVE,NULL,,,,,Municipal,Straight and Level,Blacktop,Dry,Daylight,Clear,None,None,300,Foot,NULL,FARRAGUT AVENUE,NULL,,NULL,25,,0,0,No,NONE,***,,,,DVRPC,0,Moderate Injury,5117090
4946024,2.00511111805082E+017,1805082672,2005,MERCER,Trenton City,7/1/2005 0:00,Friday,July,12/31/1899 15:37,1,TRENTON,225 N. CLINTON?,0,0,2,0,0,Injury,At Intersection,No,No,Pedalcyclist,1,SOUTHARD ST,NULL,,,11111558,0.11,Municipal,Straight and Grade,Gravel,Other,Daylight,Clear,None,None,,At,NULL,ESCHER STREET,NULL,,NULL,25,,40.22694,74.75553,No,NONE,243,420783.11,507674.89,,DVRPC,0,Moderate Injury,5146725
4946191,20051111197-05090124,197-05090124,2005,MERCER,Trenton City,7/16/2005 0:00,Saturday,July,12/31/1899 12:59,1,TRENTON,PATROL,0,0,1,0,0,Injury,At Intersection,No,No,Pedalcyclist,1,NJ 129,NULL,129,,129,1.08,State Highway,Straight and Level,Blacktop,Dry,Daylight,Clear,Curbed Median,None,,At,NULL,CR 650,NULL,,NULL,40,,40.19875,74.75295,No,,***,421478.30628,497365.674937,,DVRPC,0,Pain,5181234
4947041,20051111281-05136210,281-05136210,2005,MERCER,Trenton City,10/8/2005 0:00,Saturday,October,12/31/1899 0:34,1,TRENTON,PATROL,0,0,1,0,0,Injury,At Intersection,No,No,Pedalcyclist,1,CENTER ST,NULL,,,11111528,0.03,Municipal,Straight and Grade,Blacktop,Wet,Dark (Street Lights On/ continuous),Rain,NULL,None,,At,NULL,SHEPPARDS STREET,NULL,,NULL,25,,40.21378,74.76052,No,,565,419370.34,502893.66,,DVRPC,0,Pain,5238440
4946007,20051111180-05081302,180-05081302,2005,MERCER,Trenton City,6/29/2005 0:00,Wednesday,June,12/31/1899 1:39,1,TRENTON,PATROL,0,0,1,0,0,Injury,Not At Intersection,No,No,Pedalcyclist,1,MERCER COUNTY 622,NULL,,,11000622,,County,Straight at Hillcrest,Blacktop,Dry,Dark (Street Lights On/ continuous),Clear,None,None,,NULL,NULL,,NULL,,NULL,,,0,0,No,,***,,,,DVRPC,0,Moderate Injury,5138043
4945745,2.00511111540506E+018,15405068698,2005,MERCER,Trenton City,6/3/2005 0:00,Friday,June,12/31/1899 18:49,1,TRENTON NJ,PATROL,0,0,1,0,0,Injury,Not At Intersection,No,No,Pedalcyclist,1,SOUTH COOK AVE,NULL,,,,,Municipal,Straight and Level,Blacktop,Wet,Daylight,Rain,None,None,,NULL,East,BELGRADE ALLEY,NULL,,NULL,25,,0,0,No,,***,,,,DVRPC,0,Moderate Injury,5117068
4946733,20051111249-05119509,249-05119509,2005,MERCER,Trenton City,9/6/2005 0:00,Tuesday,September,12/31/1899 17:14,1,CITY OF TRENTON,C84,0,0,1,0,0,Injury,At Intersection,No,No,Pedalcyclist,1,PERRY ST,NULL,,,11111556,0.32,Municipal,Straight and Level,Blacktop,Dry,Daylight,Clear,None,None,,At,NULL,ALLEN STREET,NULL,,NULL,25,,40.22404,74.75964,No,NONE,***,419627.8,506631.22,,DVRPC,0,Pain,5207765
4945816,20051111160-05071760,160-05071760,2005,MERCER,Trenton City,6/9/2005 0:00,Thursday,June,12/31/1899 20:54,1,TRENTON,PATROL B-56,0,0,1,0,0,Injury,At Intersection,No,No,Pedalcyclist,1,SOUTH COOK AVE,NULL,,,,,Municipal,Straight and Level,Blacktop,Dry,Dark (Street Lights On/ continuous),Clear,None,None,30,At,North,FARRAGUT AVENUE,NULL,,NULL,25,,0,0,No,,162,,,,DVRPC,0,Pain,5123200
4945090,20051111096-05042194,096-05042194,2005,MERCER,Trenton City,4/6/2005 0:00,Wednesday,April,12/31/1899 17:25,1,CITY OF TRENTON,PATROL,0,0,1,0,0,Injury,At Intersection,No,No,Pedalcyclist,1,MERCER COUNTY 635,NULL,635,,11000635,0.19,County,Straight and Level,Blacktop,Dry,Daylight,Clear,None,None,,At,NULL,WALL STREET,NULL,,NULL,25,,40.2215,74.75183,No,,***,421783.769987,505695.295713,,DVRPC,0,Pain,5070173
4947997,20051111C0602005-557A,C0602005-557A,2005,MERCER,Trenton City,6/7/2005 0:00,Tuesday,June,12/31/1899 9:44,2,STATE POLICE,HAMILTON-SUB,0,0,1,0,0,Injury,At Intersection,No,No,Pedalcyclist,1,US 206,NULL,206,,206,41.57,Municipal,Straight and Level,Blacktop,Dry,Daylight,Clear,None,None,,At,NULL,CASS STREET,NULL,,NULL,35,,40.20706,74.75019,No,NONE,462,422481.566458,500311.274199,,DVRPC,0,Moderate Injury,5153795
4946607,20051111236-05113522,236-05113522,2005,MERCER,Trenton City,8/24/2005 0:00,Wednesday,August,12/31/1899 18:24,1,TRENTON,TRENTON POLICE,0,0,1,0,0,Injury,At Intersection,No,No,Pedalcyclist,1,MARKET STREET,NULL,,,11111526,0.52,Municipal,Straight and Grade,Blacktop,Dry,Daylight,Clear,Curbed Median,None,,At,NULL,STOCKTON STREET,NULL,,NULL,25,,40.21685,74.75996,No,NONE,***,419488.399139,503979.463775,,DVRPC,0,Moderate Injury,5210972
4946123,20051111191-05-087070,191-05-087070,2005,MERCER,Trenton City,7/10/2005 0:00,Sunday,July,12/31/1899 12:28,1,TRENTON NJ,PATROL 1ST PLA?,0,0,1,0,0,Injury,At Intersection,No,No,Pedalcyclist,1,MERCER COUNTY 606,NULL,606,,11000606,1.58,County,Straight and Level,Blacktop,Dry,Daylight,Clear,None,None,,At,NULL,CLEVELAND AVENUE,NULL,,NULL,25,,40.22029,74.73062,No,,***,427722.13,505239.83,,DVRPC,0,Moderate Injury,5152031
4946495,2005111122505-122411,22505-122411,2005,MERCER,Trenton City,9/12/2005 0:00,Monday,September,12/31/1899 18:30,1,TRENTON NJ,PATROL 1ST PLA?,0,0,1,0,0,Injury,At Intersection,No,No,Pedalcyclist,1,CENTER ST,NULL,,,11111528,0.31,Municipal,Straight and Level,Blacktop,Dry,Daylight,Clear,None,NULL,,At,NULL,FURMAN STREET,NULL,,NULL,25,,40.20979,74.75951,No,?,***,419650.35,501429.54,,DVRPC,0,Moderate Injury,5207344
4949589,2005111305-31148,05-31148,2005,MERCER,West Windsor Township,10/31/2005 0:00,Monday,October,12/31/1899 16:10,1,WEST WINDSOR,05-31148,0,0,1,0,0,Injury,At Intersection,No,No,Pedalcyclist,1,REED DRIVE,NULL,,,,,Municipal,Straight and Level,Blacktop,Dry,Daylight,Clear,None,None,,At,NULL,VILLAGE RD WEST,NULL,,NULL,35,,0,0,No,NONE,538,,,,DVRPC,0,Moderate Injury,5275498
4948878,2005111305-12407,05-12407,2005,MERCER,West Windsor Township,5/1/2005 0:00,Sunday,May,12/31/1899 18:11,1,WEST WINDSOR POLICE,2005-12407,0,0,1,0,0,Injury,Not At Intersection,No,No,Pedalcyclist,1,WOODMERE WAY,NULL,,,,,Municipal,Curve and Level,Blacktop,Dry,Daylight,Clear,None,None,225,Foot,South,AMHERST WAY,NULL,,NULL,30,,0,0,No,NONE,552,,,,DVRPC,0,Moderate Injury,5103298
6811922,2006110106-2929,Jun-29,2006,MERCER,East Windsor Township,3/7/2006 0:00,Tuesday,March,12/31/1899 17:14,1,EAST WINDSOR TOWNSHIP,TRAFFIC UNIT,0,1,1,0,0,Injury,At Intersection,No,No,Pedalcyclist,2,US 130,South,130,,130,68.21,State Highway,Straight and Level,Blacktop,Dry,Daylight,Clear,Curbed Median,None,,At,NULL,DUTCH NECK ROAD,NULL,,NULL,45,35,40.26783,74.54292,No,NONE,57,480147.783055,522480.391572,,DVRPC,0,Incapacitating Injury,6051736
6812050,2006110106-5580,Jun-80,2006,MERCER,East Windsor Township,5/4/2006 0:00,Thursday,May,12/31/1899 8:19,,EAST WINDSOR TWP,UNIFORM SERVIC?,0,0,1,0,0,Injury,At Intersection,No,No,Pedalcyclist,1,US 130,North,130,,130,67.5,State Highway,Straight and Level,Blacktop,Dry,Daylight,Clear,Grass Median,None,,At,NULL,HICKORY CORNER ROAD,NULL,,NULL,55,45,40.25879,74.54918,No,NONE,78,478400.752977,519191.115915,,DVRPC,0,Pain,6090501
6812136,2006110106-7695,Jun-95,2006,MERCER,East Windsor Township,6/15/2006 0:00,Thursday,June,12/31/1899 18:20,1,EAST WINDSOR,TRAFFIC,0,0,1,0,0,Injury,At Intersection,No,No,Pedalcyclist,1,US 130,North,130,,130,68.21,State Highway,Straight and Level,Blacktop,Dry,Daylight,Clear,Grass Median,None,,At,NULL,DUTCH NECK ROAD,NULL,,NULL,45,35,40.26783,74.54292,No,NONE,27,480147.783055,522480.391572,,DVRPC,0,Moderate Injury,6123937
6811986,2006110106-4388,Jun-88,2006,MERCER,East Windsor Township,4/8/2006 0:00,Saturday,April,12/31/1899 6:50,1,EAST WINDSOR,TRAFFIC,0,0,1,0,0,Injury,Not At Intersection,No,No,Pedalcyclist,1,HICKORY CORNER RD,NULL,,,11011005,0.51,Municipal,Straight and Level,Blacktop,Wet,Daylight,Rain,None,None,500,Foot,West,KNOLL WOOD ROAD,NULL,,NULL,40,,0,0,No,NONE,,476813.7046,520524.12133,,DVRPC,0,Moderate Injury,6070537
6812028,2006110106-5286,Jun-86,2006,MERCER,East Windsor Township,4/27/2006 0:00,Thursday,April,12/31/1899 19:38,1,EAST WINDSOR,TRAFFIC,0,0,1,0,0,Injury,Not At Intersection,No,No,Pedalcyclist,1,HICKORY CORNER RD,NULL,,,11011005,0.71,Municipal,Straight and Level,Blacktop,Dry,Dawn,Clear,None,None,500,Foot,East,KNOLLWOOD DRIVE,NULL,,NULL,40,25,0,0,No,NONE,27,475880.530041,521033.759994,,DVRPC,0,Pain,6077137
6811666,2006110106-13368,06-13368,2006,MERCER,East Windsor Township,10/9/2006 0:00,Monday,October,12/31/1899 15:25,1,EAST WINDSOR,UNIFORM SERVIC?,0,0,1,0,0,Injury,At Intersection,No,No,Pedalcyclist,2,OAK CREEK RD,East,,,11011020,1.52,Municipal,Straight and Level,Blacktop,Dry,Daylight,Clear,None,None,,At,NULL,DUTCH NECK ROAD,NULL,,NULL,30,35,0,0,No,CAL FEE DRAGON FLY PRO BICYCLE #4100.00 VALUE,62,476190.249894,523791.28007,,DVRPC,0,Moderate Injury,6227883
6811705,2006110106-14196,06-14196,2006,MERCER,East Windsor Township,10/26/2006 0:00,Thursday,October,12/31/1899 14:22,1,EAST WINDSOR,TRAFFIC BUREAU,0,0,1,0,0,Injury,At Intersection,No,No,Pedalcyclist,1,ROUTE 539,South,539,,539,52.63,County,Straight and Level,Blacktop,Dry,Daylight,Clear,Painted Median,None,,At,NULL,TOWN CENTER DRIVE,NULL,,NULL,40,35,40.27903,74.52081,No,NONE,72,486320.689049,526344.656641,,DVRPC,0,Pain,6231788
6811868,2006110106-17139,06-17139,2006,MERCER,East Windsor Township,12/27/2006 0:00,Wednesday,December,12/31/1899 19:35,1,EAST WINDSOR,TRAFFIC BUREAU,0,0,1,0,0,Injury,Not At Intersection,No,No,Pedalcyclist,1,WYCOFFS MILL RD,East,,,11041056,1.58,Municipal,Curve and Level,Blacktop,Dry,Dark (Street LIghts On/ spot),Clear,Painted Median,None,700,Foot,West,PROBASCOR ROAD,NULL,,NULL,40,40,40.27267,74.49395,No,NONE,72,,,,DVRPC,0,Pain,6280069
6812712,20061102I-2006-016913,I-2006-016913,2006,MERCER,Ewing Township,7/7/2006 0:00,Friday,July,12/31/1899 16:39,1,EWING POLICE DEPT.,SQUAD5 TRAFFIC,0,1,1,0,0,Injury,Not At Intersection,No,No,Pedalcyclist,2,MERCER COUNTY 611,South,611,,11000611,1.22,County,Curve and Grade,Blacktop,Dry,Daylight,Clear,None,None,2050,Foot,North,CR 636,NULL,,NULL,40,35,40.27936,74.80537,No,NONE,105,406939.88,526835.98,,DVRPC,0,Incapacitating Injury,6146181
6812428,2006110206-1068,06-1068,2006,MERCER,Ewing Township,1/23/2006 0:00,Monday,January,12/31/1899 19:47,1,CLIFTON,CLIFTON,0,0,1,0,0,Injury,Not At Intersection,No,No,Pedalcyclist,2,CLIFTON BLVD,South,,,,,Municipal,Curve and Grade,Blacktop,Wet,Dark (Street Lights Off),Clear,Barrier Median,None,100,Foot,NULL,ELM STREET,NULL,,NULL,25,25,0,0,No,,500,,,,DVRPC,0,Pain,6002752
6812835,20061102I-2006-021049,I-2006-021049,2006,MERCER,Ewing Township,8/26/2006 0:00,Saturday,August,12/31/1899 2:24,1,EWING POLICE,P-4,0,0,1,0,0,Injury,At Intersection,No,No,Pedalcyclist,1,NJ 31,NULL,31,,31,1.79,State Highway,Straight and Level,Blacktop,Wet,Dark (Street Lights On/ continuous),Rain,None,None,,At,NULL,CR 622,NULL,,NULL,35,40,40.24908,74.77548,No,NONE,136,415199.799236,515904.804507,,DVRPC,0,Moderate Injury,6181421
6813191,20061102I-2006-032162,I-2006-032162,2006,MERCER,Ewing Township,12/23/2006 0:00,Saturday,December,12/31/1899 14:07,1,EWING POLICE,SQUAD 02,0,0,1,0,0,Injury,Not At Intersection,No,No,Pedalcyclist,1,SIXTH STREET,NULL,,,11021301,0,Municipal,Straight and Level,Blacktop,Dry,Daylight,Clear,None,None,5,Foot,North,CR 622,NULL,,NULL,25,40,0,0,No,NONE,163,418761.289949,514460.829899,,DVRPC,0,Pain,6290607
6813407,20061102T2006-310,T2006-310,2006,MERCER,Ewing Township,4/7/2006 0:00,Friday,April,12/31/1899 17:08,1,EWING,P-5,0,0,1,0,0,Injury,Not At Intersection,No,No,Pedalcyclist,1,MERCER COUNTY 613,East,613,,11000613,0,County,Straight and Level,Blacktop,Dry,Dark (Street Lights On/ continuous),Clear,None,None,250,Foot,West,RT 206,NULL,,NULL,35,25,40.24188,74.75072,No,NONE,105,422137.69,513121.96,,DVRPC,0,Pain,6072456
6813019,20061102I-2006-026522,I-2006-026522,2006,MERCER,Ewing Township,10/26/2006 0:00,Thursday,October,12/31/1899 12:06,1,EWING POLICE,SQUAD 1 TRAFFIC,0,0,1,0,0,Injury,Not At Intersection,No,No,Pedalcyclist,1,1600 OLDEN AVENUE (CENLAR),NULL,,,,,Private Property,Straight and Level,Blacktop,Dry,Daylight,Clear,None,None,,NULL,NULL,,NULL,,NULL,,,0,0,No,,139,,,,DVRPC,0,Pain,6226239
6812723,20061102I-2006-017276,I-2006-017276,2006,MERCER,Ewing Township,7/12/2006 0:00,Wednesday,July,12/31/1899 8:52,1,EWING POLICE DEPT.,SQUAD1,0,0,1,0,1,Injury,Not At Intersection,No,No,Pedalcyclist,1,WOODLAND AVE,NULL,,,11021119,0,Municipal,Straight and Level,Blacktop,Dry,Daylight,Overcast,None,None,10,Foot,East,RT 31,NULL,,NULL,25,40,0,0,No,,164,414691.900122,517682.780148,,DVRPC,1,Pain,6159225
6813025,20061102I-2006-026644,I-2006-026644,2006,MERCER,Ewing Township,10/27/2006 0:00,Friday,October,12/31/1899 17:18,1,EWING POLICE,S-2,0,0,1,0,0,Injury,Not At Intersection,No,No,Pedalcyclist,1,MERCER COUNTY 622,West,622,,11000622,4.74,County,Straight and Level,Blacktop,Wet,Daylight,Rain,None,None,500,Foot,East,CR 639,NULL,,NULL,40,25,40.24511,74.76165,No,,171,419050.88,514326.22,,DVRPC,0,Pain,6245321
6812715,20061102I-2006-016972,I-2006-016972,2006,MERCER,Ewing Township,7/8/2006 0:00,Saturday,July,12/31/1899 12:11,1,EWING POLICE DEPT.,SQUAD3,0,0,1,0,0,Injury,Not At Intersection,No,No,Pedalcyclist,1,1655 OLDEN AVE(COLONIAL),NULL,,,,,Private Property,Straight and Level,Concrete,Dry,Daylight,Clear,None,None,,NULL,NULL,,NULL,,NULL,,,0,0,No,,170,,,,DVRPC,1,Pain,6143092
6814632,2006110306-30737,06-30737,2006,MERCER,Hamilton Twp (Mercer Co),7/12/2006 0:00,Wednesday,July,12/31/1899 10:40,1,HAMILTON TOWNSHIP,,0,1,1,0,1,Injury,Not At Intersection,No,No,Pedalcyclist,1,KLOCKNER RD,NULL,,,11031976,3.8,Municipal,Straight and Grade,Blacktop,Dry,Daylight,Overcast,None,None,100,Foot,West,WHITEHORSE-HAMILTON SQ. RD.,NULL,,NULL,35,40,40.21927,74.6734,No,,364,443743.71,504817.44,,DVRPC,1,Incapacitating Injury,6152709
6813916,2006110306-17316,06-17316,2006,MERCER,Hamilton Twp (Mercer Co),4/21/2006 0:00,Friday,April,12/31/1899 10:53,1,HAMILTON TOWNSHIP,,0,0,1,0,0,Injury,Not At Intersection,No,No,Pedalcyclist,1,FENWAY ROAD,South,,,11031606,0.32,Municipal,Straight and Level,Blacktop,Dry,Daylight,Clear,None,None,30,Foot,North,ARGONNE AVE.,NULL,,NULL,25,25,0,0,No,HARO 20 BMX STYLE GRAY BICYCLE S/N F34P6E0364 SUSTAINED MINOR FRONT TIRE DAMAGE?,270,443120.960062,492359.339981,,DVRPC,0,Moderate Injury,6075173
6814550,2006110306-28497,06-28497,2006,MERCER,Hamilton Twp (Mercer Co),6/29/2006 0:00,Thursday,June,12/31/1899 19:31,1,HAMILTON,,0,0,1,0,0,Injury,Not At Intersection,No,No,Pedalcyclist,1,NJ 33,West,33,,33,5.54,State Highway,Straight and Level,Blacktop,Dry,Daylight,Clear,None,None,200,Foot,East,YARDVILLE HAMILTON SQ RD,NULL,,NULL,45,35,40.22696,74.66063,No,NONE,438,447265.466905,507634.234579,,DVRPC,0,Pain,6134017
6814438,2006110306-26441,06-26441,2006,MERCER,Hamilton Twp (Mercer Co),6/17/2006 0:00,Saturday,June,12/31/1899 14:51,1,HAMILTON TWP.,,0,0,1,0,0,Injury,At Intersection,No,No,Pedalcyclist,1,BOW HILL ROAD,North,,,11031994,0.64,Municipal,Straight and Level,Blacktop,Dry,Daylight,Clear,None,None,,At,NULL,ANNABELLE AVE,NULL,,NULL,25,25,0,0,No,NONE,430,426478.970052,497250.349884,,DVRPC,0,Moderate Injury,6120336
6814668,2006110306-31558,06-31558,2006,MERCER,Hamilton Twp (Mercer Co),7/17/2006 0:00,Monday,July,12/31/1899 16:11,1,HAMILTON,,0,0,1,0,0,Injury,At Intersection,No,No,Pedalcyclist,1,HUTCHINSON STREET,NULL,,,11031446,0.23,Municipal,Straight and Level,Blacktop,Dry,Daylight,Clear,None,None,,At,NULL,E BROWN ST,NULL,,NULL,25,25,0,0,No,,363,426609.111567,500555.502935,,DVRPC,0,Moderate Injury,6142356
6815445,2006110306-47192,06-47192,2006,MERCER,Hamilton Twp (Mercer Co),10/22/2006 0:00,Sunday,October,12/31/1899 15:34,1,HAMILTON,HAMILTON,0,0,1,0,0,Injury,Not At Intersection,No,No,Pedalcyclist,1,NJ 33,NULL,33,,33,5.13,State Highway,Straight and Level,Blacktop,Dry,Daylight,Clear,None,None,40,Foot,West,PAXSON AVE,NULL,,NULL,40,25,40.22878,74.66803,No,NONE,209,445202.088986,508298.132902,,DVRPC,0,Moderate Injury,6228154
6814282,2006110306-23622,06-23622,2006,MERCER,Hamilton Twp (Mercer Co),5/31/2006 0:00,Wednesday,May,12/31/1899 17:34,1,HAMILTON TWP,,0,0,2,0,0,Injury,At Intersection,No,No,Pedalcyclist,2,CENTRAL AVENUE,NULL,,,11031983,0.86,Municipal,Curve and Level,Blacktop,Dry,Daylight,Clear,None,None,,At,NULL,PITMAN AVE.,NULL,,NULL,25,25,0,0,No,,332,431063.49507,499229.055113,,DVRPC,0,Moderate Injury,6104924
6815479,2006110306-47797,06-47797,2006,MERCER,Hamilton Twp (Mercer Co),10/26/2006 0:00,Thursday,October,12/31/1899 22:11,1,HAMILTON TWP.,,0,0,1,0,0,Injury,Not At Intersection,No,No,Pedalcyclist,1,MERCER COUNTY 622,South,622,,11000622,1.69,County,Straight and Level,Blacktop,Dry,Dark (Street LIghts On/ spot),Clear,None,None,15,Foot,North,WATSON AVENUE,NULL,,NULL,30,25,40.21232,74.72541,No,NONE,412,429097.04,502435.99,,DVRPC,0,Moderate Injury,6233266
6814950,2006110306-38336,06-38336,2006,MERCER,Hamilton Twp (Mercer Co),8/29/2006 0:00,Tuesday,August,12/31/1899 15:43,1,HAMILTON TWP,,0,0,1,0,0,Injury,At Intersection,No,No,Pedalcyclist,1,ROUTE 524,West,524,,524,1.08,County,Curve and Grade,Blacktop,Dry,Daylight,Overcast,None,None,,At,NULL,COLERIDGE RD.,NULL,,NULL,35,25,40.18621,74.68584,No,,275,440381.087073,492736.887366,,DVRPC,0,Moderate Injury,6188431
6814803,2006110306-34653,06-34653,2006,MERCER,Hamilton Twp (Mercer Co),8/7/2006 0:00,Monday,August,12/31/1899 18:41,1,HAMILTON TOWNSHIP,,0,0,1,0,0,Injury,At Intersection,No,No,Pedalcyclist,1,ROUTE 533,NULL,533,,533,2.7,County,Straight and Grade,Blacktop,Dry,Daylight,Clear,Curbed Median,None,,At,NULL,KLOCKNER RD.,NULL,,NULL,45,35,40.22494,74.68709,No,,364,439885.226951,506903.84795,,DVRPC,0,Moderate Injury,6159232