ID,DOT_WEB_ID,CASE_NUMBER,CRASH_YEAR,COUNTY,MUNICIPALITY,CRASH_DATE,CRASH_DAY_OF_WEEK,CRASH_MONTH,CRASH_TIME,POLICE_DEPT_CODE,POLICE_DEPARTMENT,POLICE_STATION,TOTAL_KILLED,TOTAL_INCAPACITATED,TOTAL_INJURED,PEDESTRIANS_KILLED,PEDESTRIANS_INJURED,SEVERITY,INTERSECTION,ALCOHOL_INVOLVED,HAZMAT_INVOLVED,CRASH_TYPE,TOTAL_VEHICLES_INVOLVED,CRASH_LOCATION,LOCATION_DIRECTION,ROUTE,ROUTE_SUFFIX,SRI,MILEPOST,ROAD_SYSTEM,ROAD_CHARACTER,ROAD_SURFACE_TYPE,SURFACE_CONDITION,LIGHT_CONDITION,ENVIRONMENTAL_CONDITION,ROAD_DIVIDED_BY,TEMP_TRAFFIC_CONTROL_ZONE,DISTANCE_TO_CROSS_STREET,UNIT_OF_MEASUREMENT,DIRECTION_FROM_CROSS_STREET,CROSS_STREET_NAME,IS_RAMP,RAMP_TO_FROM_ROUTE_NAME,RAMP_TO_FROM_ROUTE_DIRECTION,POSTED_SPEED,POSTED_SPEED_CROSS_STREET,LATITUDE,LONGITUDE,CELL_PHONE_IN_USE,OTHER_PROPERTY_DAMAGE,REPORTING_BADGE_NO,X,Y,CRASH_NARRATIVE,MPO,TOTAL_PEDESTRIANS_INVOLVED,EPDO,DLN
6815873,2006110306-55019,06-55019,2006,MERCER,Hamilton Twp (Mercer Co),12/14/2006 0:00,Thursday,December,12/31/1899 16:57,1,HAMILTON,,0,0,1,0,0,Injury,At Intersection,No,No,Pedalcyclist,1,MERCER COUNTY 606,NULL,606,,11000606,1.76,County,Straight and Level,Blacktop,Dry,Dark (Street Lights On/ continuous),Clear,None,None,,At,NULL,KLEIN AVE,NULL,,NULL,30,25,40.22115,74.72737,No,NONE,381,428634.110618,505554.715984,,DVRPC,0,Pain,6270977
6815880,2006110306-55192,06-55192,2006,MERCER,Hamilton Twp (Mercer Co),12/15/2006 0:00,Friday,December,12/31/1899 20:16,1,HAMILTON,,0,1,1,0,0,Injury,Not At Intersection,No,No,Pedalcyclist,1,FLOCK RD,West,,,11031986,2.11,Municipal,Curve and Level,Blacktop,Dry,Dark (Street Lights On/ continuous),Clear,None,None,250,Foot,East,KLOCKNER ROAD,NULL,,NULL,45,35,40.25242,74.70627,No,,309,,,,DVRPC,0,Incapacitating Injury,6275692
6814030,2006110306-19153,06-19153,2006,MERCER,Hamilton Twp (Mercer Co),5/2/2006 0:00,Tuesday,May,12/31/1899 18:00,1,HAMILTON TOWNSHIP,,0,0,1,0,1,Injury,Not At Intersection,No,No,Pedalcyclist,1,4680 NOTTINGHAM WAY,NULL,,,,,Private Property,Straight and Level,Blacktop,Dry,Daylight,Clear,None,None,,NULL,NULL,,NULL,,NULL,,,0,0,No,NONE,270,,,,DVRPC,0,Moderate Injury,6085423
6815525,2006110306-48547,06-48547,2006,MERCER,Hamilton Twp (Mercer Co),10/31/2006 0:00,Tuesday,October,12/31/1899 16:44,1,HAMILTON,,0,0,1,0,0,Injury,Not At Intersection,No,No,Pedalcyclist,1,DEUTZ AVENUE,NULL,,,11031745,0,Municipal,Straight and Level,Blacktop,Dry,Dusk,Clear,None,None,50,Foot,North,GIBBS AVENUE,NULL,,NULL,25,25,0,0,No,,309,422676.109876,495125.759973,,DVRPC,0,Pain,6232938
6815281,2006110306-44606,06-44606,2006,MERCER,Hamilton Twp (Mercer Co),10/5/2006 0:00,Thursday,October,12/31/1899 17:49,1,HAMILTON,,0,0,1,0,0,Injury,At Intersection,No,No,Pedalcyclist,1,WARD AVE,NULL,,,11032003,0.35,Municipal,Straight and Level,Blacktop,Dry,Daylight,Clear,None,None,,At,NULL,BONNIE AVE,NULL,,NULL,35,25,40.22746,74.72145,No,,363,430297.94,507842.8,,DVRPC,0,Moderate Injury,6224318
6814952,2006110306-38341,06-38341,2006,MERCER,Hamilton Twp (Mercer Co),8/29/2006 0:00,Tuesday,August,12/31/1899 16:08,1,HAMILTON TOWNSHIP,,0,0,1,0,0,Injury,At Intersection,No,No,Pedalcyclist,1,MERCER COUNTY 620,NULL,620,,11000620,1.7,County,Straight and Grade,Blacktop,Dry,Daylight,Overcast,None,None,,At,NULL,REEVES AVE.,NULL,,NULL,40,25,40.20242,74.71409,No,,364,432326.442149,498720.214167,,DVRPC,1,Pain,6188429
6813635,2006110306-11798,06-11798,2006,MERCER,Hamilton Twp (Mercer Co),3/16/2006 0:00,Thursday,March,12/31/1899 16:52,1,HAMILTON,,0,0,1,0,0,Injury,At Intersection,No,No,Pedalcyclist,1,MERCER COUNTY 614,NULL,614,,11000614,0.62,County,Straight and Level,Blacktop,Dry,Daylight,Clear,None,None,,At,NULL,KARL SUESS DRIVE,NULL,,NULL,25,25,40.23288,74.72652,No,,372,428878.053553,509827.695288,,DVRPC,0,Pain,6049682
6814393,2006110306-25570,06-25570,2006,MERCER,Hamilton Twp (Mercer Co),6/12/2006 0:00,Monday,June,12/31/1899 13:49,1,HAMILTON TOWNSHIP,,0,0,1,0,0,Injury,At Intersection,No,No,Pedalcyclist,2,HOLT AVENUE,West,,,11031228,0,Municipal,Straight and Level,Blacktop,Dry,Daylight,Clear,None,None,,At,NULL,QUAKERBRIDGE RD,NULL,,NULL,25,40,0,0,No,,322,439791.119937,513553.970164,,DVRPC,0,Pain,6117188
6816807,2.00611042006043E+016,200604327,2006,MERCER,Hightstown Borough,2/17/2006 0:00,Friday,February,12/31/1899 11:00,1,HIGHTSTOWN,,0,0,1,0,0,Injury,At Intersection,No,No,Pedalcyclist,1,ROUTE 571,West,571,,571,34.97,County,Straight and Level,Blacktop,Wet,Daylight,Rain,None,None,,At,NULL,SUMMIT STREET,NULL,,NULL,25,25,40.27102,74.53124,No,NONE,110,483418.18,523638.87,,DVRPC,0,Pain,6141551
6816872,2.0061104200612E+016,200612062,2006,MERCER,Hightstown Borough,11/3/2006 0:00,Friday,November,12/31/1899 16:49,1,HIGHTSTOWN,,0,0,1,0,0,Injury,At Intersection,No,No,Pedalcyclist,1,NJ 33,NULL,33,,33,14.54,State Highway,Straight and Level,Blacktop,Dry,Dusk,Clear,None,None,,At,NULL,MAXWELL AVENUE,NULL,,NULL,25,25,40.26934,74.51948,No,,112,486843.718412,522924.533433,,DVRPC,0,Pain,6285304
6816856,2.006110420061E+016,200610065,2006,MERCER,Hightstown Borough,9/17/2006 0:00,Sunday,September,12/31/1899 15:26,1,HIGHTSTOWN,PATROL DIVISION,0,0,1,0,0,Injury,Not At Intersection,No,No,Pedalcyclist,1,NJ 33,South,33,,33,13.81,State Highway,Straight and Grade,Blacktop,Dry,Daylight,Clear,None,Incident Zone,50,Foot,South,SOUTH STREET,NULL,,NULL,35,35,40.26582,74.53054,No,NONE,111,483943.363354,521946.557423,,DVRPC,0,Pain,6302421
6817734,2006110706-019743,06-019743,2006,MERCER,Lawrence Twp (Mercer Co),4/24/2006 0:00,Monday,April,12/31/1899 18:06,1,LAWRENCE TWP,,0,0,1,0,0,Injury,At Intersection,No,No,Pedalcyclist,1,US 1 BUSINESS,West,1,B,00000001B,1.31,State Highway,Straight and Level,Blacktop,Dry,Daylight,Clear,None,None,,At,NULL,PRESIDENT AVENUE,NULL,,NULL,25,40,40.255,74.73033,No,,209,427679.251577,517710.450649,,DVRPC,0,Pain,6080567
6817694,2006110706-013217,06-013217,2006,MERCER,Lawrence Twp (Mercer Co),3/17/2006 0:00,Friday,March,12/31/1899 16:56,1,LAWRENCE TWP,06-013217,0,0,1,0,0,Injury,At Intersection,No,No,Pedalcyclist,1,GAINSBORO RD,NULL,,,11071396,0,Municipal,Straight and Level,Blacktop,Dry,Daylight,Clear,None,NULL,,At,NULL,LAWRENCE RD,NULL,,NULL,25,,40.26398,74.74048,No,NONE,146,425017.69,521164.86,,DVRPC,0,Pain,6044559
6819103,2006110906-10937,06-10937,2006,MERCER,Princeton Borough,7/17/2006 0:00,Monday,July,12/31/1899 10:29,1,PRINCETON BOROUGH,,0,0,1,0,0,Injury,Not At Intersection,No,No,Pedalcyclist,1,HULFISH ST,NULL,,,11091066,0.3,Municipal,Straight and Level,Blacktop,Dry,Daylight,Clear,None,None,200,Foot,West,PALMER SQUARE EAST,NULL,,NULL,25,25,0,0,No,NONE,129,447418.600089,552876.560154,,DVRPC,0,Moderate Injury,6168288
6819288,2006110906-8011,Jun-11,2006,MERCER,Princeton Borough,5/27/2006 0:00,Saturday,May,12/31/1899 12:24,1,PRINCETON BOROUGH,,0,0,1,0,0,Injury,Not At Intersection,No,No,Pedalcyclist,1,255 NASSAU STREET,NULL,,,,,Private Property,Straight and Grade,Blacktop,Wet,Daylight,Rain,None,None,,NULL,NULL,,NULL,,NULL,35,,0,0,No,NONE,135,,,,DVRPC,0,Moderate Injury,6113217
6819151,2006110906-15195,06-15195,2006,MERCER,Princeton Borough,9/29/2006 0:00,Friday,September,12/31/1899 13:09,1,PRINCETON BOROUGH,,0,0,1,0,0,Injury,Not At Intersection,No,No,Pedalcyclist,1,PROSPECT AVE,NULL,,,11091240,0.38,Municipal,Straight and Level,Blacktop,Dry,Daylight,Clear,None,None,175,Foot,West,MURRAY PLACE,NULL,,NULL,25,25,40.34964,74.64826,No,NONE,88,450803.83071,552312.613203,,DVRPC,0,Pain,6207960
6819192,2006110906-18107,06-18107,2006,MERCER,Princeton Borough,11/17/2006 0:00,Friday,November,12/31/1899 16:32,1,PRINCETON BOROUGH,,0,0,1,0,0,Injury,Not At Intersection,Yes,No,Pedalcyclist,1,BANK ST,NULL,,,11091066,0.16,Municipal,Straight and Level,Blacktop,Dry,Daylight,Clear,None,None,2,Foot,West,CHAMBERS STREET,NULL,,NULL,15,25,0,0,No,NONE,131,446704.21213,552625.513751,,DVRPC,0,Pain,6261204
6819332,200611092006-004780,2006-004780,2006,MERCER,Princeton Borough,3/31/2006 0:00,Friday,March,12/31/1899 18:11,1,PRINCETON BOROUGH,,0,0,1,0,0,Injury,At Intersection,No,No,Pedalcyclist,1,LAFAYETTE RD,NULL,,,11091012,0.23,Municipal,Curve and Level,Blacktop,Dry,Daylight,Clear,None,None,,At,NULL,HUNTER ROAD,NULL,,NULL,25,25,0,0,No,NONE,138,443312.894749,552892.466794,,DVRPC,0,Moderate Injury,6072697
6819349,200611092006-015708,2006-015708,2006,MERCER,Princeton Borough,10/7/2006 0:00,Saturday,October,12/31/1899 13:02,1,PRINCETON BOROUGH,,0,0,1,0,0,Injury,At Intersection,No,No,Pedalcyclist,1,NJ 27,NULL,27,,27,0.4,State Highway,Straight and Level,Blacktop,Dry,Daylight,Clear,None,None,,At,NULL,VANDEVENTER AVENUE,NULL,,NULL,25,25,40.3503,74.65738,No,NONE,112,448324,552578.32,,DVRPC,0,Pain,6226003
6819438,20061109I2006-024561,I2006-024561,2006,MERCER,Princeton Borough,9/18/2006 0:00,Monday,September,12/31/1899 16:16,99,PRINCETON UNIV,,0,0,1,0,0,Injury,Not At Intersection,No,No,Pedalcyclist,1,LOT 18 ACCESS ROAD,West,,,,,Private Property,Straight and Grade,Blacktop,Dry,Daylight,Clear,None,None,3,Foot,East,ELM DRIVE,NULL,,NULL,,20,0,0,No,,131,,,,DVRPC,0,Moderate Injury,6204145
6819263,2006110906-5676,Jun-76,2006,MERCER,Princeton Borough,4/17/2006 0:00,Monday,April,12/31/1899 14:18,1,PRINCETON BOROUGH,,0,0,1,0,0,Injury,At Intersection,No,No,Pedalcyclist,1,HARRISON ST,NULL,,,,,Municipal,Straight and Level,Blacktop,Dry,Daylight,Clear,None,None,,At,NULL,FRANKLIN AVE.,NULL,,NULL,25,25,0,0,No,,136,,,,DVRPC,0,Pain,6090298
6819377,200611092006-14708,2006-14708,2006,MERCER,Princeton Borough,9/20/2006 0:00,Wednesday,September,12/31/1899 19:35,1,PRINCETON BOROUGH,,0,0,1,0,0,Injury,Not At Intersection,No,No,Pedalcyclist,1,ELM DRIVE,NULL,,,,,Private Property,Straight and Grade,Blacktop,Dry,Dark (No Street Lights),Clear,None,None,,NULL,NULL,,NULL,,NULL,25,,0,0,No,,134,,,,DVRPC,0,Moderate Injury,6210354
6819599,2006111006-15258,06-15258,2006,MERCER,Princeton Township,10/4/2006 0:00,Wednesday,October,12/31/1899 19:43,1,PRINCETON TOWNSHIP,,0,0,1,0,0,Injury,Not At Intersection,No,No,Pedalcyclist,2,PALMER STADIUM ACCESS RD-PRINCETON UNIV,NULL,,,,,Private Property,Straight and Level,Blacktop,Dry,Dark (Street LIghts On/ spot),Clear,None,None,300,Foot,East,WASHINGTON ROAD,NULL,,NULL,,,0,0,No,,196,,,,DVRPC,0,Moderate Injury,6236873
6819558,2006111006-13600,06-13600,2006,MERCER,Princeton Township,9/6/2006 0:00,Wednesday,September,12/31/1899 15:33,1,PRINCETON TOWNSHIP,,0,0,1,0,0,Injury,At Intersection,No,No,Pedalcyclist,1,NJ 27,South,27,,27,2.43,State Highway,Straight and Grade,Blacktop,Dry,Daylight,Clear,None,None,,At,NULL,SHADY BROOK LANE,NULL,,NULL,45,25,40.36675,74.62651,No,,***,456859.726521,558512.937149,,DVRPC,0,Moderate Injury,6239860
6819810,2006111006-6785,Jun-85,2006,MERCER,Princeton Township,5/4/2006 0:00,Thursday,May,12/31/1899 9:55,,PRINCETON TOWNSHIP,,0,0,1,0,0,Injury,At Intersection,No,No,Pedalcyclist,1,US 206,North,206,,206,57.07,State Highway,Straight and Level,Blacktop,Dry,Daylight,Clear,None,None,,At,NULL,HERRONTOWN ROAD,NULL,,NULL,40,25,40.39157,74.65374,No,,80,448625.442334,566826.004496,,DVRPC,0,Pain,6089152
6821189,20061111140-06077065,140-06077065,2006,MERCER,Trenton City,5/20/2006 0:00,Saturday,May,12/31/1899 13:20,1,TRENTON,PATROL B-63,0,0,1,0,0,Injury,Not At Intersection,No,No,Pedalcyclist,1,NJ 33,NULL,33,,33,0.59,County,Straight and Level,Blacktop,Dry,Daylight,Clear,None,Maintenance Zone,,NULL,West,MONMOUTH STREET,NULL,,NULL,,,40.21901,74.74746,No,,***,423001.216429,504777.257371,,DVRPC,0,Moderate Injury,6097650
6821501,2.00611111720609E+018,17206095750,2006,MERCER,Trenton City,6/21/2006 0:00,Wednesday,June,12/31/1899 17:45,,TRENTON,SOUTH,0,0,1,0,0,Injury,At Intersection,No,No,Pedalcyclist,1,ERNIE KOVACS PL,NULL,,,11111595,0,Municipal,Straight and Level,Blacktop,Dry,Daylight,Clear,None,None,,At,NULL,STOCKTON STREET,NULL,,NULL,25,25,0,0,No,,***,419660.230081,505075.149851,,DVRPC,0,Pain,6122212
6822019,20061111232-06131942,232-06131942,2006,MERCER,Trenton City,8/20/2006 0:00,Sunday,August,12/31/1899 13:57,1,TRENTON,PATROL,0,0,1,0,0,Injury,Not At Intersection,No,No,Pedalcyclist,1,US 206,NULL,206,,206,,Municipal,Straight and Level,Blacktop,Dry,Daylight,Clear,None,None,,NULL,NULL,,NULL,,NULL,25,,0,0,No,,604,,,,DVRPC,0,Moderate Injury,6171420
6821305,20061111151-06083224,151-06083224,2006,MERCER,Trenton City,5/31/2006 0:00,Wednesday,May,12/31/1899 17:50,1,TRENTON,PATROL,0,0,1,0,0,Injury,At Intersection,No,No,Pedalcyclist,2,STEAMBOAT,NULL,,,11111317,0.05,Municipal,Unknown,Unknown,Unknown,Daylight,Unknown,None,None,,At,NULL,ASBURY PLACE,NULL,,NULL,25,,0,0,No,,193,419071.017819,501129.794605,,DVRPC,0,Pain,6297202
6820841,20061111098-06054467,098-06054467,2006,MERCER,Trenton City,4/8/2006 0:00,Saturday,April,12/31/1899 18:39,,TRENTON,PATROL,0,0,1,0,0,Injury,Not At Intersection,No,No,Pedalcyclist,1,SOUTH OVERBROOK,North,,,11111251,0.04,Municipal,Straight and Level,Blacktop,Wet,Daylight,Clear,None,None,20,Foot,South,CUMBERLAND,NULL,,NULL,25,25,0,0,No,NONE,***,411911.600144,508321.400871,,DVRPC,0,Moderate Injury,6064378
6820887,2.00611111030605E+018,10306057014,2006,MERCER,Trenton City,4/13/2006 0:00,Thursday,April,12/31/1899 12:50,1,T.P.D,T.P.D,0,0,1,0,0,Injury,At Intersection,No,No,Pedalcyclist,1,S CLINTON AVE,North,,,11031969,3.48,Municipal,Straight and Level,Blacktop,Dry,Daylight,Clear,None,None,,At,NULL,WALLENBURG AVE.,NULL,,NULL,25,25,40.21794,74.75485,No,,***,420958.769987,504406.196349,,DVRPC,0,Moderate Injury,6069724
6821207,20061111142-06078152,142-06078152,2006,MERCER,Trenton City,5/22/2006 0:00,Monday,May,12/31/1899 17:30,1,TRENTON,PATROL,0,0,1,0,0,Injury,Not At Intersection,No,No,Pedalcyclist,2,NJ 31,NULL,31,,31,0.29,County,Straight and Level,Blacktop,Dry,Daylight,Clear,None,None,75,Foot,North,CR 653,NULL,,NULL,25,25,40.22883,74.7683,No,,381,417130.03,508505.2,,DVRPC,0,Pain,6097633
6822424,20061111278-06161931,278-06161931,2006,MERCER,Trenton City,10/5/2006 0:00,Thursday,October,12/31/1899 4:29,1,TRENTON,PATROL,0,0,1,0,0,Injury,At Intersection,No,No,Pedalcyclist,1,MERCER COUNTY 636,NULL,636,,11000636,0.33,County,Curve and Hillcrest,Blacktop,Dry,Dark (Street Lights On/ continuous),Clear,Painted Median,None,,At,NULL,BELLEVUE AVENUE,NULL,,NULL,25,25,40.23583,74.78701,No,NONE,136,412000.17506,510950.136461,,DVRPC,0,Moderate Injury,6210278
6822461,2.00611112810616E+018,28106164132,2006,MERCER,Trenton City,10/8/2006 0:00,Sunday,October,12/31/1899 13:31,1,TRENTON,225 N. CLINTON,0,0,1,0,0,Injury,At Intersection,No,No,Pedalcyclist,1,PROSPECT ST,NULL,,,11111562,0.35,Municipal,Straight and Level,Blacktop,Dry,Dark (Street LIghts On/ spot),Clear,None,None,,At,NULL,RUTHERFORD AVENUE,NULL,,NULL,,,40.22997,74.7747,No,BICYCLE REAR WHEEL,243,415428.034988,508802.438973,,DVRPC,0,Pain,6209919
6823055,20061111349-06210274,349-06210274,2006,MERCER,Trenton City,12/15/2006 0:00,Friday,December,12/31/1899 20:27,,TRENTON,PATROL,0,0,1,0,0,Injury,At Intersection,No,No,Pedalcyclist,1,ROEBLING AVE,NULL,,,11111538,0.63,Municipal,Straight and Level,Concrete,Dry,Dark (Street Lights On/ continuous),Overcast,Painted Median,None,,At,NULL,SOUTH CLINTON AVENUE,NULL,,NULL,25,,40.2085,74.74969,No,NONE,***,422388.491124,500961.562245,,DVRPC,0,Pain,6270311
6820387,20061111059-06031951,059-06031951,2006,MERCER,Trenton City,2/28/2006 0:00,Tuesday,February,12/31/1899 7:15,1,TRENTON,PATROL B-53,0,0,1,0,0,Injury,Not At Intersection,No,No,Pedalcyclist,1,ENTERPRISE AVE,NULL,,,11031419,0.73,Municipal,Straight and Level,Blacktop,Snowy,Daylight,Snow,None,None,800,Foot,East,PLUM STREET,NULL,,NULL,35,25,0,0,No,,153,425436.469561,511893.259873,,DVRPC,0,Pain,6033056
6822599,2.00611112950617E+018,29506173201,2006,MERCER,Trenton City,10/22/2006 0:00,Sunday,October,12/31/1899 2:21,1,TRENTON,CIB,0,0,1,0,0,Injury,At Intersection,Yes,No,Pedalcyclist,1,CUMMINGS AVENUE,West,,,11111171,0,Municipal,Straight and Level,Blacktop,Dry,Dark (Street Lights Off),Clear,None,None,,At,NULL,WHITTAKER AVENUE,NULL,,NULL,25,25,0,0,No,,5,425416.899998,501055.330135,,DVRPC,0,Pain,6230018
6821974,20061111226-06128318,226-06128318,2006,MERCER,Trenton City,8/14/2006 0:00,Monday,August,12/31/1899 11:49,1,TRENTON,PATROL,0,0,1,0,0,Injury,Not At Intersection,No,No,Pedalcyclist,1,SPRUCE ST,NULL,,,11111563,0.24,Municipal,Straight and Level,Blacktop,Dry,Daylight,Clear,None,None,100,Foot,North,BRUNSWICK AVE.,NULL,,NULL,25,25,40.24001,74.74913,No,NONE,***,422578.598588,512441.794975,,DVRPC,0,Pain,6169421
6820888,20061111104-06057463,104-06057463,2006,MERCER,Trenton City,4/14/2006 0:00,Friday,April,12/31/1899 7:34,1,TRENTON,PATROL,0,0,1,0,0,Injury,At Intersection,No,No,Pedalcyclist,1,US 206,NULL,206,,206,,Municipal,Straight and Level,Blacktop,Dry,Daylight,Clear,None,None,,At,NULL,U SIDE STREET,NULL,,NULL,25,25,0,0,No,,***,,,,DVRPC,0,Pain,6069728
6821567,20061111180-06100177,180-06100177,2006,MERCER,Trenton City,6/29/2006 0:00,Thursday,June,12/31/1899 8:34,,TRENTON,PATROL,0,1,1,0,0,Injury,Not At Intersection,Yes,No,Pedalcyclist,1,US 1,NULL,1,,1,0.28,State/Interstate Authority,Straight and Level,Concrete,Dry,Daylight,Clear,None,None,,NULL,North,BRIDGE STREET,NULL,,NULL,25,,40.2114,74.76325,No,,283,418607.129095,502029.187277,,DVRPC,0,Incapacitating Injury,6130299
6822018,20061111232-06131877,232-06131877,2006,MERCER,Trenton City,8/20/2006 0:00,Sunday,August,12/31/1899 10:56,1,CITY OF TRENTON,PATROL,0,0,1,0,0,Injury,Not At Intersection,No,No,Pedalcyclist,2,US 206,NULL,206,,206,,Municipal,Straight and Level,Blacktop,Dry,Daylight,Clear,None,None,,Foot,NULL,WEST INGHAM AVE,NULL,,NULL,25,,0,0,No,NONE,399,,,,DVRPC,0,Pain,6171421
6821728,2.00611111970611E+018,19706110891,2006,MERCER,Trenton City,7/16/2006 0:00,Sunday,July,12/31/1899 20:07,1,TRENTON,PATROL,0,0,1,0,1,Injury,Not At Intersection,No,No,Pedalcyclist,1,EMORY AVE,NULL,,,11111466,0.4,Municipal,Straight and Level,Blacktop,Dry,Daylight,Clear,None,None,,NULL,NULL,ANDERSON STREET,NULL,,NULL,25,,0,0,No,NONE,286,424316.439928,501862.219925,,DVRPC,1,Pain,6145148
6822924,20061111335-06200493,335-06200493,2006,MERCER,Trenton City,12/1/2006 0:00,Friday,December,12/31/1899 12:30,1,TRENTON,PATROL/NORTH/2?,0,0,1,0,0,Injury,At Intersection,No,No,Pedalcyclist,1,WHITTAKER AVE,NULL,,,11111453,0.56,Municipal,Straight and Level,Blacktop,Wet,Daylight,Rain,None,None,,At,NULL,CR 606,NULL,,NULL,25,,0,0,No,?,***,422330.359911,503411.519976,,DVRPC,0,Pain,6269359
6820346,20061111045-060242197,045-060242197,2006,MERCER,Trenton City,2/14/2006 0:00,Tuesday,February,12/31/1899 13:00,1,TRENTON,PATROL,0,0,1,0,0,Injury,At Intersection,No,No,Pedalcyclist,2,S CLINTON AVE,South,,,11031969,3.62,Municipal,Straight and Level,Blacktop,Wet,Daylight,Clear,None,None,,At,NULL,YARD AVENUE,NULL,,NULL,25,25,40.21995,74.75521,No,,***,420859.768089,505138.081403,,DVRPC,0,Pain,6019017
6820846,20061111099-06054794,099-06054794,2006,MERCER,Trenton City,4/9/2006 0:00,Sunday,April,,,TRENTON,PATROL,0,0,1,0,0,Injury,At Intersection,No,No,Pedalcyclist,1,MERCER COUNTY 622,NULL,622,,11000622,2.81,County,Straight and Level,Blacktop,Dry,Daylight,Clear,None,None,,At,NULL,WALNUT AVENUE,NULL,,NULL,25,25,40.22507,74.7381,No,,537,425551.93,507110.02,,DVRPC,0,Pain,6064383
6821861,2.00611112120612E+018,21206120049,2006,MERCER,Trenton City,7/31/2006 0:00,Monday,July,12/31/1899 17:00,1,TRENTON,PATROL,0,0,1,0,0,Injury,At Intersection,No,No,Pedalcyclist,1,CUMMINGS AVE,NULL,,,11111171,0.45,Municipal,Straight and Level,Blacktop,Dry,Daylight,Clear,None,None,,At,NULL,WASHINGTON STREET,NULL,,NULL,25,25,0,0,No,NONE,370,423035.749904,501126.479927,,DVRPC,0,Pain,6153362
6821081,20061111130-06071768,130-06071768,2006,MERCER,Trenton City,5/10/2006 0:00,Wednesday,May,12/31/1899 17:02,1,TRENTON,PATROL,0,0,1,0,0,Injury,At Intersection,No,No,Pedalcyclist,1,S STOCKTON ST,NULL,,,11111549,0.28,Municipal,Straight and Level,Blacktop,Dry,Daylight,Clear,None,None,,At,NULL,ERNIE KOVALS PL,NULL,,NULL,25,25,0,0,No,NONE,***,419669.042564,505026.388623,,DVRPC,0,Moderate Injury,6090978
6821358,20061111157-06086660,157-06086660,2006,MERCER,Trenton City,6/6/2006 0:00,Tuesday,June,12/31/1899 18:11,1,TRENTON,SOUTH 3,0,0,1,0,0,Injury,At Intersection,No,No,Pedalcyclist,1,US 206,South,206,,206,40.9,Municipal,Straight and Level,Blacktop,Dry,Daylight,Clear,Painted Median,None,,At,NULL,REMSEN STREET,NULL,,NULL,35,25,40.20233,74.73898,No,,581,425575.223289,498595.88913,,DVRPC,0,Moderate Injury,6108836
6821576,2.0061111180061E+018,18006100276,2006,MERCER,Trenton City,6/29/2006 0:00,Thursday,June,12/31/1899 11:54,1,TRENTON,PATROL,0,0,1,0,0,Injury,Not At Intersection,No,No,Pedalcyclist,1,OAK LN,NULL,,,,,Municipal,Straight and Level,Blacktop,Dry,Daylight,Clear,None,None,,NULL,NULL,,NULL,,NULL,25,,0,0,No,,166,,,,DVRPC,0,Pain,6130303
6822024,20061111233-06132595,233-06132595,2006,MERCER,Trenton City,8/21/2006 0:00,Monday,August,12/31/1899 16:28,1,TRENTON CITY,METRO,0,0,1,0,0,Injury,At Intersection,No,No,Pedalcyclist,1,US 206,South,206,,206,42.26,Municipal,Straight and Level,Blacktop,Dry,Daylight,Clear,None,None,,At,NULL,FERRY ST.,NULL,,NULL,25,,40.21366,74.75988,No,,186,419732.494624,502619.008885,,DVRPC,0,Moderate Injury,6171414
6821023,2006111111906065-737,11906065-737,2006,MERCER,Trenton City,4/29/2006 0:00,Saturday,April,12/31/1899 18:13,1,TRENTON,PATROL,0,0,1,0,0,Injury,At Intersection,No,No,Pedalcyclist,1,PERRY ST,NULL,,,11111556,0.26,Municipal,Straight and Level,Blacktop,Dry,Daylight,Clear,None,NULL,,At,NULL,STOCKTON ST.,NULL,,NULL,25,,40.22374,74.76073,No,,412,419318.49,506522.51,,DVRPC,0,Moderate Injury,6083966
6823367,200611122006-000529,2006-000529,2006,MERCER,Washington Twp  (Mercer Co),1/8/2006 0:00,Sunday,January,12/31/1899 5:47,1,WASHINGTON TOWNSHIP,,0,1,1,0,0,Injury,Not At Intersection,No,No,Pedalcyclist,1,US 130,North,130,,130,65.37,State Highway,Curve and Level,Blacktop,Dry,Dark (Street LIghts On/ spot),Clear,Grass Median,None,1584,Foot,North,WINDSOR ROAD,NULL,,NULL,55,40,40.23957,74.58027,No,NONE,22,469720.84918,512196.346492,,DVRPC,0,Incapacitating Injury,6001628
6824413,2006111306-25409,06-25409,2006,MERCER,West Windsor Township,8/24/2006 0:00,Thursday,August,12/31/1899 9:35,1,WEST WINDSOR,2006-25409,0,0,1,0,0,Injury,At Intersection,No,No,Pedalcyclist,1,ROUTE 526,South,526,,526,2.24,Municipal,Straight and Level,Blacktop,Dry,Daylight,Clear,None,None,,At,NULL,NEW VILLAGE ROAD,NULL,,NULL,40,35,40.27483,74.61038,No,,416,461319.91625,525035.32125,,DVRPC,0,Moderate Injury,6174589
6824662,2006111306-34213,06-34213,2006,MERCER,West Windsor Township,11/17/2006 0:00,Friday,November,12/31/1899 8:10,1,WEST WINDSOR,06-34213,0,0,1,0,0,Injury,Not At Intersection,No,No,Pedalcyclist,1,VILLAGE RD W.,East,,,11131141,1.82,Municipal,Straight and Level,Blacktop,Dry,Daylight,Clear,None,None,200,Foot,East,NORTH POST ROAD,NULL,,NULL,45,40,40.28305,74.6371,No,NONE,574,453875.43,528051.64,,DVRPC,0,Moderate Injury,6255743