ID,DOT_WEB_ID,CASE_NUMBER,CRASH_YEAR,COUNTY,MUNICIPALITY,CRASH_DATE,CRASH_DAY_OF_WEEK,CRASH_MONTH,CRASH_TIME,POLICE_DEPT_CODE,POLICE_DEPARTMENT,POLICE_STATION,TOTAL_KILLED,TOTAL_INCAPACITATED,TOTAL_INJURED,PEDESTRIANS_KILLED,PEDESTRIANS_INJURED,SEVERITY,INTERSECTION,ALCOHOL_INVOLVED,HAZMAT_INVOLVED,CRASH_TYPE,TOTAL_VEHICLES_INVOLVED,CRASH_LOCATION,LOCATION_DIRECTION,ROUTE,ROUTE_SUFFIX,SRI,MILEPOST,ROAD_SYSTEM,ROAD_CHARACTER,ROAD_SURFACE_TYPE,SURFACE_CONDITION,LIGHT_CONDITION,ENVIRONMENTAL_CONDITION,ROAD_DIVIDED_BY,TEMP_TRAFFIC_CONTROL_ZONE,DISTANCE_TO_CROSS_STREET,UNIT_OF_MEASUREMENT,DIRECTION_FROM_CROSS_STREET,CROSS_STREET_NAME,IS_RAMP,RAMP_TO_FROM_ROUTE_NAME,RAMP_TO_FROM_ROUTE_DIRECTION,POSTED_SPEED,POSTED_SPEED_CROSS_STREET,LATITUDE,LONGITUDE,CELL_PHONE_IN_USE,OTHER_PROPERTY_DAMAGE,REPORTING_BADGE_NO,X,Y,CRASH_NARRATIVE,MPO,TOTAL_PEDESTRIANS_INVOLVED,EPDO,DLN
7420016,2008110108-2020,Aug-20,2008,MERCER,East Windsor Township,2/17/2008 0:00,Sunday,February,12/31/1899 18:01,1,EAST WINDSOR TWP.,TRAFFIC,0,0,1,0,0,Injury,Not At Intersection,No,No,Pedalcyclist,1,NJ 33,West,33,,33,15.18,State Highway,Straight and Level,Blacktop,Wet,Dusk,Rain,None,None,100,Foot,East,WOODSIDE AVENUE,NULL,,NULL,55,25,40.26895,74.50779,No,NONE,563,489838.016712,522881.434618,,DVRPC,0,Pain,8025689
7420196,2008110108-634,08-634,2008,MERCER,East Windsor Township,1/15/2008 0:00,Tuesday,January,12/31/1899 15:54,1,EAST WINDSOR,TRAFFIC BUREAU,0,0,1,0,0,Injury,Not At Intersection,No,No,Pedalcyclist,1,113 PRINCETON ARMS,NULL,,,,,Private Property,Straight and Level,Blacktop,Dry,Daylight,Clear,None,None,,NULL,NULL,,NULL,,NULL,,,0,0,No,NONE,72,,,,DVRPC,0,Pain,8008952
7420232,2008110108-7116,Aug-16,2008,MERCER,East Windsor Township,6/5/2008 0:00,Thursday,June,12/31/1899 13:55,1,EAST WINDSOR,TRAFFIC BUREAU,0,0,1,0,0,Injury,At Intersection,No,No,Pedalcyclist,1,NJ 33,East,33,,33,15.84,State Highway,Straight and Level,Blacktop,Dry,Daylight,Clear,Grass Median,None,,At,NULL,PROBASCO RD,NULL,,NULL,55,40,40.26824,74.49579,No,NONE,72,493297.348106,522624.701889,,DVRPC,0,Moderate Injury,8107896
7420237,2008110108-7242,Aug-42,2008,MERCER,East Windsor Township,6/7/2008 0:00,Saturday,June,12/31/1899 11:18,1,EAST WINDSOR,TRAFFIC BUREAU,0,0,1,0,0,Injury,At Intersection,No,No,Pedalcyclist,1,ROUTE 539,North,539,,539,50.59,County,Straight and Level,Blacktop,Dry,Daylight,Clear,Painted Median,None,,At,NULL,PLYMOUTH DRIVE,NULL,,NULL,45,25,40.25008,74.52857,No,,72,484149.186932,516012.920778,,DVRPC,0,Moderate Injury,8127297
7421256,20081102I-2008-019113,I-2008-019113,2008,MERCER,Ewing Township,7/30/2008 0:00,Wednesday,July,12/31/1899 16:27,1,EWING POLICE,SQUAD 1,0,0,1,0,0,Injury,Not At Intersection,No,No,Pedalcyclist,1,MERCER COUNTY 622,NULL,622,,11000622,4.73,County,Straight and Level,Blacktop,Dry,Daylight,Clear,None,None,75,Foot,West,FIFTH ST,NULL,,NULL,40,25,40.2451,74.76161,No,,165,419099.07,514303.82,,DVRPC,0,Pain,8174456
7420963,20081102I-2008-007625,I-2008-007625,2008,MERCER,Ewing Township,4/1/2008 0:00,Tuesday,April,12/31/1899 20:23,1,EWING POLICE,SQUAD 4,0,0,1,0,0,Injury,Not At Intersection,No,No,Pedalcyclist,1,NJ 31,NULL,31,,31,2.2,State Highway,Curve and Level,Blacktop,Wet,Dark (Street Lights On/ continuous),Clear,None,None,20,Foot,North,OAK LANE,NULL,,NULL,35,25,40.25516,74.77762,No,,149,414642.936154,517983.475958,,DVRPC,0,Pain,8055455
7420974,20081102I-2008-007822,I-2008-007822,2008,MERCER,Ewing Township,4/3/2008 0:00,Thursday,April,12/31/1899 18:34,1,EWING POLICE DEPT.,SQUAD2,0,0,1,0,0,Injury,At Intersection,No,No,Pedalcyclist,1,NJ 31,NULL,31,,31,1.51,State Highway,Straight and Level,Blacktop,Dry,Daylight,Clear,None,None,,At,NULL,CR 636,NULL,,NULL,35,35,40.24547,74.7755,No,,130,415222.99,514450.1,,DVRPC,0,Pain,8103405
7423829,2008110308-54979,08-54979,2008,MERCER,Hamilton Twp (Mercer Co),12/19/2008 0:00,Friday,December,12/31/1899 17:14,1,HAMILTON TOWNSHIP,,0,0,1,0,0,Injury,Not At Intersection,No,No,Pedalcyclist,1,SUNNYBRAE BLVD,NULL,,,11031991,0.03,Municipal,Straight and Grade,Blacktop,Wet,Dark (Street Lights On/ continuous),Rain,Curbed Median,None,150,Foot,North,US 206,NULL,,NULL,25,35,40.18519,74.67918,No,,364,442063.69,492422.9,,DVRPC,0,Pain,8291344
7423137,2008110308-42028,08-42028,2008,MERCER,Hamilton Twp (Mercer Co),9/24/2008 0:00,Wednesday,September,12/31/1899 17:06,1,HAMILTON TOWNSHIP,,0,0,1,0,0,Injury,Not At Intersection,No,No,Pedalcyclist,1,PAXSON AVE,NULL,,,11031980,1,Municipal,Straight and Level,Blacktop,Dry,Daylight,Clear,None,None,200,Foot,South,NJ 33,NULL,,NULL,25,40,40.24602,74.67089,No,ORBEA ONIX BICYCLE,364,444422.19,514579.02,,DVRPC,0,Moderate Injury,8204116
7423460,2008110308-47625,08-47625,2008,MERCER,Hamilton Twp (Mercer Co),10/31/2008 0:00,Friday,October,12/31/1899 18:34,1,HAMILTON TWP.,,0,0,1,0,0,Injury,At Intersection,No,No,Pedalcyclist,1,US 130,North,130,,130,,State Highway,Curve and Grade,Blacktop,Dry,Dark (Street Lights On/ continuous),Clear,Grass Median,None,,At,NULL,CLARENDON AVENUE,NULL,,NULL,55,25,0,0,No,,399,,,,DVRPC,0,Pain,8238515
7422483,2008110308-27615,08-27615,2008,MERCER,Hamilton Twp (Mercer Co),6/25/2008 0:00,Wednesday,June,12/31/1899 16:58,1,HAMILTON TOWNSHIP,,0,0,2,0,0,Injury,At Intersection,No,No,Pedalcyclist,1,MERCER COUNTY 614,NULL,614,,11000614,0.4,County,Straight and Level,Blacktop,Dry,Daylight,Clear,None,None,,At,NULL,EAST STATE STREET,NULL,,NULL,25,25,40.23339,74.73059,Yes,,381,427747.12,510014.72,,DVRPC,0,Pain,8134381
7422548,2008110308-29475,08-29475,2008,MERCER,Hamilton Twp (Mercer Co),7/7/2008 0:00,Monday,July,12/31/1899 11:25,1,HAMILTON,,0,0,1,0,0,Injury,At Intersection,No,No,Pedalcyclist,1,NJ 33,NULL,33,,33,4.07,State Highway,Straight and Level,Blacktop,Dry,Daylight,Clear,None,None,,At,NULL,CR 533,NULL,,NULL,40,45,40.23351,74.68717,No,,353,439869.16155,510028.297564,,DVRPC,0,Pain,8134352
7423274,2008110308-44598,08-44598,2008,MERCER,Hamilton Twp (Mercer Co),10/12/2008 0:00,Sunday,October,12/31/1899 16:48,1,HAMILTON,,0,0,1,0,0,Injury,At Intersection,No,No,Pedalcyclist,1,LIBERTY ST,North,,,11112004,2.16,Municipal,Straight and Level,Blacktop,Dry,Daylight,Clear,None,None,,At,NULL,WOOLSEY STREET,NULL,,NULL,35,25,40.22293,74.72065,No,,388,430514.47,506198.34,,DVRPC,0,Moderate Injury,8222492
7423296,2008110308-45101,08-45101,2008,MERCER,Hamilton Twp (Mercer Co),10/15/2008 0:00,Wednesday,October,12/31/1899 18:24,1,HAMILTON TOWNSHIP,,0,0,1,0,0,Injury,At Intersection,No,No,Pedalcyclist,1,KLOCKNER RD,NULL,,,11031976,1.35,Municipal,Straight and Level,Blacktop,Dry,Daylight,Clear,None,None,,At,NULL,CLAYTON AVENUE,NULL,,NULL,35,25,40.23545,74.71001,No,,381,433496.148464,510751.236794,,DVRPC,0,Pain,8244585
7422336,2008110308-24565,08-24565,2008,MERCER,Hamilton Twp (Mercer Co),6/7/2008 0:00,Saturday,June,12/31/1899 10:37,1,HAMILTON TWP,,0,0,1,0,0,Injury,Not At Intersection,No,No,Pedalcyclist,1,MERCER COUNTY 618,NULL,618,,11000618,1.48,County,Straight and Level,Blacktop,Dry,Daylight,Clear,None,None,15,Foot,East,MERCER ST,NULL,,NULL,30,25,40.23005,74.66136,No,,411,447073.054257,508755.625795,,DVRPC,0,Moderate Injury,8118681
7424195,200811030841766,841766,2008,MERCER,Hamilton Twp (Mercer Co),9/23/2008 0:00,Tuesday,September,12/31/1899 6:10,1,HAMILTON,,0,0,1,0,0,Injury,At Intersection,No,No,Pedalcyclist,1,MERCER COUNTY 618,NULL,618,,11000618,1.68,County,Straight and Level,Blacktop,Dry,Dark (Street Lights On/ continuous),Clear,None,None,,At,NULL,ABERFOYLE DRIVE,NULL,,NULL,35,25,40.22856,74.65813,No,,304,447975.256406,508209.252335,,DVRPC,0,Moderate Injury,8207781
7421904,2008110308-15495,08-15495,2008,MERCER,Hamilton Twp (Mercer Co),4/11/2008 0:00,Friday,April,12/31/1899 13:30,1,HAMILTON,,0,0,1,0,0,Injury,At Intersection,No,No,Pedalcyclist,1,MERCER COUNTY 619,NULL,619,,11000619,0.52,County,Straight and Grade,Blacktop,Dry,Daylight,Clear,None,None,,At,NULL,ESTATES BLVD.,NULL,,NULL,35,25,40.21053,74.70351,No,BIKE,302,435289.414741,501670.700599,,DVRPC,0,Moderate Injury,8066554
7422958,2008110308-38709,08-38709,2008,MERCER,Hamilton Twp (Mercer Co),9/3/2008 0:00,Wednesday,September,12/31/1899 15:45,1,HAMILTON,,0,0,1,0,0,Injury,At Intersection,No,No,Pedalcyclist,1,NJ 33,NULL,33,,33,1.54,State Highway,Straight and Level,Blacktop,Dry,Daylight,Clear,None,None,,At,NULL,MASSACHUSETTS AVENUE,NULL,,NULL,30,25,40.22634,74.73234,No,BRYELES,309,427251.799826,507448.784893,,DVRPC,0,Moderate Injury,8189204
7422712,2008110308-33264,08-33264,2008,MERCER,Hamilton Twp (Mercer Co),7/30/2008 0:00,Wednesday,July,12/31/1899 15:12,1,HAMILTON TOWNSHIP,,0,0,1,0,0,Injury,Not At Intersection,No,No,Pedalcyclist,1,US 130,North,130,,130,60.22,State Highway,Straight and Level,Concrete,Dry,Daylight,Clear,Grass Median,Construction Zone,1500,Foot,South,CROSSWICKS HAMILTON SQ RD,NULL,,NULL,55,35,40.18953,74.65169,No,,322,449746.332136,493990.803158,,DVRPC,0,Pain,8145826
7423361,2008110308-46107,08-46107,2008,MERCER,Hamilton Twp (Mercer Co),10/22/2008 0:00,Wednesday,October,12/31/1899 10:41,1,HAMILTON TOWNSHIP,,0,0,1,0,0,Injury,At Intersection,No,No,Pedalcyclist,1,LAFAYETTE AVE,NULL,,,11031992,0.2,Municipal,Straight and Level,Blacktop,Dry,Daylight,Clear,None,None,,At,NULL,BUCHANAN AVE,NULL,,NULL,25,25,40.19691,74.72828,No,,381,428358.018221,496725.202949,,DVRPC,0,Pain,8251893
7422423,2008110308-26224,08-26224,2008,MERCER,Hamilton Twp (Mercer Co),6/17/2008 0:00,Tuesday,June,12/31/1899 8:19,1,HAMILTON,,0,0,1,0,0,Injury,At Intersection,No,No,Pedalcyclist,1,W MCGALLIARD AVENUE,NULL,,,11031480,0.45,Municipal,Straight and Level,Blacktop,Dry,Daylight,Clear,None,None,,At,NULL,MADDOCK AVENUE,NULL,,NULL,25,25,0,0,No,,309,433034.306679,496452.553445,,DVRPC,0,Moderate Injury,8115100
7422907,2008110308-37582,08-37582,2008,MERCER,Hamilton Twp (Mercer Co),8/27/2008 0:00,Wednesday,August,12/31/1899 13:50,1,HAMILTON,,0,0,1,0,0,Injury,At Intersection,No,No,Pedalcyclist,1,RENNIE STREET,South,,,11031454,0.34,Municipal,Straight and Level,Blacktop,Dry,Daylight,Clear,None,None,,At,NULL,WILFRED AVENUE,NULL,,NULL,25,25,0,0,No,,230,429260.274761,498607.966186,,DVRPC,0,Pain,8190759
7421732,2008110308-10625,08-10625,2008,MERCER,Hamilton Twp (Mercer Co),3/11/2008 0:00,Tuesday,March,12/31/1899 20:33,1,HAMILTON TOWNSHIP,,0,0,1,0,0,Injury,Not At Intersection,No,No,Pedalcyclist,1,ROUTE 533,NULL,533,,533,4.39,County,Straight and Level,Blacktop,Dry,Dark (Street LIghts On/ spot),Clear,None,None,10,Foot,South,FLOCK RD,NULL,,NULL,40,35,40.24884,74.68516,No,NONE,381,440442.28,515613,,DVRPC,0,Moderate Injury,8051315
7422050,2008110308-18578,08-18578,2008,MERCER,Hamilton Twp (Mercer Co),6/22/2008 0:00,Sunday,June,12/31/1899 16:00,1,ASBURY PARK,,0,0,1,0,0,Injury,Not At Intersection,No,No,Pedalcyclist,1,PARKING LOT OF BOSTON WAY VILLAGE,NULL,,,,,Private Property,Straight and Grade,Blacktop,Dry,Daylight,Clear,NULL,NULL,,NULL,NULL,,NULL,,NULL,,,0,0,No,NONE,207,,,,DVRPC,0,Pain,8131558
7423521,2008110308-48816,08-48816,2008,MERCER,Hamilton Twp (Mercer Co),11/8/2008 0:00,Saturday,November,12/31/1899 15:21,1,HAMILTON TWP PD (MERCER),,0,0,2,0,0,Injury,At Intersection,No,No,Pedalcyclist,1,ROUTE 524,East,524,,524,1.4,County,Straight and Grade,Blacktop,Wet,Daylight,Clear,Curbed Median,None,,At,NULL,SUNNY BRAE BLVD,NULL,,NULL,35,25,40.18473,74.67949,No,,322,441978.62,492256.45,,DVRPC,0,Pain,9008904
7421764,2008110308-11649,08-11649,2008,MERCER,Hamilton Twp (Mercer Co),3/18/2008 0:00,Tuesday,March,12/31/1899 20:49,1,HAMILTON,,0,0,1,0,0,Injury,Not At Intersection,No,No,Pedalcyclist,1,MERCER COUNTY 620,NULL,620,,11000620,0.18,County,Straight and Grade,Blacktop,Dry,Dark (Street Lights Off),Overcast,None,None,50,Foot,East,COPPERFIELD DR,NULL,,NULL,35,25,40.1896,74.69276,No,,389,438274.364266,494036.804317,,DVRPC,0,Moderate Injury,8047449
7423505,2008110308-48581,08-48581,2008,MERCER,Hamilton Twp (Mercer Co),11/7/2008 0:00,Friday,November,12/31/1899 8:27,1,HAMILTON TOWNSHIP,,0,0,1,0,0,Injury,At Intersection,No,No,Pedalcyclist,1,MERCER COUNTY 652,NULL,652,,11000652,0.13,Municipal,Straight and Level,Blacktop,Dry,Daylight,Clear,None,None,,At,NULL,CR 535,NULL,,NULL,35,25,40.23583,74.6903,No,,381,438997.14,510877.8,,DVRPC,0,Pain,8263312
7421966,2008110308-16899,08-16899,2008,MERCER,Hamilton Twp (Mercer Co),4/20/2008 0:00,Sunday,April,12/31/1899 13:18,1,HAMILTON,,0,0,1,0,0,Injury,Not At Intersection,No,No,Pedalcyclist,1,HEMPSTEAD RD,North,,,11031987,0.821,Municipal,Straight and Level,Blacktop,Dry,Daylight,Clear,None,None,100,Foot,South,KERR DR.,NULL,,NULL,25,25,0,0,No,,403,439178.027342,497321.662051,,DVRPC,0,Moderate Injury,8083487
7425060,20081106HT2008-009393,HT2008-009393,2008,MERCER,Hopewell Twp (Mercer Co),4/20/2008 0:00,Sunday,April,12/31/1899 15:43,1,HOPEWELL,53 ZONE,0,0,1,0,0,Injury,At Intersection,No,No,Pedalcyclist,1,ROUTE 579,South,579,,579,6.51,County,Straight and Level,Blacktop,Dry,Daylight,Clear,None,None,,At,West,CHURCH RD,NULL,,NULL,45,35,40.3189,74.85271,No,,29,393777.832639,541276.553917,,DVRPC,0,Moderate Injury,8083786
7425336,20081106HT2008-023273,HT2008-023273,2008,MERCER,Hopewell Twp (Mercer Co),10/13/2008 0:00,Monday,October,12/31/1899 15:24,1,HOPEWELL,51 NORTH,0,0,1,0,0,Injury,At Intersection,No,No,Pedalcyclist,1,MERCER COUNTY 624,East,624,,11000624,1.98,County,Straight and Level,Blacktop,Dry,Daylight,Clear,None,None,,At,NULL,OLD MILL ROAD,NULL,,NULL,45,30,40.3469,74.76348,No,,35,418688.21,551390.03,,DVRPC,0,Pain,8223886
7425859,2008110708-20334-AC,08-20334-AC,2008,MERCER,Lawrence Twp (Mercer Co),5/15/2008 0:00,Thursday,May,12/31/1899 8:17,1,LAWRENCE TOWNSHIP,,0,0,1,0,0,Injury,At Intersection,No,No,Pedalcyclist,1,ROUTE 569,West,569,,569,4.12,County,Straight and Level,Blacktop,Dry,Daylight,Clear,None,None,,At,NULL,CR 604,NULL,,NULL,45,45,40.33813,74.72168,No,,146,430331.57,548162.22,,DVRPC,0,Moderate Injury,8156086
7425891,2008110708-21942-AC,08-21942-AC,2008,MERCER,Lawrence Twp (Mercer Co),5/24/2008 0:00,Saturday,May,12/31/1899 19:31,1,LAWRENCE TOWNSHIP,,0,0,1,0,0,Injury,Not At Intersection,No,No,Pedalcyclist,1,2066 BRUNSWICK PIKE,NULL,,,,,Private Property,Straight at Hillcrest,Blacktop,Dry,Daylight,Clear,Curbed Median,None,,NULL,NULL,,NULL,,NULL,35,,0,0,No,,213,,,,DVRPC,0,Pain,8151490
7426118,2008110708-34561-AC,08-34561-AC,2008,MERCER,Lawrence Twp (Mercer Co),8/22/2008 0:00,Friday,August,12/31/1899 11:23,1,LAWRENCE TOWNSHIP,,0,0,1,0,0,Injury,Not At Intersection,No,No,Pedalcyclist,1,LAKE DR,West,,,,,Municipal,Straight and Level,Blacktop,Dry,Daylight,Clear,None,None,4,Foot,East,BRUNSWICK PIKE,NULL,,NULL,25,55,0,0,No,,193,,,,DVRPC,0,Moderate Injury,8190764
7425732,2008110708-013743,08-013743,2008,MERCER,Lawrence Twp (Mercer Co),3/25/2008 0:00,Tuesday,March,12/31/1899 13:59,1,LAWRENCE TWP.,,0,0,1,0,0,Injury,Not At Intersection,No,No,Pedalcyclist,1,ROUTE 583,North,583,,583,1.1,Municipal,Straight and Level,Blacktop,Dry,Daylight,Clear,Painted Median,None,50,Foot,North,LAWRENCE ROAD,NULL,,NULL,25,35,40.25026,74.74201,No,,206,424577.375795,516168.438383,,DVRPC,0,Pain,8093491
7426179,2008110708-38178-AC,08-38178-AC,2008,MERCER,Lawrence Twp (Mercer Co),9/17/2008 0:00,Wednesday,September,12/31/1899 11:43,1,LAWRENCE TOWNSHIP,,0,0,1,0,0,Injury,Not At Intersection,No,No,Pedalcyclist,1,US 1,NULL,1,,1,8.03,State Highway,Straight and Level,Blacktop,Dry,Daylight,Clear,None,None,,NULL,NULL,,NULL,,NULL,25,,40.2973,74.67923,No,,117,442134.743175,533261.825976,,DVRPC,0,Pain,8206828
7426804,20081108082794,82794,2008,MERCER,Pennington Borough,10/23/2008 0:00,Thursday,October,12/31/1899 7:38,1,PENNINGTON,,0,0,1,0,0,Injury,Not At Intersection,No,No,Pedalcyclist,1,MERCER COUNTY 623,West,623,,11000623,2.86,County,Straight and Level,Blacktop,Dry,Daylight,Clear,None,None,50,Foot,West,RT 31,NULL,,NULL,25,,40.33192,74.79854,No,,709,408899.77,545963.73,,DVRPC,0,Pain,8238943
7426765,2008110808-1310,08-1310,2008,MERCER,Pennington Borough,5/24/2008 0:00,Saturday,May,12/31/1899 13:00,1,BORO OF PENNINGTON,PENNINGTON,0,0,1,0,0,Injury,At Intersection,No,No,Pedalcyclist,1,E DELAWARE AVE,West,,,11081007,,Municipal,Straight and Level,Blacktop,Dry,Daylight,Clear,None,None,,At,NULL,KING GEORGE ROAD,NULL,,NULL,25,25,0,0,No,,705,,,,DVRPC,0,Pain,8144174
7426865,2008110908-16579,08-16579,2008,MERCER,Princeton Borough,9/18/2008 0:00,Thursday,September,12/31/1899 16:55,1,PRINCETON BOROUGH,,0,0,1,0,0,Injury,At Intersection,No,No,Pedalcyclist,1,PAUL ROBESON PL,NULL,,,11091086,0.73,Municipal,Curve and Level,Blacktop,Dry,Daylight,Clear,None,None,,At,NULL,CHAMBERS STREET,NULL,,NULL,25,25,0,0,No,,129,446569.949883,553075.379966,,DVRPC,0,Moderate Injury,8209940
7426882,2008110908-18102,08-18102,2008,MERCER,Princeton Borough,10/16/2008 0:00,Thursday,October,12/31/1899 15:03,1,PRINCETON BOROUGH,,0,0,1,0,0,Injury,At Intersection,No,No,Pedalcyclist,1,US 206,NULL,206,,206,54.38,State Highway,Straight and Grade,Blacktop,Dry,Daylight,Clear,None,None,,At,NULL,WESTCOTT ROAD,NULL,,NULL,30,25,40.35378,74.66829,No,,104,445224.013976,553828.266182,,DVRPC,0,Moderate Injury,8238033
7426853,2008110908-15134,08-15134,2008,MERCER,Princeton Borough,8/26/2008 0:00,Tuesday,August,12/31/1899 11:56,1,PRINCETON BOROUGH,,0,0,1,0,0,Injury,At Intersection,No,No,Pedalcyclist,1,WIGGINS STREET,NULL,,,11091086,1.12,Municipal,Straight and Level,Blacktop,Dry,Daylight,Clear,None,None,,At,NULL,JEFFERSON ROAD,NULL,,NULL,25,25,0,0,No,,144,448489.691901,553716.935588,,DVRPC,0,Moderate Injury,8180251
7426866,2008110908-1668,08-1668,2008,MERCER,Princeton Borough,1/24/2008 0:00,Thursday,January,12/31/1899 17:07,1,PRINCETON BOROUGH,,0,0,1,0,0,Injury,Not At Intersection,No,No,Pedalcyclist,1,WIGGINS STREET,NULL,,,11091086,0.958,Municipal,Straight and Level,Blacktop,Dry,Dusk,Clear,None,None,10,Foot,West,TULANE STREET,NULL,,NULL,25,25,0,0,No,NONE,126,447720.884937,553342.775903,,DVRPC,0,Moderate Injury,8014135
7427693,2008111008-7753,Aug-53,2008,MERCER,Princeton Township,5/8/2008 0:00,Thursday,May,12/31/1899 17:41,1,PRINCETON TOWNSHIP,,0,0,1,0,0,Injury,At Intersection,No,No,Pedalcyclist,1,NORTH HARRISON ST,NULL,,,11101147,,Municipal,Straight and Level,Blacktop,Dry,Daylight,Clear,Curbed Median,None,,At,NULL,TERHUNE ROAD,NULL,,NULL,30,30,0,0,No,,241,,,,DVRPC,0,Pain,8156129
7427317,2008111008-12512,08-12512,2008,MERCER,Princeton Township,7/23/2008 0:00,Wednesday,July,12/31/1899 9:25,1,PRINCETON TOWNSHIP,,0,0,1,0,1,Injury,At Intersection,No,No,Pedalcyclist,1,HARRISON STREET,NULL,,,11101147,,Municipal,Straight and Level,Blacktop,Dry,Daylight,Clear,Curbed Median,None,,At,NULL,TERHUNE ROAD,NULL,,NULL,30,30,0,0,No,,97,,,,DVRPC,1,Moderate Injury,8167042
7427757,200811102008-8297,2008-8297,2008,MERCER,Princeton Township,5/16/2008 0:00,Friday,May,12/31/1899 15:23,1,PRINCETON TOWNSHIP,,0,0,1,0,0,Injury,At Intersection,No,No,Pedalcyclist,1,EWING STREET,NULL,,,11101135,,Municipal,Straight and Level,Blacktop,Wet,Daylight,Rain,None,None,,At,NULL,GUYOT AVENUE,NULL,,NULL,25,25,0,0,No,NONE,173,,,,DVRPC,0,Pain,8110123
7427675,2008111008-7275,Aug-75,2008,MERCER,Princeton Township,4/30/2008 0:00,Wednesday,April,12/31/1899 17:29,1,PRINCETON TOWNSHIP,,0,0,1,0,0,Injury,At Intersection,No,No,Pedalcyclist,1,NJ 27,NULL,27,,27,1.43,State Highway,Straight and Level,Blacktop,Dry,Daylight,Clear,None,None,,At,NULL,RIVERSIDE DRIVE,NULL,,NULL,35,25,40.35652,74.63949,No,,196,453252.734946,554815.251236,,DVRPC,0,Pain,8080351
7427689,2008111008-7705,Aug-05,2008,MERCER,Princeton Township,5/7/2008 0:00,Wednesday,May,12/31/1899 16:44,1,PRINCETON TOWNSHIP,,0,1,1,0,0,Injury,Not At Intersection,No,No,Pedalcyclist,1,ROUTE 571,NULL,571,,571,43.5,County,Straight and Grade,Blacktop,Dry,Daylight,Clear,None,None,100,Foot,South,IVY LANE,NULL,,NULL,25,25,40.34347,74.6517,No,NONE,181,449840.692326,550066.026744,,DVRPC,0,Incapacitating Injury,8110125
7427633,2008111008-559,08-559,2008,MERCER,Princeton Township,1/11/2008 0:00,Friday,January,12/31/1899 8:46,1,PRINCETON TOWNSHIP,,0,0,1,0,0,Injury,At Intersection,No,No,Pedalcyclist,1,MERCER COUNTY 629,NULL,629,,11000629,0.03,County,Straight and Level,Blacktop,Dry,Daylight,Overcast,None,None,,At,NULL,WESTERN WAY,NULL,,NULL,25,25,40.35025,74.64268,No,NONE,241,452358.583635,552532.401367,,DVRPC,0,Moderate Injury,8002900
7427356,2008111008-14687,08-14687,2008,MERCER,Princeton Township,8/28/2008 0:00,Thursday,August,12/31/1899 12:13,1,PRINCETON TOWNSHIP,,0,0,1,0,0,Injury,Not At Intersection,No,No,Pedalcyclist,1,BUNN DRIVE,NULL,,,11101117,0.076,Municipal,Curve and Grade,Blacktop,Dry,Daylight,Clear,None,None,400,Foot,North,NORTH HARRISON STREET,NULL,,NULL,35,30,0,0,No,,241,448599.832554,559384.740038,,DVRPC,0,Pain,8186743
7427729,2008111008-9036,Aug-36,2008,MERCER,Princeton Township,5/29/2008 0:00,Thursday,May,12/31/1899 15:28,1,PRINCETON TOWNSHIP,,0,0,1,0,0,Injury,Not At Intersection,No,No,Pedalcyclist,1,HARTLEY AVENUE,NULL,,,11101065,0.002,Municipal,Straight and Level,Blacktop,Dry,Daylight,Clear,None,None,10,Foot,West,SOUTH HARRISON SREET,NULL,,NULL,25,25,0,0,No,,252,453209.927709,551080.610042,,DVRPC,0,Moderate Injury,8141680
7427393,2008111008-15971,08-15971,2008,MERCER,Princeton Township,9/18/2008 0:00,Thursday,September,12/31/1899 15:24,1,PRINCETON TOWNSHIP,,0,1,1,0,0,Injury,Not At Intersection,No,No,Pedalcyclist,1,FRANKLIN AVENUE,NULL,,,11101152,0.508,Municipal,Straight and Level,Blacktop,Dry,Daylight,Clear,None,None,203,Foot,North,TEE-AR PLACE,NULL,,NULL,25,25,0,0,No,,97,449737.114885,555576.238329,,DVRPC,0,Incapacitating Injury,8219275
7430557,20081111331-08206313,331-08206313,2008,MERCER,Trenton City,11/26/2008 0:00,Wednesday,November,12/31/1899 7:43,1,TRENTON,SOUTH,0,0,1,0,0,Injury,Not At Intersection,No,No,Pedalcyclist,1,S STOCKTON ST,NULL,,,11111549,0.489,Municipal,Straight and Grade,Blacktop,Dry,Daylight,Clear,NULL,None,260,Foot,North,MARKET STREET,NULL,,NULL,25,,0,0,No,,***,,,,DVRPC,0,Pain,8257407
7429394,20081111166-08113804,166-08113804,2008,MERCER,Trenton City,6/14/2008 0:00,Saturday,June,12/31/1899 21:15,,TRENTON,EAST PRECINCT,0,0,1,0,0,Injury,At Intersection,No,No,Pedalcyclist,1,MERCER COUNTY 606,NULL,606,,11000606,1.47,County,Straight and Level,Blacktop,Wet,Dark (Street Lights On/ continuous),Rain,Painted Median,None,,At,NULL,CR 622,NULL,,NULL,25,25,40.21976,74.73259,No,,***,427177.123246,505052.277287,,DVRPC,0,Pain,8115274
7429747,2.00811112070814E+018,20708140935,2008,MERCER,Trenton City,7/25/2008 0:00,Friday,July,12/31/1899 18:08,1,TRENTON P.D,PATROL,0,0,1,0,0,Injury,Not At Intersection,No,No,Pedalcyclist,1,S CLINTON AVE,NULL,,,11031969,3.43,Municipal,Straight and Level,Blacktop,Dry,Daylight,Clear,Curbed Median,Construction Zone,250,Foot,South,RAUL WAILENBERG,NULL,,NULL,25,,40.21723,74.75471,No,,341,420997.36923,504147.62035,,DVRPC,0,Moderate Injury,8162724