ID,DOT_WEB_ID,CASE_NUMBER,CRASH_YEAR,COUNTY,MUNICIPALITY,CRASH_DATE,CRASH_DAY_OF_WEEK,CRASH_MONTH,CRASH_TIME,POLICE_DEPT_CODE,POLICE_DEPARTMENT,POLICE_STATION,TOTAL_KILLED,TOTAL_INCAPACITATED,TOTAL_INJURED,PEDESTRIANS_KILLED,PEDESTRIANS_INJURED,SEVERITY,INTERSECTION,ALCOHOL_INVOLVED,HAZMAT_INVOLVED,CRASH_TYPE,TOTAL_VEHICLES_INVOLVED,CRASH_LOCATION,LOCATION_DIRECTION,ROUTE,ROUTE_SUFFIX,SRI,MILEPOST,ROAD_SYSTEM,ROAD_CHARACTER,ROAD_SURFACE_TYPE,SURFACE_CONDITION,LIGHT_CONDITION,ENVIRONMENTAL_CONDITION,ROAD_DIVIDED_BY,TEMP_TRAFFIC_CONTROL_ZONE,DISTANCE_TO_CROSS_STREET,UNIT_OF_MEASUREMENT,DIRECTION_FROM_CROSS_STREET,CROSS_STREET_NAME,IS_RAMP,RAMP_TO_FROM_ROUTE_NAME,RAMP_TO_FROM_ROUTE_DIRECTION,POSTED_SPEED,POSTED_SPEED_CROSS_STREET,LATITUDE,LONGITUDE,CELL_PHONE_IN_USE,OTHER_PROPERTY_DAMAGE,REPORTING_BADGE_NO,X,Y,CRASH_NARRATIVE,MPO,TOTAL_PEDESTRIANS_INVOLVED,EPDO,DLN
7429237,20081111151-08103834,151-08103834,2008,MERCER,Trenton City,5/30/2008 0:00,Friday,May,12/31/1899 8:41,1,TRENTON,WEST PATROL,0,0,1,0,0,Injury,Not At Intersection,No,No,Pedalcyclist,1,OAKLAND STREET,NULL,,,11111565,0.48,Municipal,Straight and Level,Blacktop,Dry,Daylight,Clear,None,None,200,Foot,NULL,HOFFMAN AVE,NULL,,NULL,,,0,0,No,BICYCLE,350,414286.805319,511403.669892,,DVRPC,0,Moderate Injury,8102135
7427779,20081111001-07000073,001-07000073,2008,MERCER,Trenton City,1/1/2008 0:00,Tuesday,January,12/31/1899 1:57,1,CITY OF TRENTON,PATROL/EAST,0,0,1,0,0,Injury,At Intersection,No,No,Pedalcyclist,1,MERCER COUNTY 606,NULL,606,,11000606,0.67,County,Straight and Level,Blacktop,Wet,Dark (No Street Lights),Clear,None,None,,At,NULL,HANFORD PL,NULL,,NULL,25,,40.21598,74.74699,No,NONE,***,423146.24,503684.43,,DVRPC,0,Pain,8008771
7430061,2.00811112530817E+018,25308171773,2008,MERCER,Trenton City,9/9/2008 0:00,Tuesday,September,12/31/1899 16:42,1,TRENTON,PATROL SOUTH,0,0,1,0,0,Injury,Not At Intersection,No,No,Pedalcyclist,1,S COOPER ST,South,,,,,Municipal,Straight and Level,Blacktop,Dry,Daylight,Overcast,None,None,150,Foot,NULL,SHEPPARD STREET,NULL,,NULL,25,,0,0,No,,166,,,,DVRPC,0,Moderate Injury,8199468
7430103,20081111260-08176340,260-08176340,2008,MERCER,Trenton City,9/16/2008 0:00,Tuesday,September,12/31/1899 18:18,,TRENTON PD,TRENTON,0,0,1,0,0,Injury,Not At Intersection,No,No,Pedalcyclist,1,MARKET STREET,NULL,,,11111526,0.66,Municipal,Straight and Level,Blacktop,Dry,Daylight,Clear,Painted Median,None,60,Foot,East,SOUTH BROAD STREET,NULL,,NULL,25,25,40.21791,74.75753,No,,652,420209.64,504397.92,,DVRPC,0,Moderate Injury,8201166
7428888,20081111117-08080978,117-08080978,2008,MERCER,Trenton City,4/26/2008 0:00,Saturday,April,12/31/1899 14:29,1,TRENTON N.J.,225 N. CLINTON?,0,0,1,0,0,Injury,At Intersection,No,No,Pedalcyclist,1,COOLIDGE AVENUE,NULL,,,11111341,0.04,Municipal,Straight and Level,Blacktop,Wet,Daylight,Clear,None,None,,At,NULL,OLIVER AVE.,NULL,,NULL,25,,0,0,No,,***,415306.000949,511647.235939,,DVRPC,0,Pain,8104312
7429213,20081111148-08101796,148-08101796,2008,MERCER,Trenton City,5/27/2008 0:00,Tuesday,May,12/31/1899 8:25,,TRENTON,EAST,0,0,1,0,0,Injury,At Intersection,No,No,Pedalcyclist,1,NJ 33,NULL,33,,33,0.11,State Highway,Straight and Level,Blacktop,Wet,Daylight,Rain,None,None,,At,NULL,CR 626,NULL,,NULL,25,25,40.21751,74.75574,No,,178,420709.950202,504250.073676,,DVRPC,0,Pain,8153247
7429901,20081111229-08155391,229-08155391,2008,MERCER,Trenton City,8/16/2008 0:00,Saturday,August,12/31/1899 0:50,1,TRENTON,SOUTH PATROL,0,0,1,0,0,Injury,Not At Intersection,Yes,No,Pedalcyclist,1,US 206,South,206,,206,44.5,State Highway,Straight and Level,Blacktop,Dry,Dark (Street Lights On/ continuous),Clear,Painted Median,None,50,Foot,South,FURMAN STREET,NULL,,NULL,25,25,40.23954,74.7493,No,,635,422529.874911,512268.316177,,DVRPC,0,Pain,8164177
7429996,20081111246-08167197,246-08167197,2008,MERCER,Trenton City,9/2/2008 0:00,Tuesday,September,12/31/1899 20:09,1,TRENTON,PATROL/SOUTH,0,0,1,0,0,Injury,At Intersection,No,No,Pedalcyclist,1,SECOND ST,North,,,11111529,0.58,Municipal,Straight and Level,Blacktop,Dry,Dark (Street Lights On/ continuous),Clear,None,None,,At,NULL,SCHENCK STREET,NULL,,NULL,25,25,40.2043,74.75666,No,,***,420440.096411,499436.74366,,DVRPC,0,Moderate Injury,8199924
7429418,2.00811111680814E+018,16808144966,2008,MERCER,Trenton City,6/16/2008 0:00,Monday,June,12/31/1899 19:41,1,TRENTON P.D.,PATROL-W.,0,0,1,0,0,Injury,At Intersection,No,No,Pedalcyclist,1,PASSAIC STREET,NULL,,,,,Municipal,Straight and Level,Concrete,Dry,Dusk,Overcast,None,None,,At,NULL,CASPER ALLEY,NULL,,NULL,25,15,0,0,No,,630,,,,DVRPC,0,Pain,8115252
7429384,2.00811111650811E+018,16508113033,2008,MERCER,Trenton City,6/12/2008 0:00,Thursday,June,12/31/1899 17:35,1,TRENTON,EAST,0,0,1,0,0,Injury,At Intersection,No,No,Pedalcyclist,1,CHESTNUT AVE,North,,,11111537,0.79,Municipal,Straight and Level,Blacktop,Dry,Daylight,Clear,None,None,,At,NULL,ROEBLING AVENUE,NULL,,NULL,25,25,40.21086,74.7464,No,,***,423309.916144,501818.236002,,DVRPC,0,Pain,8154646
7429404,20081111167-08114113,167-08114113,2008,MERCER,Trenton City,6/15/2008 0:00,Sunday,June,12/31/1899 10:05,1,TRENTON,NORTH,0,0,1,0,0,Injury,Not At Intersection,No,No,Pedalcyclist,1,SPRING STREET,West,,,11111377,0.424,Municipal,Straight and Level,Blacktop,Dry,Daylight,Clear,None,None,600,Foot,East,CR 653,NULL,,NULL,25,25,0,0,No,,464,416526.358807,506651.018793,,DVRPC,0,Pain,8154663
7428341,2.00811110630804E+018,6308043873,2008,MERCER,Trenton City,3/3/2008 0:00,Monday,March,12/31/1899 14:10,1,TRENTON,PATROL SOUTH,0,0,1,0,1,Injury,At Intersection,No,No,Pedalcyclist,1,S CLINTON AVE,NULL,,,11031969,3.55,Municipal,Straight and Level,Blacktop,Dry,Daylight,Clear,None,None,,At,NULL,ROEBLING MARKET ENTRANCE,NULL,,NULL,25,5,40.21895,74.75502,No,V-1 WAS ISSUED SUMMONS QQ942601 CARELESS DRIVING 39:4-97,517,420912.92867,504774.902029,,DVRPC,1,Pain,8037854
7430425,20081111315-08-205025,315-08-205025,2008,MERCER,Trenton City,11/10/2008 0:00,Monday,November,12/31/1899 10:00,1,TRENTON,PATROL,0,0,1,0,0,Injury,At Intersection,No,No,Pedalcyclist,1,S CLINTON AVE,NULL,,,11031969,3.41,Municipal,Straight and Level,Blacktop,Dry,Daylight,Clear,None,None,,At,NULL,NJ 33,NULL,,NULL,25,25,40.21694,74.75465,No,,628,421013.9335,504042.620451,,DVRPC,0,Pain,8244142
7428406,20081111070-08048249,070-08048249,2008,MERCER,Trenton City,3/10/2008 0:00,Monday,March,12/31/1899 7:56,1,TRENTON P.D.,PATROL WEST,0,0,1,0,0,Injury,Not At Intersection,No,No,Pedalcyclist,1,PERRY ST,NULL,,,11111556,,Municipal,Straight and Level,Blacktop,Dry,Daylight,Clear,None,NULL,50,Foot,NULL,PERRY,NULL,,NULL,25,,0,0,No,NONE,***,,,,DVRPC,0,Pain,8055741
7429959,20081111240-08163072,240-08163072,2008,MERCER,Trenton City,8/27/2008 0:00,Wednesday,August,12/31/1899 20:04,1,TRENTON,EAST,0,0,1,0,0,Injury,Not At Intersection,No,No,Pedalcyclist,1,CLEVELAND AVE,NULL,,,,,Municipal,Straight and Level,Blacktop,Dry,Dark (Street Lights On/ continuous),Clear,None,None,,NULL,South,WILMAR ALLEY,NULL,,NULL,25,15,0,0,No,,***,,,,DVRPC,0,Pain,8199732
7430291,20081111294-08197252,294-08197252,2008,MERCER,Trenton City,10/20/2008 0:00,Monday,October,,1,TRENTON,SOUTH PATROL,0,0,1,0,0,Injury,At Intersection,No,No,Pedalcyclist,1,CASS ST,West,,,11111527,0.26,Municipal,Straight and Level,Blacktop,Dry,Daylight,Clear,Painted Median,None,,At,NULL,THIRD STREET,NULL,,NULL,25,25,40.20575,74.75599,No,,***,420626.231303,499965.965751,,DVRPC,0,Moderate Injury,8225505
7430383,20081111311-08204735,311-08204735,2008,MERCER,Trenton City,11/6/2008 0:00,Thursday,November,12/31/1899 10:35,1,CITY OF TRENTON,PATROL 136,0,0,1,0,0,Injury,At Intersection,No,No,Pedalcyclist,1,MERCER COUNTY 653,NULL,653,,11000653,0,County,Straight and Level,Blacktop,Wet,Daylight,Rain,None,None,,At,NULL,WEST STATE STREET,NULL,,NULL,25,,40.2224,74.77485,No,,***,415379.69,506046.67,,DVRPC,0,Pain,8242275
7429256,2.0081111152081E+018,15208104894,2008,MERCER,Trenton City,5/31/2008 0:00,Saturday,May,12/31/1899 21:55,,TRENTON,EAST,0,0,1,0,0,Injury,At Intersection,No,No,Pedalcyclist,1,ANDERSON STREET,West,,,11111159,0.72,Municipal,Straight and Level,Blacktop,Dry,Dark (Street Lights On/ continuous),Clear,None,None,,At,NULL,KENT,NULL,,NULL,25,25,0,0,No,,***,423991.216567,503113.465388,,DVRPC,0,Pain,8102116
7430176,20081111272-08183949,272-08183949,2008,MERCER,Trenton City,9/27/2008 0:00,Saturday,September,12/31/1899 19:00,1,TRENTON,SOUTH,0,0,1,0,0,Injury,At Intersection,No,No,Pedalcyclist,1,LIVINGSTON STREET,NULL,,,11111331,0,Municipal,Straight and Grade,Concrete,Dry,Dark (Street LIghts On/ spot),Clear,None,Maintenance Zone,,At,NULL,US 206,NULL,,NULL,25,,40.21694,74.76327,No,,***,418607.52,504047.97,,DVRPC,0,Pain,8207643
7431136,200811122008-012869,2008-012869,2008,MERCER,Washington Twp  (Mercer Co),6/21/2008 0:00,Saturday,June,12/31/1899 15:09,1,ROBBINSVILLE TWP.,,0,0,1,0,0,Injury,Not At Intersection,No,No,Pedalcyclist,1,TINDALL RD,North,,,,,Municipal,Straight and Level,Blacktop,Dry,Daylight,Clear,None,None,,NULL,NULL,,NULL,,NULL,35,,0,0,No,,523,,,,DVRPC,0,Moderate Injury,8140389
7432516,200811132008-14490,2008-14490,2008,MERCER,West Windsor Township,5/27/2008 0:00,Tuesday,May,12/31/1899 14:52,1,WEST WINDSOR,2008-14490,0,0,1,0,0,Injury,Not At Intersection,No,No,Pedalcyclist,1,PARK HILL TERRACE,South,,,11131080,0.512,Municipal,Straight and Level,Blacktop,Dry,Daylight,Clear,None,None,800,Foot,North,CANDLEWOOD DRIVE,NULL,,NULL,25,25,0,0,No,,568,461690.140115,531106.529875,,DVRPC,0,Moderate Injury,8155146
7432043,2008111308-27756,08-27756,2008,MERCER,West Windsor Township,10/23/2008 0:00,Thursday,October,12/31/1899 15:29,1,WEST WINDSOR TOWNSHIP,08-27756,0,0,1,0,0,Injury,Not At Intersection,No,No,Pedalcyclist,1,CLARKSVILLE RD,NULL,,,,,Mun Auth,Straight and Level,Blacktop,Dry,Daylight,Clear,None,None,,NULL,NULL,WEST WINDSOR PLAINSBORO H.S. SOUTH,NULL,,NULL,,,0,0,No,,538,,,,DVRPC,0,Moderate Injury,8236886
7720814,2009110109-15474,09-15474,2009,MERCER,East Windsor Township,11/9/2009 0:00,Monday,November,12/31/1899 17:55,1,EAST WINDSOR TWP PD,UNIFORM SERVIC?,0,0,2,0,0,Injury,Not At Intersection,No,No,Pedalcyclist,1,36 WINDSOR REGENCY,East,,,,,Private Property,Straight and Level,Blacktop,Dry,Dark (Street Lights Off),Clear,None,None,,NULL,NULL,,NULL,,NULL,15,,0,0,No,NONE,78,,,,DVRPC,0,Pain,9255361
7720597,2009110109-10046,09-10046,2009,MERCER,East Windsor Township,7/22/2009 0:00,Wednesday,July,12/31/1899 19:01,1,EAST WINDSOR TWP PD,PATROL,0,0,1,0,0,Injury,Not At Intersection,No,No,Pedalcyclist,1,NJ 33,East,33,,33,15.16,State Highway,Straight and Level,Blacktop,Dry,Dusk,Clear,None,None,25,Foot,East,WOODSIDE AVE,NULL,,NULL,55,25,40.26893,74.50854,No,,61,489741.220983,522878.555595,,DVRPC,0,Pain,9170508
7720667,2009110109-11699,09-11699,2009,MERCER,East Windsor Township,8/26/2009 0:00,Wednesday,August,12/31/1899 14:42,1,EAST WINDSOR TWP PD,TRAFFIC BUREAU,0,0,1,0,0,Injury,At Intersection,No,No,Pedalcyclist,1,US 130,South,130,,130,69.79,State Highway,Straight and Level,Blacktop,Dry,Daylight,Clear,Grass Median,None,,At,NULL,OLD CRANBERRY RD,NULL,,NULL,45,40,40.28646,74.52545,No,,72,485023.96685,529262.682001,,DVRPC,0,Pain,9185587
7721237,2009110109-9121,Sep-21,2009,MERCER,East Windsor Township,7/4/2009 0:00,Saturday,July,12/31/1899 14:35,1,EAST WINDSOR TWP PD,TRAFFIC BUREAU,0,0,1,0,0,Injury,Not At Intersection,No,No,Pedalcyclist,1,EVANSTON DRIVE,North,,,11011155,0.095,Municipal,Straight and Level,Blacktop,Dry,Daylight,Clear,None,None,500,Foot,North,TWIN RIVERS DR,NULL,,NULL,25,35,0,0,No,,72,495507.213126,520396.85107,,DVRPC,0,Pain,9137842
7720881,2009110109-16886,09-16886,2009,MERCER,East Windsor Township,12/9/2009 0:00,Wednesday,December,12/31/1899 15:44,1,EAST WINDSOR TWP PD,TRAFFIC SAFETY,0,0,1,0,0,Injury,Not At Intersection,No,No,Pedalcyclist,1,PROBASCO ROAD,South,,,11011148,0.15,Municipal,Straight and Level,Blacktop,Dry,Daylight,Clear,None,None,100,Foot,North,DANBURY COURT,NULL,,NULL,40,25,40.27447,74.49283,No,,563,494124.931288,524896.148233,,DVRPC,0,Moderate Injury,9286904
7720829,2009110109-15870,09-15870,2009,MERCER,East Windsor Township,11/17/2009 0:00,Tuesday,November,12/31/1899 20:53,1,EAST WINDSOR TWP PD,TRAFFIC SAFETY,0,0,1,0,0,Injury,Not At Intersection,No,No,Pedalcyclist,1,US 130,South,130,,130,68.62,State Highway,Straight and Level,Blacktop,Dry,Dark (Street Lights On/ continuous),Clear,None,None,250,Foot,North,ROUTE 571 / PRCTN-WRSTN RD / STOCKT,NULL,,NULL,45,45,0,0,No,,563,481432.22,524224.55,,DVRPC,0,Pain,9268179
7721001,2009110109-3092,Sep-92,2009,MERCER,East Windsor Township,3/7/2009 0:00,Saturday,March,12/31/1899 0:04,1,EAST WINDSOR TWP PD,PATROL,0,0,1,0,0,Injury,At Intersection,No,No,Pedalcyclist,1,NJ 33,East,33,,33,15.52,State Highway,Straight and Level,Blacktop,Dry,Dark (Street Lights On/ continuous),Clear,Grass Median,None,,At,NULL,MILFORD ROAD,NULL,,NULL,55,50,40.26895,74.50231,No,,61,491479.85,522884.64,,DVRPC,0,Pain,9044266
7722096,20091102I-2009-019433,I-2009-019433,2009,MERCER,Ewing Township,7/10/2009 0:00,Friday,July,12/31/1899 15:08,1,EWING TWP PD,SQUAD3 TRAFFIC,0,0,1,0,0,Injury,Not At Intersection,No,No,Pedalcyclist,1,1632 OLDEN AVE PARKING LOT,NULL,,,,,Private Property,Straight and Level,Blacktop,Dry,Daylight,Clear,None,None,,NULL,NULL,,NULL,,NULL,,,0,0,No,,149,,,,DVRPC,0,Moderate Injury,9152683
7721989,20091102I-2009-015171,I-2009-015171,2009,MERCER,Ewing Township,5/26/2009 0:00,Tuesday,May,12/31/1899 16:08,1,EWING TWP PD,P2-A,0,0,1,0,0,Injury,Not At Intersection,No,No,Pedalcyclist,1,NJ 31,NULL,31,,31,2.45,State Highway,Straight and Level,Blacktop,Wet,Daylight,Rain,None,None,80,Foot,North,SOMERSET STREET,NULL,,NULL,40,35,40.25848,74.7795,No,,105,414122.354652,519193.200958,,DVRPC,0,Pain,9100085
7722347,20091102I-2009-029862,I-2009-029862,2009,MERCER,Ewing Township,10/22/2009 0:00,Thursday,October,12/31/1899 9:10,1,EWING TWP PD,SQUAD 1B,0,0,1,0,0,Injury,Not At Intersection,No,No,Pedalcyclist,1,1600 OLDEN AVENUE,NULL,,,,,Private Property,Straight and Level,Blacktop,Dry,Daylight,Clear,None,None,,NULL,NULL,,NULL,,NULL,,,0,0,No,,169,,,,DVRPC,0,Pain,9250183
7721824,20091102I-2009-009661,I-2009-009661,2009,MERCER,Ewing Township,4/2/2009 0:00,Thursday,April,12/31/1899 17:45,1,EWING TWP PD,P2-A,0,0,1,0,0,Injury,Not At Intersection,No,No,Pedalcyclist,1,1675 PENNINGTON ROAD,NULL,,,,,Private Property,Straight and Level,Concrete,Dry,Daylight,Clear,None,None,,NULL,NULL,,NULL,,NULL,,,0,0,No,NONE,105,,,,DVRPC,0,Pain,9057056
7722230,20091102I-2009-025194,I-2009-025194,2009,MERCER,Ewing Township,9/5/2009 0:00,Saturday,September,12/31/1899 13:54,1,EWING TWP PD,P2-A,0,0,1,0,0,Injury,Not At Intersection,No,No,Pedalcyclist,1,MERCER COUNTY 622,NULL,622,,11000622,4.95,County,Straight and Level,Blacktop,Dry,Daylight,Clear,None,None,75,Foot,West,CR 627,NULL,,NULL,40,25,40.24645,74.76548,No,,105,418022.476253,514800.663924,,DVRPC,0,Moderate Injury,9200000
7723321,2009110309-23528,09-23528,2009,MERCER,Hamilton Twp (Mercer Co),5/28/2009 0:00,Thursday,May,12/31/1899 17:01,1,HAMILTON TWP PD (MERCER),,0,0,1,0,0,Injury,Not At Intersection,No,No,Pedalcyclist,1,ROUTE 524,NULL,524,,524,1.64,County,Straight and Level,Concrete,Wet,Daylight,Rain,None,None,50,Foot,East,OAK LA,NULL,,NULL,35,,40.18247,74.67611,No,,427,442919.899141,491431.231431,,DVRPC,0,Pain,9102933
7723374,2009110309-24602,09-24602,2009,MERCER,Hamilton Twp (Mercer Co),6/4/2009 0:00,Thursday,June,12/31/1899 0:03,1,HAMILTON TWP PD (MERCER),,0,0,1,0,0,Injury,At Intersection,No,No,Pedalcyclist,1,ROUTE 533,NULL,533,,533,5.56,County,Straight and Level,Blacktop,Wet,Dark (Street Lights On/ continuous),Rain,None,None,,At,NULL,YOUNGS RD,NULL,,NULL,40,25,40.26384,74.67496,No,,304,443300.28,521070.73,,DVRPC,0,Pain,9106205
7723797,2009110309-33181,09-33181,2009,MERCER,Hamilton Twp (Mercer Co),7/27/2009 0:00,Monday,July,12/31/1899 17:38,1,HAMILTON TWP PD (MERCER),,0,0,1,0,0,Injury,At Intersection,No,No,Pedalcyclist,1,GRAND AVE,NULL,,,11031468,0.12,Municipal,Straight and Level,Blacktop,Dry,Daylight,Clear,None,None,,At,NULL,RENNIE ST.,NULL,,NULL,25,25,0,0,No,,364,428973.877115,498101.021961,,DVRPC,0,Moderate Injury,9155157
7724108,2009110309-40260,09-40260,2009,MERCER,Hamilton Twp (Mercer Co),9/7/2009 0:00,Monday,September,12/31/1899 10:08,1,HAMILTON TWP PD (MERCER),,0,0,1,0,0,Injury,Not At Intersection,No,No,Pedalcyclist,1,E PARK AVE,NULL,,,11031983,0.26,Municipal,Straight and Level,Blacktop,Dry,Daylight,Clear,None,None,2,Foot,North,S BROAD ST,NULL,,NULL,25,35,0,0,No,,302,429449.780055,496492.689982,,DVRPC,0,Moderate Injury,9192609
7724337,2009110309-45315,09-45315,2009,MERCER,Hamilton Twp (Mercer Co),10/9/2009 0:00,Friday,October,12/31/1899 18:30,1,HAMILTON TWP PD (MERCER),,0,0,1,0,0,Injury,At Intersection,No,No,Pedalcyclist,1,FERNDALE AVE,West,,,11031087,0,Municipal,Straight and Level,Blacktop,Dry,Dusk,Clear,None,None,,At,NULL,FAIRLAWN AVE.,NULL,,NULL,25,25,0,0,No,,384,439266.620002,516736.869966,,DVRPC,0,Moderate Injury,9225126
7723794,2009110309-33117,09-33117,2009,MERCER,Hamilton Twp (Mercer Co),7/27/2009 0:00,Monday,July,12/31/1899 11:31,1,HAMILTON TWP PD (MERCER),,0,0,1,0,0,Injury,At Intersection,No,No,Pedalcyclist,1,MERCER COUNTY 622,NULL,622,,11000622,,County,Straight and Level,Blacktop,Dry,Daylight,Overcast,None,None,,At,NULL,EDMUND ST.,NULL,,NULL,30,25,0,0,No,,364,,,,DVRPC,0,Moderate Injury,9155104
7724181,2009110309-42206,09-42206,2009,MERCER,Hamilton Twp (Mercer Co),9/18/2009 0:00,Friday,September,12/31/1899 14:08,1,HAMILTON TWP PD (MERCER),,0,0,1,0,0,Injury,Not At Intersection,No,No,Pedalcyclist,1,FORMAN DR,South,,,11031064,0.221,Municipal,Straight and Level,Blacktop,Dry,Daylight,Clear,None,None,5,Foot,North,NOTTINGHAM WAY,NULL,,NULL,25,40,0,0,No,,418,,,,DVRPC,0,Moderate Injury,9207335
7724386,2009110309-46169,09-46169,2009,MERCER,Hamilton Twp (Mercer Co),10/15/2009 0:00,Thursday,October,12/31/1899 15:09,1,HAMILTON TWP PD (MERCER),,0,0,1,0,0,Injury,Not At Intersection,No,No,Pedalcyclist,1,MERCER COUNTY 606,West,606,,11000606,,County,Straight and Level,Blacktop,Wet,Daylight,Rain,None,None,50,Foot,East,JOHNSTON AVE.,NULL,,NULL,35,25,0,0,No,NONE,389,,,,DVRPC,0,Moderate Injury,9229021
7723330,2009110309-23699,09-23699,2009,MERCER,Hamilton Twp (Mercer Co),5/29/2009 0:00,Friday,May,12/31/1899 16:28,1,HAMILTON TWP PD (MERCER),,0,0,1,0,0,Injury,At Intersection,No,No,Pedalcyclist,1,NJ 33,NULL,33,,33,4.38,State Highway,Straight and Level,Blacktop,Dry,Daylight,Overcast,None,None,,At,NULL,WESTON AVE,NULL,,NULL,40,25,40.23209,74.6816,No,DAMAGE TO BICYCLE,364,441423.85013,509510.798095,,DVRPC,0,Moderate Injury,9106906
7724237,2009110309-43255,09-43255,2009,MERCER,Hamilton Twp (Mercer Co),9/26/2009 0:00,Saturday,September,12/31/1899 12:34,1,HAMILTON TWP PD (MERCER),,0,0,1,0,0,Injury,At Intersection,No,No,Pedalcyclist,1,ROUTE 535,East,535,,535,3.51,County,Straight and Level,Blacktop,Dry,Daylight,Clear,None,None,,At,NULL,STEINER AVE,NULL,,NULL,35,25,40.23712,74.6865,No,,322,439948.756738,511295.037301,,DVRPC,0,Pain,9222149
7724537,2009110309-48527,09-48527,2009,MERCER,Hamilton Twp (Mercer Co),10/31/2009 0:00,Saturday,October,12/31/1899 14:24,1,HAMILTON TWP PD (MERCER),,0,0,1,0,0,Injury,Not At Intersection,No,No,Pedalcyclist,1,ROUTE 524,North,524,,524,1.94,County,Straight and Level,Blacktop,Dry,Daylight,Overcast,None,None,150,Foot,North,CR 609/CR 672/S BROAD ST/YARDVILLE-,NULL,,NULL,35,35,40.17963,74.67194,No,TWO BICYCLES OWNED BY UNKNOWN FRIENDS OF B1 & B2,418,444084.344127,490393.742981,,DVRPC,1,Pain,9247884
7723279,2009110309-22452,09-22452,2009,MERCER,Hamilton Twp (Mercer Co),5/22/2009 0:00,Friday,May,12/31/1899 12:59,1,HAMILTON TWP PD (MERCER),,0,0,1,0,0,Injury,Not At Intersection,No,No,Pedalcyclist,1,MERCER COUNTY 672,West,672,,11000672,0.93,County,Straight and Level,Blacktop,Dry,Daylight,Clear,None,None,300,Foot,East,TEA ROSE LANE,NULL,,NULL,40,25,40.16587,74.65714,No,BICYCLE,302,448208.904976,485374.580029,,DVRPC,0,Moderate Injury,9101806
7724750,2009110309-52578,09-52578,2009,MERCER,Hamilton Twp (Mercer Co),11/27/2009 0:00,Friday,November,12/31/1899 13:49,1,HAMILTON TWP PD (MERCER),,0,0,1,0,0,Injury,At Intersection,No,No,Pedalcyclist,1,US 206,NULL,206,,206,,State Highway,Straight and Level,Blacktop,Dry,Daylight,Clear,Curbed Median,None,,At,NULL,E. PARK AVE,NULL,,NULL,35,25,0,0,No,,302,,,,DVRPC,0,Moderate Injury,9265331
7723340,2009110309-23852,09-23852,2009,MERCER,Hamilton Twp (Mercer Co),5/30/2009 0:00,Saturday,May,12/31/1899 11:18,1,HAMILTON TWP PD (MERCER),,0,0,1,0,0,Injury,At Intersection,No,No,Pedalcyclist,1,RUTGERS AVE,North,,,11031427,0.36,Municipal,Straight and Level,Blacktop,Dry,Daylight,Clear,None,None,,At,NULL,BOXWOOD AVE.,NULL,,NULL,25,,0,0,No,,414,431914.841533,517742.763923,,DVRPC,0,Pain,9106662
7723652,2009110309-29492,09-29492,2009,MERCER,Hamilton Twp (Mercer Co),7/4/2009 0:00,Saturday,July,12/31/1899 8:55,1,HAMILTON TWP PD (MERCER),,0,0,1,0,0,Injury,Not At Intersection,No,No,Pedalcyclist,1,ROUTE 524,NULL,524,,524,1.91,County,Straight and Level,Blacktop,Dry,Daylight,Clear,None,None,5,Foot,East,CR 609/CR 672/S BROAD ST/YARDVILLE-,NULL,,NULL,25,40,40.17982,74.67244,No,,388,443943.66,490463.35,,DVRPC,0,Moderate Injury,9132591
7724776,2009110309-53034,09-53034,2009,MERCER,Hamilton Twp (Mercer Co),11/30/2009 0:00,Monday,November,12/31/1899 18:20,1,HAMILTON TWP PD (MERCER),,0,0,1,0,0,Injury,Not At Intersection,No,No,Pedalcyclist,1,GEORGE DYE RD,South,,,11031989,1.14,Municipal,Straight and Level,Blacktop,Wet,Dark (Street Lights On/ continuous),Rain,None,None,125,Foot,South,NJ 33,NULL,,NULL,25,,0,0,No,,392,451159.851566,506147.595895,,DVRPC,0,Moderate Injury,9267009
7723877,2009110309-3515,Sep-15,2009,MERCER,Hamilton Twp (Mercer Co),1/24/2009 0:00,Saturday,January,12/31/1899 12:47,1,HAMILTON TWP PD (MERCER),,0,0,1,0,0,Injury,At Intersection,No,No,Pedalcyclist,1,NJ 33,South,33,,33,1.8,State Highway,Straight and Level,Blacktop,Dry,Daylight,Clear,None,None,,At,NULL,JOHNSTON AVE,NULL,,NULL,30,25,40.22832,74.72815,No,,384,428425.377682,508167.391672,,DVRPC,0,Pain,9009582
7723295,2009110309-22954,09-22954,2009,MERCER,Hamilton Twp (Mercer Co),5/25/2009 0:00,Monday,May,12/31/1899 14:56,1,HAMILTON TWP PD (MERCER),,0,0,1,0,0,Injury,Not At Intersection,No,No,Pedalcyclist,1,KLEIN AVE,South,,,11031339,0.019,Municipal,Straight and Level,Blacktop,Dry,Daylight,Clear,None,None,100,Foot,South,HAMILTON AVE,NULL,,NULL,25,,0,0,No,,459,428610.887997,505439.891743,,DVRPC,0,Pain,9102879