ID,DOT_WEB_ID,CASE_NUMBER,CRASH_YEAR,COUNTY,MUNICIPALITY,CRASH_DATE,CRASH_DAY_OF_WEEK,CRASH_MONTH,CRASH_TIME,POLICE_DEPT_CODE,POLICE_DEPARTMENT,POLICE_STATION,TOTAL_KILLED,TOTAL_INCAPACITATED,TOTAL_INJURED,PEDESTRIANS_KILLED,PEDESTRIANS_INJURED,SEVERITY,INTERSECTION,ALCOHOL_INVOLVED,HAZMAT_INVOLVED,CRASH_TYPE,TOTAL_VEHICLES_INVOLVED,CRASH_LOCATION,LOCATION_DIRECTION,ROUTE,ROUTE_SUFFIX,SRI,MILEPOST,ROAD_SYSTEM,ROAD_CHARACTER,ROAD_SURFACE_TYPE,SURFACE_CONDITION,LIGHT_CONDITION,ENVIRONMENTAL_CONDITION,ROAD_DIVIDED_BY,TEMP_TRAFFIC_CONTROL_ZONE,DISTANCE_TO_CROSS_STREET,UNIT_OF_MEASUREMENT,DIRECTION_FROM_CROSS_STREET,CROSS_STREET_NAME,IS_RAMP,RAMP_TO_FROM_ROUTE_NAME,RAMP_TO_FROM_ROUTE_DIRECTION,POSTED_SPEED,POSTED_SPEED_CROSS_STREET,LATITUDE,LONGITUDE,CELL_PHONE_IN_USE,OTHER_PROPERTY_DAMAGE,REPORTING_BADGE_NO,X,Y,CRASH_NARRATIVE,MPO,TOTAL_PEDESTRIANS_INVOLVED,EPDO,DLN
7725796,2.00911042009059E+016,200905962,2009,MERCER,Hightstown Borough,6/4/2009 0:00,Thursday,June,12/31/1899 16:01,1,HIGHTSTOWN PD,BOROUGH,0,0,1,0,0,Injury,At Intersection,No,No,Pedalcyclist,1,MORRISON AVE,NULL,,,11041088,0.45,Municipal,Straight and Grade,Blacktop,Wet,Daylight,Rain,None,None,,At,NULL,SUMMIT STREET,NULL,,NULL,25,25,0,0,No,,111,483218.656189,522701.209428,,DVRPC,0,Pain,9138667
7726247,20091106HT2009-014745,HT2009-014745,2009,MERCER,Hopewell Twp (Mercer Co),6/30/2009 0:00,Tuesday,June,12/31/1899 12:44,1,HOPEWELL TWP PD,53,0,0,1,0,0,Injury,At Intersection,No,No,Pedalcyclist,1,ROUTE 579,North,579,,579,8.16,County,Straight and Grade,Blacktop,Dry,Daylight,Clear,None,None,,At,NULL,WOOSAMONSA RD,NULL,,NULL,45,25,40.34223,74.85115,No,,16,394248.28,549772.89,,DVRPC,0,Moderate Injury,9137015
7726139,20091106HT2009-009569,HT2009-009569,2009,MERCER,Hopewell Twp (Mercer Co),4/27/2009 0:00,Monday,April,12/31/1899 20:05,1,HOPEWELL TWP PD,51 NORTH,0,0,1,0,0,Injury,At Intersection,No,No,Pedalcyclist,1,MERCER COUNTY 640,East,640,,11000640,0,County,Curve and Grade,Blacktop,Dry,Dark (Street LIghts On/ spot),Clear,None,None,,At,NULL,PENNINGTON ROAD,NULL,,NULL,25,40,40.30864,74.7864,No,,40,412254.32,537470.99,,DVRPC,0,Pain,9083764
7726127,20091106HT2009-008942,HT2009-008942,2009,MERCER,Hopewell Twp (Mercer Co),4/20/2009 0:00,Monday,April,12/31/1899 6:02,1,HOPEWELL TWP PD,51,0,0,1,0,0,Injury,Not At Intersection,No,No,Pedalcyclist,1,MERCER COUNTY 624,East,624,,11000624,1.08,County,Straight and Level,Blacktop,Dry,Dawn,Clear,None,None,150,Foot,West,OLD MILL RD,NULL,,NULL,45,25,40.33601,74.77207,No,,31,416283.17,547430.18,,DVRPC,0,Moderate Injury,9080594
7727697,2009110709-6352-AC,09-6352-AC,2009,MERCER,Lawrence Twp (Mercer Co),2/11/2009 0:00,Wednesday,February,12/31/1899 8:00,1,LAWRENCE TWP PD,,0,0,1,0,0,Injury,At Intersection,No,No,Pedalcyclist,1,ROUTE 546,West,546,,546,8.38,County,Straight and Level,Blacktop,Wet,Daylight,Clear,None,None,,At,South,FRANKLIN RD / LEWISVILLE RD,NULL,,NULL,45,25,40.28866,74.72932,No,,192,428154.02,530145.65,,DVRPC,0,Moderate Injury,9022971
7726780,2009110709-16528-AC,09-16528-AC,2009,MERCER,Lawrence Twp (Mercer Co),4/18/2009 0:00,Saturday,April,12/31/1899 13:55,1,LAWRENCE TWP PD,,0,0,1,0,0,Injury,Not At Intersection,No,No,Pedalcyclist,1,ROUTE 533,West,533,,533,6.71,County,Straight and Level,Blacktop,Dry,Daylight,Clear,None,NULL,500,Foot,West,CR 608 / LAWRENCE STA. RD,NULL,,NULL,45,45,40.27938,74.67082,No,,185,444467.897663,526729.815021,,DVRPC,0,Moderate Injury,9081569
7726949,2009110709-24467-AC,09-24467-AC,2009,MERCER,Lawrence Twp (Mercer Co),6/14/2009 0:00,Sunday,June,12/31/1899 11:45,1,LAWRENCE TWP PD,,0,0,1,0,0,Injury,Not At Intersection,No,No,Pedalcyclist,1,ROUTE 583,NULL,583,,583,1.68,Municipal,Curve and Level,Blacktop,Dry,Daylight,Clear,Painted Median,None,40,Foot,North,IRWIN PL,NULL,,NULL,25,25,40.25734,74.73612,No,,220,426226.649371,518741.326596,,DVRPC,0,Pain,9124978
7728003,2009110809-3382,Sep-82,2009,MERCER,Pennington Borough,8/16/2009 0:00,Sunday,August,12/31/1899 12:20,1,PENNINGTON BORO PD,,0,0,1,0,0,Injury,At Intersection,No,No,Pedalcyclist,1,WEST DELAWARE,West,,,11081029,0.28,County,Straight and Level,Blacktop,Dry,Daylight,Clear,None,None,,At,NULL,GREEN STREET,NULL,,NULL,25,30,0,0,No,,716,410253.580735,544456.235407,,DVRPC,0,Moderate Injury,9194146
7728156,2009110909-7908,Sep-08,2009,MERCER,Princeton Borough,5/14/2009 0:00,Thursday,May,12/31/1899 17:27,1,PRINCETON BORO PD,,0,0,1,0,0,Injury,At Intersection,No,No,Pedalcyclist,1,HARRISON ST,NULL,,,11091239,0.17,Municipal,Straight and Level,Blacktop,Dry,Daylight,Overcast,None,None,,At,NULL,PELHAM ST,NULL,,NULL,25,25,0,0,No,,94,451831.787213,553443.072674,,DVRPC,0,Moderate Injury,9094109
7728198,200911092009-009955,2009-009955,2009,MERCER,Princeton Borough,6/16/2009 0:00,Tuesday,June,12/31/1899 10:01,1,PRINCETON BORO PD,,0,0,1,0,0,Injury,Not At Intersection,No,No,Pedalcyclist,1,WITHERSPOON ST,NULL,,,11091241,0.21,Municipal,Straight and Level,Blacktop,Dry,Daylight,Clear,None,None,5,Foot,South,GREEN STREET,NULL,,NULL,25,25,40.35254,74.661,No,,124,447255.78,553373.14,,DVRPC,0,Moderate Injury,9120153
7728070,2009110909-13389,09-13389,2009,MERCER,Princeton Borough,8/20/2009 0:00,Thursday,August,12/31/1899 22:12,1,PRINCETON BORO PD,,0,0,1,0,0,Injury,At Intersection,Yes,No,Pedalcyclist,1,NJ 27,NULL,27,,27,1.07,State Highway,Straight and Level,Blacktop,Dry,Dark (Street Lights On/ continuous),Clear,None,None,,At,NULL,HARRISON ST,NULL,,NULL,30,25,40.35398,74.6454,No,,136,451603.324749,553892.411015,,DVRPC,0,Moderate Injury,9185939
7728068,2009110909-12869,09-12869,2009,MERCER,Princeton Borough,8/11/2009 0:00,Tuesday,August,12/31/1899 20:09,1,PRINCETON BORO PD,,0,0,1,0,0,Injury,At Intersection,No,No,Pedalcyclist,1,PROSPECT AVE,NULL,,,11091240,0.42,Municipal,Straight and Level,Blacktop,Wet,Dark (Street Lights On/ continuous),Rain,None,None,,At,NULL,FITZRANDOLPH ROAD,NULL,,NULL,25,25,40.34984,74.64753,No,,136,451005.818507,552384.206644,,DVRPC,0,Moderate Injury,9175409
7728077,2009110909-14837,09-14837,2009,MERCER,Princeton Borough,9/14/2009 0:00,Monday,September,12/31/1899 16:22,1,PRINCETON BORO PD,,0,0,1,0,0,Injury,Not At Intersection,No,No,Pedalcyclist,1,WITHERSPOON ST,NULL,,,11091241,0.21,Municipal,Straight and Grade,Blacktop,Dry,Daylight,Clear,None,None,5,Foot,South,GREEN ST.,NULL,,NULL,25,25,40.35254,74.661,No,,98,447255.78,553373.14,,DVRPC,0,Moderate Injury,9204105
7728096,2009110909-1827,09-1827,2009,MERCER,Princeton Borough,2/2/2009 0:00,Monday,February,12/31/1899 17:43,1,PRINCETON BORO PD,,0,0,1,0,0,Injury,Not At Intersection,No,No,Pedalcyclist,1,HAMILTON AVE,NULL,,,11091086,2.028,Municipal,Straight and Level,Blacktop,Dry,Dark (No Street Lights),Clear,None,None,10,Foot,West,SNOWDEN LANE,NULL,,NULL,25,25,0,0,No,,129,452784.74192,555552.975952,,DVRPC,0,Moderate Injury,9028456
7728631,2009111009-17151,09-17151,2009,MERCER,Princeton Township,10/13/2009 0:00,Tuesday,October,12/31/1899 19:04,1,PRINCETON TWP PD,,0,0,1,0,0,Injury,Not At Intersection,No,No,Pedalcyclist,1,ROUTE 571,NULL,571,,571,43.6,County,Straight and Grade,Blacktop,Dry,Dark (Street Lights Off),Clear,None,None,500,Foot,North,FACULTY RD.,NULL,,NULL,25,25,40.34471,74.65265,No,,95,449575.99733,550516.53201,,DVRPC,0,Moderate Injury,9247658
7728880,200911102009-15839,2009-15839,2009,MERCER,Princeton Township,9/21/2009 0:00,Monday,September,12/31/1899 11:42,1,PRINCETON TWP PD,,0,0,1,0,0,Injury,At Intersection,No,No,Pedalcyclist,1,NORTH HARRISON STREET,NULL,,,11091239,1.1,Municipal,Straight and Level,Blacktop,Dry,Daylight,Clear,Grass Median,None,,At,NULL,VALLEY ROAD,NULL,,NULL,30,25,0,0,No,,69,449443.560711,557684.177219,,DVRPC,0,Pain,9212902
7728548,2009111009-13620,09-13620,2009,MERCER,Princeton Township,8/16/2009 0:00,Sunday,August,12/31/1899 10:02,1,PRINCETON TWP PD,,0,0,1,0,0,Injury,Not At Intersection,No,No,Pedalcyclist,1,MERCER COUNTY 629,NULL,629,,11000629,,County,Straight and Level,Blacktop,Dry,Daylight,Clear,Curbed Median,None,45,Foot,North,TERHUNE ROAD,NULL,,NULL,30,30,0,0,No,,8,,,,DVRPC,0,Pain,9184942
7728496,2009111009-11821,09-11821,2009,MERCER,Princeton Township,7/13/2009 0:00,Monday,July,12/31/1899 17:01,1,PRINCETON TWP PD,,0,0,1,0,0,Injury,At Intersection,No,No,Pedalcyclist,1,JEFFERSON ROAD,NULL,,,11091242,0.95,Municipal,Straight and Grade,Blacktop,Dry,Daylight,Clear,None,None,,At,NULL,TERHUNE ROAD,NULL,,NULL,25,25,0,0,No,,84,447331.10157,557553.584557,,DVRPC,0,Pain,9152652
7728701,2009111009-20026,09-20026,2009,MERCER,Princeton Township,12/2/2009 0:00,Wednesday,December,12/31/1899 16:25,1,PRINCETON TWP PD,,0,0,1,0,0,Injury,At Intersection,No,No,Pedalcyclist,1,US 206,NULL,206,,206,55.45,State Highway,Straight and Grade,Blacktop,Wet,Dusk,Rain,None,None,,At,NULL,JEFFERSON ROAD,NULL,,NULL,35,25,40.36757,74.66372,No,,85,446506.208176,558851.712748,,DVRPC,0,Pain,9276885
7728576,2009111009-14592,09-14592,2009,MERCER,Princeton Township,9/1/2009 0:00,Tuesday,September,12/31/1899 13:51,1,PRINCETON TWP PD,,0,0,1,0,0,Injury,Not At Intersection,No,No,Pedalcyclist,1,WALNUT LANE,NULL,,,11091145,0.519,Municipal,Straight and Level,Blacktop,Dry,Daylight,Clear,None,None,100,Foot,North,FRANKLIN AVENUE,NULL,,NULL,25,25,0,0,No,,87,448909.097524,555763.215184,,DVRPC,0,Pain,9193164
7728600,2009111009-15834,09-15834,2009,MERCER,Princeton Township,9/21/2009 0:00,Monday,September,12/31/1899 10:53,1,PRINCETON TWP PD,,0,0,1,0,0,Injury,Not At Intersection,No,No,Pedalcyclist,1,TERHUNE ROAD,NULL,,,11101147,0.629,Municipal,Straight and Level,Blacktop,Dry,Daylight,Clear,None,None,100,Foot,East,N HARRISON STREET,NULL,,NULL,30,30,0,0,No,,98,449201.799972,558250.835023,,DVRPC,0,Moderate Injury,9212900
7730948,2009111109016010,9016012,2009,MERCER,Trenton City,9/4/2009 0:00,Friday,September,12/31/1899 16:06,1,TRENTON PD,PATROL/SOUTH 1,0,0,1,0,0,Injury,At Intersection,No,No,Pedalcyclist,1,S STOCKTON ST,South,,,11111549,0.28,Municipal,Straight and Grade,Blacktop,Dry,Daylight,Clear,None,None,,At,NULL,ERNIE KOVACS PL,NULL,,NULL,25,25,0,0,No,,331,419669.042564,505026.388623,,DVRPC,0,Pain,9200532
7729612,2009111109-060201,09-060201,2009,MERCER,Trenton City,4/10/2009 0:00,Friday,April,12/31/1899 20:45,1,TRENTON PD,PATROL,0,0,1,0,0,Injury,At Intersection,No,No,Pedalcyclist,1,S LOGAN AVE,NULL,,,11111085,0.42,Municipal,Straight and Level,Blacktop,Wet,Dark (No Street Lights),Rain,None,None,,At,NULL,NJ 33,NULL,,NULL,25,85,0,0,No,,***,426759.129925,507146.419987,,DVRPC,0,Pain,9067964
7729627,2009111109-24976,09-24976,2009,MERCER,Trenton City,6/6/2009 0:00,Saturday,June,12/31/1899 10:47,1,HAMILTON TWP PD (MERCER),,0,0,1,0,0,Injury,At Intersection,No,No,Pedalcyclist,1,MERCER COUNTY 606,North,606,,11000606,1.67,County,Straight and Level,Blacktop,Dry,Daylight,Clear,None,None,,At,NULL,NEWKIRK AVE.,NULL,,NULL,25,25,40.22072,74.729,No,,445,428180.109156,505398.564615,,DVRPC,0,Pain,9109801
7730387,2009111109012080,9012085,2009,MERCER,Trenton City,7/7/2009 0:00,Tuesday,July,12/31/1899 9:03,1,TRENTON PD,PATROL,0,0,1,0,0,Injury,Not At Intersection,No,No,Pedalcyclist,1,FERRY ST,East,,,11111448,0.03,Municipal,Straight and Level,Blacktop,Dry,Daylight,Clear,None,None,,NULL,East,S WARREN ST,NULL,,NULL,25,25,0,0,No,,596,418428.78465,501509.592363,,DVRPC,0,Moderate Injury,9144822
7729273,20091111051-09003042,051-09003042,2009,MERCER,Trenton City,2/20/2009 0:00,Friday,February,12/31/1899 11:51,1,TRENTON PD,PATROL,0,0,1,0,0,Injury,At Intersection,No,No,Pedalcyclist,1,SOUTH STOCKTON,NULL,,,11111549,0.32,Municipal,Straight and Grade,Blacktop,Dry,Daylight,Clear,None,None,,At,NULL,EAST FRONT STREET,NULL,,NULL,25,25,0,0,No,,288,419683.324131,504810.834081,,DVRPC,0,Moderate Injury,9026508
7730753,2009111109014690,9014697,2009,MERCER,Trenton City,8/14/2009 0:00,Friday,August,12/31/1899 20:52,1,TRENTON PD,PATROL,0,0,1,0,0,Injury,Not At Intersection,No,No,Pedalcyclist,1,E STATE ST,West,,,11000635,0.46,Municipal,Straight and Level,Blacktop,Dry,Dark (Street Lights On/ continuous),Clear,Painted Median,None,,NULL,NULL,CR 626,NULL,,NULL,25,25,0,0,No,,602,423088.516328,506167.738091,,DVRPC,0,Pain,9183029
7731357,2009111109018720,9018727,2009,MERCER,Trenton City,10/18/2009 0:00,Sunday,October,12/31/1899 14:40,1,TRENTON PD,WEST/PATROL,0,0,1,0,0,Injury,Not At Intersection,No,No,Pedalcyclist,1,ELMHURST AVE,South,,,11111302,0.16,Municipal,Straight and Grade,Blacktop,Water (Standing/Moving),Daylight,Clear,None,None,,NULL,NULL,BELLEVUE AVE,NULL,,NULL,56,25,0,0,No,,445,412793.560087,510160.599982,,DVRPC,0,Moderate Injury,9229333
7731685,2009111109020940,9020945,2009,MERCER,Trenton City,11/24/2009 0:00,Tuesday,November,12/31/1899 17:16,1,TRENTON PD,EAST,0,0,1,0,0,Injury,At Intersection,No,No,Pedalcyclist,1,ANDERSON ST,West,,,11111159,0.15,Municipal,Straight and Level,Blacktop,Dry,Dark (Street Lights On/ continuous),Clear,None,None,,At,NULL,WILLIAM ST,NULL,,NULL,25,25,0,0,No,,609,424455.311049,500151.855853,,DVRPC,0,Moderate Injury,9275176
7732277,20091111TCNJ#2009-01854,TCNJ#2009-01854,2009,MERCER,Trenton City,3/5/2009 0:00,Thursday,March,12/31/1899 11:35,99,COLLEGE OF NEW JERSEY,,0,0,1,0,0,Injury,At Intersection,No,No,Pedalcyclist,1,WEST METZGER DRIVE,NULL,,,,,State Park or Institution,Straight and Level,Blacktop,Wet,Daylight,Clear,None,None,,At,NULL,STREET 3,NULL,,NULL,25,25,0,0,No,BICYCLE OPERATED BY B1 PEDALCYCLIST,75,,,,DVRPC,0,Pain,9041815
7731238,2009111109017950,9017952,2009,MERCER,Trenton City,10/6/2009 0:00,Tuesday,October,12/31/1899 5:59,1,TRENTON PD,EAST,0,0,1,0,0,Injury,At Intersection,No,No,Pedalcyclist,1,S CLINTON AVE,North,,,11031969,2.25,Municipal,Straight and Level,Blacktop,Dry,Dark (Street Lights On/ continuous),Clear,None,None,,At,NULL,LIBERTY ST,NULL,,NULL,25,25,40.20522,74.74149,No,,123,424686.74,499757.87,,DVRPC,0,Pain,9229052
7731625,2009111109020490,9020491,2009,MERCER,Trenton City,11/17/2009 0:00,Tuesday,November,12/31/1899 10:58,1,TRENTON PD,EAST,0,0,1,0,0,Injury,Not At Intersection,No,No,Pedalcyclist,1,QUINTIN AVE,NULL,,,11111539,0.16,Municipal,NULL,NULL,NULL,NULL,NULL,NULL,NULL,,NULL,NULL,CULBERTSON AVE,NULL,,NULL,25,25,40.21982,74.73982,No,,517,425148.684782,505073.632828,,DVRPC,0,Pain,9260207
7732342,200911122009-005058,2009-005058,2009,MERCER,Washington Twp  (Mercer Co),3/6/2009 0:00,Friday,March,12/31/1899 16:42,1,ROBBINSVILLE TWP PD,,0,0,1,0,0,Injury,At Intersection,No,No,Pedalcyclist,1,PERRINEVILLE RD,South,,,11121043,2.14,Municipal,Straight and Level,Blacktop,Dry,Daylight,Clear,None,None,,At,South,ALLENS ROAD,NULL,,NULL,45,50,40.23237,74.54033,No,,38,480864.208519,509562.22009,,DVRPC,0,Moderate Injury,9045947
7732455,200911122009-014115,2009-014115,2009,MERCER,Washington Twp  (Mercer Co),7/4/2009 0:00,Saturday,July,12/31/1899 19:30,1,ROBBINSVILLE TWP PD,,0,0,1,0,0,Injury,At Intersection,No,No,Pedalcyclist,1,PARK STREET,South,,,11121311,0.11,Municipal,Straight and Level,Blacktop,Dry,Dusk,Clear,None,None,,At,NULL,HERITAGE STREET ALLEYWAY,NULL,,NULL,25,25,0,0,No,,522,458217.980901,504983.274465,,DVRPC,0,Moderate Injury,9142820
7733815,200911132009-22536,2009-22536,2009,MERCER,West Windsor Township,8/20/2009 0:00,Thursday,August,12/31/1899 15:04,1,WEST WINDSOR TWP PD,2009-22536,0,0,1,0,0,Injury,Not At Intersection,No,No,Pedalcyclist,1,ALEXANDER RD,East,,,11131419,0,Municipal,Curve and Level,Blacktop,Dry,Daylight,Clear,Curbed Median,None,10,Foot,West,NORTH POST ROAD,NULL,,NULL,30,35,40.31184,74.62831,No,,427,456343.48,538532.33,,DVRPC,0,Moderate Injury,9178453
7733196,2009111309-25976,09-25976,2009,MERCER,West Windsor Township,9/23/2009 0:00,Wednesday,September,12/31/1899 17:51,1,WEST WINDSOR TWP PD,09-25976,0,0,1,0,0,Injury,Not At Intersection,No,No,Pedalcyclist,1,PRINCETON JCT TRAIN STATION,West,,,11131419,0,State/Interstate Authority,Straight and Level,Blacktop,Dry,Daylight,Clear,None,None,,NULL,NULL,ALEXANDER RD PERMIT LOT,NULL,,NULL,15,15,0,0,No,,550,456343.479877,538532.329984,,DVRPC,0,Pain,9206649
7733724,200911132009-18763,2009-18763,2009,MERCER,West Windsor Township,7/12/2009 0:00,Sunday,July,12/31/1899 8:15,1,WEST WINDSOR TWP PD,2009-18763,0,0,1,0,0,Injury,Not At Intersection,No,No,Pedalcyclist,1,MERCER COUNTY 629,East,629,,11000629,1.11,County,Straight and Level,Blacktop,Wet,Daylight,Overcast,None,None,100,Foot,West,US 1,NULL,,NULL,35,55,40.3375,74.63129,No,,587,455526.732206,547883.637815,,DVRPC,0,Pain,9143726
7733857,200911132009-24291,2009-24291,2009,MERCER,West Windsor Township,9/7/2009 0:00,Monday,September,12/31/1899 17:30,1,WEST WINDSOR TWP PD,2009-24291,0,0,1,0,0,Injury,At Intersection,No,No,Pedalcyclist,1,ALEXANDER RD,West,,,11131419,0.14,Municipal,Straight and Level,Blacktop,Dry,Daylight,Clear,None,None,,At,NULL,BEARBROOK ROAD,NULL,,NULL,30,35,40.31315,74.62638,No,,576,456883.125002,539008.442002,,DVRPC,0,Moderate Injury,9193161
7733909,200911132009-26790,2009-26790,2009,MERCER,West Windsor Township,9/30/2009 0:00,Wednesday,September,12/31/1899 18:27,1,WEST WINDSOR TWP PD,2009-26790,0,0,1,0,0,Injury,At Intersection,No,No,Pedalcyclist,1,MERCER COUNTY 638,South,638,,11000638,2.56,County,Straight and Level,Blacktop,Dry,Daylight,Clear,None,None,,At,NULL,EVERETT DRIVE (NORTHERN INTERSECT),NULL,,NULL,45,50,40.3038,74.63399,No,,580,451220.855945,532893.356006,,DVRPC,0,Pain,9217521
7733777,200911132009-21091,2009-21091,2009,MERCER,West Windsor Township,8/4/2009 0:00,Tuesday,August,12/31/1899 20:12,1,WEST WINDSOR TWP PD,2009-21091,0,0,1,0,0,Injury,At Intersection,No,No,Pedalcyclist,1,ROUTE 526,North,526,,526,,County,Straight and Level,Blacktop,Dry,Dusk,Clear,None,None,,At,NULL,DARVEL DR,NULL,,NULL,40,25,0,0,No,,582,,,,DVRPC,0,Pain,9162700
3439702,2010110110-9097,Oct-97,2010,MERCER,East Windsor Township,6/30/2010 0:00,Wednesday,June,12/31/1899 15:13,1,EAST WINDSOR TWP PD,TRAFFIC UNIT,0,0,1,0,0,Injury,At Intersection,No,No,Pedalcyclist,1,TWIN RIVERS DR N,North,,,11011146,0.85,Municipal,Straight and Level,Blacktop,Dry,Daylight,Clear,None,None,,At,NULL,AVON DRIVE,NULL,,NULL,35,,0,0,No,,551,496523.958986,522450.645378,,DVRPC,0,Moderate Injury,10137721
3439456,2010110110-2460,Oct-60,2010,MERCER,East Windsor Township,2/27/2010 0:00,Saturday,February,12/31/1899 14:02,1,EAST WINDSOR TWP PD,TRAFFIC BUREAU,0,0,1,0,0,Injury,Not At Intersection,Yes,No,Pedalcyclist,1,NJ 33,East,33,,33,13.22,State Highway,Straight and Level,Blacktop,Dry,Daylight,Clear,None,None,1000,Foot,East,AIRPORT RD,NULL,,NULL,45,45,40.26176,74.53948,No,,72,481106.711222,520266.1432,,DVRPC,0,Moderate Injury,10041232
3439251,2010110110-14679,10-14679,2010,MERCER,East Windsor Township,10/23/2010 0:00,Saturday,October,12/31/1899 7:08,1,EAST WINDSOR TWP PD,TRAFFIC BUREAU,0,0,1,0,0,Injury,At Intersection,No,No,Pedalcyclist,1,NJ 33,West,33,,33,15.84,State Highway,Straight and Level,Blacktop,Dry,Dawn,Clear,None,None,,At,NULL,PROBASCO RD,NULL,,NULL,55,40,0,0,No,NONE,72,493297.348106,522624.701889,,DVRPC,0,Pain,10237114
3439052,2010110110-10154,10-10154,2010,MERCER,East Windsor Township,7/25/2010 0:00,Sunday,July,12/31/1899 10:36,1,EAST WINDSOR TWP PD,EAST WINDSOR P,0,0,1,0,0,Injury,Not At Intersection,No,No,Pedalcyclist,1,DUTCH NECK RD,North,,,,,Municipal,Straight and Level,Blacktop,Dry,Daylight,Clear,None,None,,NULL,NULL,,NULL,,NULL,35,,0,0,No,,573,,,,DVRPC,0,Moderate Injury,10168551
3439638,2010110110-7899,Oct-99,2010,MERCER,East Windsor Township,6/5/2010 0:00,Saturday,June,12/31/1899 15:15,1,EAST WINDSOR TWP PD,TRAFFIC SAFETY?,0,0,1,0,0,Injury,Not At Intersection,No,No,Pedalcyclist,1,351 EVANSTON DR,West,,,,,Private Property,Curve and Level,Blacktop,Dry,Daylight,Clear,None,None,,NULL,NULL,,NULL,,NULL,25,,0,0,No,,78,,,,DVRPC,0,Moderate Injury,10130499
3439538,2010110110-5385,Oct-85,2010,MERCER,East Windsor Township,4/15/2010 0:00,Thursday,April,12/31/1899 17:19,1,EAST WINDSOR TWP PD,TRAFFIC BUREAU,0,0,1,0,0,Injury,At Intersection,No,No,Pedalcyclist,1,ROUTE 571,East,571,,571,32.84,County,Straight and Level,Blacktop,Dry,Daylight,Clear,None,None,,At,NULL,CEDARVILLE RD,NULL,,NULL,45,40,0,0,No,,72,490201.06,517015.01,,DVRPC,0,Pain,10091218
3439635,2010110110-7855,Oct-55,2010,MERCER,East Windsor Township,6/4/2010 0:00,Friday,June,12/31/1899 18:34,1,EAST WINDSOR TWP PD,,0,0,1,0,0,Injury,Not At Intersection,No,No,Pedalcyclist,1,72 ROUTE 571,West,,,,,Private Property,Straight and Level,Blacktop,Dry,Daylight,Clear,None,None,5,Foot,East,ONE MILE ROAD,NULL,,NULL,,45,0,0,No,NONE,83,,,,DVRPC,0,Pain,10130495
3439058,2010110110-10314,10-10314,2010,MERCER,East Windsor Township,7/27/2010 0:00,Tuesday,July,12/31/1899 14:25,1,EAST WINDSOR TWP PD,TRAFFIC BUREAU,0,0,1,0,0,Injury,Not At Intersection,No,No,Pedalcyclist,1,DUTCH NECK RD,NULL,,,,,Municipal,Straight and Level,Concrete,Dry,Daylight,Clear,None,None,,NULL,NULL,,NULL,,NULL,,,0,0,No,,72,,,,DVRPC,0,Moderate Injury,10168554
3440360,20101102I-2010-010457,I-2010-010457,2010,MERCER,Ewing Township,4/10/2010 0:00,Saturday,April,12/31/1899 11:01,1,EWING TWP PD,SQUAD 1B,0,0,1,0,0,Injury,At Intersection,No,No,Pedalcyclist,1,MERCER COUNTY 622,NULL,622,,11000622,4.96,County,Straight and Level,Blacktop,Dry,Daylight,Clear,None,None,,At,NULL,CR 627,NULL,,NULL,35,25,0,0,No,,179,417973.18,514824.33,,DVRPC,0,Pain,10074643
3440151,20101102I-2010-003881,I-2010-003881,2010,MERCER,Ewing Township,2/7/2010 0:00,Sunday,February,12/31/1899 16:09,1,EWING TWP PD,P2-A,0,1,1,0,0,Injury,Not At Intersection,No,No,Pedalcyclist,1,MERCER COUNTY 622,West,622,,11000622,4.12,County,Straight and Level,Blacktop,Wet,Daylight,Clear,None,None,75,Foot,West,PRINCETON AVE,NULL,,NULL,40,25,40.24033,74.75227,No,,105,421703.52,512557.42,,DVRPC,0,Incapacitating Injury,10033690
3440647,20101102I-2010-021780,I-2010-021780,2010,MERCER,Ewing Township,7/28/2010 0:00,Wednesday,July,12/31/1899 15:33,1,EWING TWP PD,SQUAD4 TRAFFIC,0,0,1,0,0,Injury,Not At Intersection,No,No,Pedalcyclist,1,BEECHWOOD AVENUE,NULL,,,11021049,0.181,Municipal,Straight and Level,Blacktop,Dry,Daylight,Clear,None,None,100,Foot,West,PARKWAY AVE (634),NULL,,NULL,25,35,0,0,No,,163,412782.708582,514431.043242,,DVRPC,0,Pain,10167416
3440873,20101102I-2010-029146,I-2010-029146,2010,MERCER,Ewing Township,10/16/2010 0:00,Saturday,October,12/31/1899 0:26,1,EWING TWP PD,SQUAD3 TRAFFIC,0,0,1,0,0,Injury,At Intersection,No,No,Pedalcyclist,1,MERCER COUNTY 627,NULL,627,,11000627,0.99,County,Straight and Level,Blacktop,Dry,Dark (Street Lights On/ continuous),Clear,None,None,,At,NULL,COLUMBIA AVE,NULL,,NULL,25,35,0,0,No,,149,418581.731864,516375.348197,,DVRPC,0,Moderate Injury,10248422
3440502,20101102I-2010-015772,I-2010-015772,2010,MERCER,Ewing Township,6/1/2010 0:00,Tuesday,June,12/31/1899 8:54,1,EWING TWP PD,1B,0,0,1,0,0,Injury,At Intersection,No,No,Pedalcyclist,1,NJ 31,West,31,,31,1.71,State Highway,Straight and Level,Blacktop,Dry,Daylight,Clear,None,None,,At,NULL,BRUCE LANE,NULL,,NULL,35,25,0,0,No,,152,415281.083009,515491.585913,,DVRPC,0,Pain,10127688