ID,DOT_WEB_ID,CASE_NUMBER,CRASH_YEAR,COUNTY,MUNICIPALITY,CRASH_DATE,CRASH_DAY_OF_WEEK,CRASH_MONTH,CRASH_TIME,POLICE_DEPT_CODE,POLICE_DEPARTMENT,POLICE_STATION,TOTAL_KILLED,TOTAL_INCAPACITATED,TOTAL_INJURED,PEDESTRIANS_KILLED,PEDESTRIANS_INJURED,SEVERITY,INTERSECTION,ALCOHOL_INVOLVED,HAZMAT_INVOLVED,CRASH_TYPE,TOTAL_VEHICLES_INVOLVED,CRASH_LOCATION,LOCATION_DIRECTION,ROUTE,ROUTE_SUFFIX,SRI,MILEPOST,ROAD_SYSTEM,ROAD_CHARACTER,ROAD_SURFACE_TYPE,SURFACE_CONDITION,LIGHT_CONDITION,ENVIRONMENTAL_CONDITION,ROAD_DIVIDED_BY,TEMP_TRAFFIC_CONTROL_ZONE,DISTANCE_TO_CROSS_STREET,UNIT_OF_MEASUREMENT,DIRECTION_FROM_CROSS_STREET,CROSS_STREET_NAME,IS_RAMP,RAMP_TO_FROM_ROUTE_NAME,RAMP_TO_FROM_ROUTE_DIRECTION,POSTED_SPEED,POSTED_SPEED_CROSS_STREET,LATITUDE,LONGITUDE,CELL_PHONE_IN_USE,OTHER_PROPERTY_DAMAGE,REPORTING_BADGE_NO,X,Y,CRASH_NARRATIVE,MPO,TOTAL_PEDESTRIANS_INVOLVED,EPDO,DLN
3440222,20101102I-2010-005714,I-2010-005714,2010,MERCER,Ewing Township,2/23/2010 0:00,Tuesday,February,12/31/1899 18:13,1,EWING TWP PD,SQUAD3 TRAFFIC,0,0,1,0,0,Injury,At Intersection,No,No,Pedalcyclist,1,MERCER COUNTY 622,NULL,622,,11000622,,County,Straight and Level,Blacktop,Wet,Dark (Street Lights On/ continuous),Rain,None,None,,At,NULL,SIXTH ST,NULL,,NULL,35,25,0,0,No,,149,,,,DVRPC,0,Pain,10039683
3440691,20101102I-2010-023797,I-2010-023797,2010,MERCER,Ewing Township,8/19/2010 0:00,Thursday,August,12/31/1899 7:18,1,EWING TWP PD,PLATOON 1,0,0,1,0,0,Injury,At Intersection,No,No,Pedalcyclist,1,NJ 175,NULL,175,,175,1.15,State Highway,Straight and Level,Blacktop,Dry,Daylight,Clear,None,None,,At,NULL,COUNTRY LN,NULL,,NULL,45,25,40.24658,74.83251,No,,115,399311.440656,514909.212916,,DVRPC,0,Moderate Injury,10183271
3440435,20101102I-2010-013075,I-2010-013075,2010,MERCER,Ewing Township,5/5/2010 0:00,Wednesday,May,12/31/1899 14:46,1,EWING TWP PD,SQUAD4 TRAFFIC,0,0,1,0,0,Injury,Not At Intersection,No,No,Pedalcyclist,1,PARKWAY AVE (RITE AID),NULL,,,,,Private Property,Straight and Level,Blacktop,Dry,Daylight,Clear,None,None,,NULL,NULL,,NULL,,NULL,,,0,0,No,,163,,,,DVRPC,0,Pain,10109461
3441857,2010110310-24643,10-24643,2010,MERCER,Hamilton Twp (Mercer Co),6/13/2010 0:00,Sunday,June,12/31/1899 4:13,1,HAMILTON TWP PD (MERCER),,0,1,1,0,0,Injury,At Intersection,Yes,No,Pedalcyclist,1,US 206,West,206,,206,,State Highway,Straight and Level,Blacktop,Dry,Dark (Street Lights On/ continuous),Clear,Curbed Median,None,,At,West,NEW CEDAR LA,NULL,,NULL,35,25,0,0,No,,384,,,,DVRPC,0,Incapacitating Injury,10128604
3441882,2010110310-25119,10-25119,2010,MERCER,Hamilton Twp (Mercer Co),6/16/2010 0:00,Wednesday,June,12/31/1899 9:57,1,HAMILTON TWP PD (MERCER),,0,0,1,0,0,Injury,Not At Intersection,No,No,Pedalcyclist,1,KLOCKNER RD,NULL,,,11031976,4.144,Municipal,Straight and Level,Blacktop,Dry,Daylight,Clear,None,None,600,Foot,East,SECRETARIO WAY,NULL,,NULL,40,25,0,0,No,,302,445343.143275,503992.068277,,DVRPC,0,Moderate Injury,10133419
3442573,2010110310-40841,10-40841,2010,MERCER,Hamilton Twp (Mercer Co),9/27/2010 0:00,Monday,September,12/31/1899 21:16,1,HAMILTON TWP PD (MERCER),,0,1,1,0,0,Injury,Not At Intersection,Yes,No,Pedalcyclist,1,KLOCKNER RD,South,,,11031996,1.3,Municipal,Straight and Level,Blacktop,Wet,Dark (Street Lights On/ continuous),Rain,None,None,,Foot,North,ARMOUR AVENUE,NULL,,NULL,35,25,0,0,No,NONE,330,451729.845023,493398.512752,,DVRPC,0,Incapacitating Injury,10232515
3442891,2010110310-46436,10-46436,2010,MERCER,Hamilton Twp (Mercer Co),11/6/2010 0:00,Saturday,November,12/31/1899 14:49,1,HAMILTON TWP PD (MERCER),,0,0,1,0,0,Injury,Not At Intersection,No,No,Pedalcyclist,1,ABBEY PLACE,NULL,,,11031732,0.038,Municipal,Straight and Level,Blacktop,Dry,Daylight,Clear,None,None,200,Foot,South,BENTON RD,NULL,,NULL,25,25,0,0,No,,425,424346.340016,496207.853394,,DVRPC,0,Pain,10249672
3441156,2010110310-10147,10-10147,2010,MERCER,Hamilton Twp (Mercer Co),3/11/2010 0:00,Thursday,March,12/31/1899 17:18,1,HAMILTON TWP PD (MERCER),,0,0,1,0,0,Injury,Not At Intersection,No,No,Pedalcyclist,1,NJ 33,East,33,,33,5.5,State Highway,Straight and Level,Blacktop,Dry,Daylight,Clear,Painted Median,None,10,Foot,East,YARDVILLE-HAMILTON SQUARE RD,NULL,,NULL,35,35,40.22715,74.66138,No,,384,447065.43,507699.495,,DVRPC,0,Moderate Injury,10049551
3442487,2010110310-38972,10-38972,2010,MERCER,Hamilton Twp (Mercer Co),9/15/2010 0:00,Wednesday,September,12/31/1899 11:51,1,HAMILTON TWP PD (MERCER),,0,0,1,0,0,Injury,Not At Intersection,No,No,Pedalcyclist,1,KUSER RD,NULL,,,11031985,0,Municipal,Straight and Level,Blacktop,Dry,Daylight,Clear,None,None,75,Foot,East,WHITEHORSE MERCERVILLE RD,NULL,,NULL,25,40,0,0,No,,361,437780.13,500497.81,,DVRPC,0,Moderate Injury,10224717
3441194,2010110310-11036,10-11036,2010,MERCER,Hamilton Twp (Mercer Co),3/16/2010 0:00,Tuesday,March,12/31/1899 17:39,1,HAMILTON TWP PD (MERCER),,0,0,1,0,0,Injury,Not At Intersection,No,No,Pedalcyclist,1,ROGERS CIRCLE,South,,,11031694,0.038,Municipal,Straight and Level,Blacktop,Dry,Daylight,Clear,None,None,200,Foot,South,SOLOFF DR,NULL,,NULL,25,25,0,0,No,,418,430898.259173,493427.918451,,DVRPC,0,Pain,10049539
3441729,2010110310-21800,10-21800,2010,MERCER,Hamilton Twp (Mercer Co),5/27/2010 0:00,Thursday,May,12/31/1899 8:52,1,HAMILTON TWP PD (MERCER),,0,0,1,0,0,Injury,At Intersection,No,No,Pedalcyclist,1,BUCHANAN AVE,NULL,,,11031721,0,Municipal,Straight and Level,Blacktop,Dry,Daylight,Clear,None,None,,At,NULL,US 206,NULL,,NULL,25,35,0,0,No,,302,428515.610008,496978.069917,,DVRPC,0,Pain,10109225
3442421,2010110310-37442,10-37442,2010,MERCER,Hamilton Twp (Mercer Co),9/5/2010 0:00,Sunday,September,12/31/1899 11:03,1,HAMILTON TWP PD (MERCER),,0,0,1,0,0,Injury,At Intersection,No,No,Pedalcyclist,1,HUGHES DR,East,,,11031978,0,Municipal,Straight and Level,Blacktop,Dry,Daylight,Clear,None,None,,At,NULL,MERCER ST,NULL,,NULL,35,25,0,0,No,,398,448501.23,510173.2,,DVRPC,0,Pain,10205025
3442803,2010110310-45162,10-45162,2010,MERCER,Hamilton Twp (Mercer Co),10/28/2010 0:00,Thursday,October,12/31/1899 16:51,1,HAMILTON TWP PD (MERCER),,0,0,1,0,0,Injury,Not At Intersection,No,No,Pedalcyclist,1,MERCER COUNTY 619,West,619,,11000619,0.78,County,Straight and Grade,Blacktop,Dry,Daylight,Clear,None,None,1500,Foot,West,NOTTINGHILL LANE,NULL,,NULL,40,25,0,0,No,,430,434313.230108,502642.073893,,DVRPC,0,Moderate Injury,10241739
3442959,2010110310-47681,10-47681,2010,MERCER,Hamilton Twp (Mercer Co),11/15/2010 0:00,Monday,November,12/31/1899 17:24,1,HAMILTON TWP PD (MERCER),,0,0,1,0,0,Injury,Not At Intersection,Yes,No,Pedalcyclist,1,SWEETBRIAR AVE,East,,,11031995,0.37,Municipal,Curve and Level,Blacktop,Dry,Dark (Street LIghts On/ spot),Clear,None,None,100,Foot,West,RUTGERS AVE,NULL,,NULL,40,25,0,0,No,NONE,418,,,,DVRPC,0,Pain,10255622
3441623,2010110310-19704,10-19704,2010,MERCER,Hamilton Twp (Mercer Co),5/13/2010 0:00,Thursday,May,12/31/1899 16:52,1,HAMILTON TWP PD (MERCER),,0,0,1,0,0,Injury,At Intersection,No,No,Pedalcyclist,1,NJ 33,NULL,33,,33,5.14,State Highway,Straight and Level,Blacktop,Dry,Daylight,Clear,None,None,,At,NULL,PAXSON AVE,NULL,,NULL,35,25,0,0,No,,439,445253.140237,508282.289033,,DVRPC,0,Pain,10099099
3442102,2010110310-30203,10-30203,2010,MERCER,Hamilton Twp (Mercer Co),7/19/2010 0:00,Monday,July,12/31/1899 20:17,1,HAMILTON TWP PD (MERCER),,0,0,1,0,0,Injury,At Intersection,No,No,Pedalcyclist,1,US 206,South,206,,206,,State Highway,Straight and Level,Blacktop,Dry,Dark (Street Lights On/ continuous),Clear,Curbed Median,None,,At,NULL,WEST PARK AVE,NULL,,NULL,35,25,0,0,No,,391,,,,DVRPC,0,Pain,10152667
3441243,2010110310-12162,10-12162,2010,MERCER,Hamilton Twp (Mercer Co),3/23/2010 0:00,Tuesday,March,12/31/1899 18:59,1,HAMILTON TWP PD (MERCER),,0,0,1,0,0,Injury,Not At Intersection,No,No,Pedalcyclist,1,REEVES AVE,NULL,,,11031358,0.539,Municipal,Curve and Level,Blacktop,Wet,Daylight,Rain,None,None,1000,Foot,North,ARENA DR,NULL,,NULL,25,35,0,0,No,,322,431428.60999,498846.07214,,DVRPC,0,Pain,10053460
3442462,2010110310-38526,10-38526,2010,MERCER,Hamilton Twp (Mercer Co),9/12/2010 0:00,Sunday,September,12/31/1899 2:21,1,HAMILTON TWP PD (MERCER),,0,0,1,0,0,Injury,Not At Intersection,Yes,No,Pedalcyclist,1,ROUTE 535,East,535,,535,0.25,County,Straight and Level,Blacktop,Dry,Dark (Street Lights On/ continuous),Clear,None,None,50,Foot,West,NORWAY AVE,NULL,,NULL,35,25,0,0,No,NONE,421,426962.352424,509073.063333,,DVRPC,0,Moderate Injury,10500961
3441878,2010110310-25036,10-25036,2010,MERCER,Hamilton Twp (Mercer Co),6/15/2010 0:00,Tuesday,June,12/31/1899 20:20,1,HAMILTON TWP PD (MERCER),,0,0,1,0,0,Injury,At Intersection,No,No,Pedalcyclist,1,NJ 33,East,33,,33,,State Highway,Straight and Level,Blacktop,Dry,Dusk,Clear,None,None,,At,NULL,GREENWOOD AVE,NULL,,NULL,35,35,0,0,No,,384,,,,DVRPC,0,Moderate Injury,10133401
3442243,2010110310-33258,10-33258,2010,MERCER,Hamilton Twp (Mercer Co),8/9/2010 0:00,Monday,August,12/31/1899 8:40,1,HAMILTON TWP PD (MERCER),,0,0,1,0,0,Injury,At Intersection,No,No,Pedalcyclist,1,KLOCKNER RD,NULL,,,11031976,3.42,Municipal,Straight and Level,Blacktop,Dry,Daylight,Clear,None,None,,At,NULL,WHATLEY RD,NULL,,NULL,35,25,40.22174,74.67965,No,,302,441961.213949,505739.268219,,DVRPC,0,Pain,10172877
3441550,2010110310-18127,10-18127,2010,MERCER,Hamilton Twp (Mercer Co),5/3/2010 0:00,Monday,May,12/31/1899 14:26,1,HAMILTON TWP PD (MERCER),,0,0,1,0,0,Injury,Not At Intersection,No,No,Pedalcyclist,1,2402 S BROAD ST,NULL,,,,,Private Property,Straight and Level,Concrete,Dry,Daylight,Clear,None,None,,NULL,NULL,,NULL,,NULL,,,0,0,No,,448,,,,DVRPC,0,Pain,10091719
3442332,2010110310-35376,10-35376,2010,MERCER,Hamilton Twp (Mercer Co),8/23/2010 0:00,Monday,August,12/31/1899 13:30,1,HAMILTON TWP PD (MERCER),,0,0,1,0,0,Injury,Not At Intersection,No,No,Pedalcyclist,1,SCULPTORS WAY (WARD AVE),North,,,,,Municipal,Straight and Level,Blacktop,Wet,Daylight,Rain,None,None,5,Foot,North,NJ 33,NULL,,NULL,35,30,0,0,No,,418,,,,DVRPC,0,Pain,10188135
3441891,2010110310-25309,10-25309,2010,MERCER,Hamilton Twp (Mercer Co),6/17/2010 0:00,Thursday,June,12/31/1899 13:48,1,HAMILTON TWP PD (MERCER),,0,0,1,0,0,Injury,At Intersection,No,No,Pedalcyclist,1,LIBERTY ST,NULL,,,11112004,1.8,Municipal,Straight and Level,Blacktop,Dry,Daylight,Clear,None,None,,At,NULL,NEWKIRK AVE,NULL,,NULL,25,25,0,0,No,,302,429210.014794,504839.109833,,DVRPC,0,Pain,10133402
3442401,2010110310-36943,10-36943,2010,MERCER,Hamilton Twp (Mercer Co),9/2/2010 0:00,Thursday,September,12/31/1899 14:10,1,HAMILTON TWP PD (MERCER),,0,0,1,0,0,Injury,Not At Intersection,No,No,Pedalcyclist,1,LIBERTY ST,NULL,,,11112004,0.88,Municipal,Straight and Level,Blacktop,Dry,Daylight,Clear,None,None,50,Foot,North,CHAMBERS ST.,NULL,,NULL,25,25,40.20974,74.73739,No,BIKE HANDLEBARS.,302,425826.786826,501405.742613,,DVRPC,0,Pain,10197048
3442228,2010110310-32931,10-32931,2010,MERCER,Hamilton Twp (Mercer Co),8/6/2010 0:00,Friday,August,12/31/1899 17:37,1,HAMILTON TWP PD (MERCER),,0,0,1,0,0,Injury,Not At Intersection,No,No,Pedalcyclist,1,ROUTE 533,NULL,533,,533,3.36,County,Straight and Level,Blacktop,Dry,Daylight,Clear,None,None,300,Foot,North,NJ 33,NULL,,NULL,35,40,40.23441,74.68764,No,,364,439739.15,510359.1,,DVRPC,0,Moderate Injury,10173853
3442088,2010110310-29879,10-29879,2010,MERCER,Hamilton Twp (Mercer Co),7/17/2010 0:00,Saturday,July,12/31/1899 19:03,1,HAMILTON TWP PD (MERCER),,0,0,1,0,0,Injury,At Intersection,No,No,Pedalcyclist,1,INDEPENDENCE AVE,NULL,,,11031981,0.28,Municipal,Straight and Level,Blacktop,Dry,Daylight,Clear,None,None,,At,NULL,WEDGE AVE,NULL,,NULL,25,25,40.19103,74.72234,No,,965,430011.482005,494579.023997,,DVRPC,0,Moderate Injury,10152656
3444844,20101106HT2010-022695,HT2010-022695,2010,MERCER,Hopewell Twp (Mercer Co),11/13/2010 0:00,Saturday,November,12/31/1899 15:53,1,HAMILTON TWP PD (MERCER),52,0,0,1,0,0,Injury,At Intersection,No,No,Pedalcyclist,1,ROUTE 518,East,518,,518,6.28,County,Straight and Grade,Blacktop,Dry,Daylight,Clear,None,None,,At,North,NEW RD,NULL,,NULL,40,40,0,0,No,,31,398805.271968,562697.050543,,DVRPC,0,Moderate Injury,10255489
3444734,20101106HT2010-018458,HT2010-018458,2010,MERCER,Hopewell Twp (Mercer Co),9/15/2010 0:00,Wednesday,September,12/31/1899 23:32,1,HAMILTON TWP PD (MERCER),51 SOUTH,0,1,1,0,0,Injury,Not At Intersection,No,No,Pedalcyclist,1,NJ 31,North,31,,31,4.87,State Highway,Straight and Level,Blacktop,Dry,Dark (Street LIghts On/ spot),Clear,None,None,150,Foot,North,I- 95,NULL,,NULL,45,65,0,0,No,,43,412815.779767,530986.316106,,DVRPC,0,Incapacitating Injury,10501368
3446004,2010110710-49223-AC,10-49223-AC,2010,MERCER,Lawrence Twp (Mercer Co),12/19/2010 0:00,Sunday,December,12/31/1899 11:10,1,LAWRENCE TWP PD,,0,0,1,0,0,Injury,Not At Intersection,No,No,Pedalcyclist,1,US 206,NULL,206,,206,48.99,State Highway,Straight and Level,Blacktop,Dry,Daylight,Clear,None,None,200,Foot,North,GORDON AVE,NULL,,NULL,25,25,40.29837,74.72899,No,,151,428254.621665,533681.943679,,DVRPC,0,Pain,10299463
3445514,2010110710-33072-AC,10-33072-AC,2010,MERCER,Lawrence Twp (Mercer Co),8/25/2010 0:00,Wednesday,August,12/31/1899 18:31,1,LAWRENCE TWP PD,,0,0,2,0,0,Injury,At Intersection,No,No,Pedalcyclist,1,BIRCHWOOD KN,South,,,11071037,0.15,Municipal,Straight and Level,Blacktop,Dry,Daylight,Overcast,None,None,,At,East,OAKLYN TER,NULL,,NULL,25,25,0,0,No,,192,426799.871125,523205.775799,,DVRPC,0,Moderate Injury,10194881
3445170,2010110710-19623-AC,10-19623-AC,2010,MERCER,Lawrence Twp (Mercer Co),5/15/2010 0:00,Saturday,May,12/31/1899 16:53,1,LAWRENCE TWP PD,,0,0,1,0,0,Injury,At Intersection,No,No,Pedalcyclist,1,OHIO AVE,South,,,11071129,0.41,Municipal,Straight and Level,Blacktop,Dry,Daylight,Clear,NULL,None,,At,NULL,PURITAN AVE,NULL,,NULL,25,25,0,0,No,,156,425682.683271,514128.483463,,DVRPC,0,Moderate Injury,10105350
3445081,2010110710-15279-AC,10-15279-AC,2010,MERCER,Lawrence Twp (Mercer Co),4/15/2010 0:00,Thursday,April,12/31/1899 14:03,1,LAWRENCE TWP PD,,0,0,1,0,0,Injury,At Intersection,No,No,Pedalcyclist,1,PROVINCE LINE RD,East,,,11071391,0,Municipal,Straight and Level,Blacktop,Dry,Daylight,Clear,Painted Median,None,,At,NULL,PRINCETON PIKE,NULL,,NULL,40,40,0,0,No,,185,437914.57,537583.24,,DVRPC,0,Moderate Injury,10077702
3445323,2010110710-26115-AC,10-26115-AC,2010,MERCER,Lawrence Twp (Mercer Co),6/30/2010 0:00,Wednesday,June,12/31/1899 15:26,1,LAWRENCE TWP PD,,0,0,1,0,0,Injury,Not At Intersection,No,No,Pedalcyclist,1,US 206,NULL,206,,206,46.86,State Highway,Straight and Level,Blacktop,Dry,Daylight,Clear,None,None,5,Foot,South,EGGERT CROSSING RD,NULL,,NULL,40,40,0,0,No,,215,425640.27,523577.39,,DVRPC,0,Moderate Injury,10143500
3445487,2010110710-31897-AC,10-31897-AC,2010,MERCER,Lawrence Twp (Mercer Co),8/16/2010 0:00,Monday,August,12/31/1899 16:17,1,LAWRENCE TWP PD,,0,0,1,0,0,Injury,Not At Intersection,No,No,Pedalcyclist,1,US 206,South,206,,206,48.05,State Highway,Straight and Level,Blacktop,Dry,Daylight,Clear,Curbed Median,None,200,Foot,North,I- 95,NULL,,NULL,40,65,40.28601,74.73246,No,,217,427276.455707,529184.578991,,DVRPC,0,Moderate Injury,10182117
3445305,2010110710-25498-AC,10-25498-AC,2010,MERCER,Lawrence Twp (Mercer Co),6/25/2010 0:00,Friday,June,12/31/1899 14:20,1,LAWRENCE TWP PD,,0,0,1,0,0,Injury,Not At Intersection,No,No,Pedalcyclist,1,US 206,South,206,,206,45.21,State Highway,Straight and Level,Blacktop,Dry,Daylight,Clear,None,None,10,Foot,South,WITTENBORN DR,NULL,,NULL,30,25,0,0,No,,192,424436.66002,515113.810162,,DVRPC,0,Moderate Injury,10135545
3446834,201011092010-19549,2010-19549,2010,MERCER,Princeton Borough,12/19/2010 0:00,Sunday,December,12/31/1899 11:42,1,PRINCETON BORO PD,,0,0,1,0,0,Injury,At Intersection,No,No,Pedalcyclist,1,MERCER COUNTY 604,NULL,604,,11000604,,County,Straight and Grade,Blacktop,Dry,Daylight,Clear,None,None,,At,NULL,ROSEDALE ROAD,NULL,,NULL,25,25,0,0,No,,147,,,,DVRPC,0,Pain,10299409
3446923,20101109I2010-009189,I2010-009189,2010,MERCER,Princeton Borough,3/3/2010 0:00,Wednesday,March,12/31/1899 9:01,1,PRINCETON BORO PD,,0,0,1,0,0,Injury,At Intersection,No,No,Pedalcyclist,1,IVY LANE,East,,,,,Private Property,Straight and Level,Concrete,Wet,Daylight,Rain,None,None,,At,East,WASHINGTON RD,NULL,,NULL,25,,0,0,No,,136,,,,DVRPC,0,Pain,10050428
3446515,2010110910-3004,Oct-04,2010,MERCER,Princeton Borough,2/23/2010 0:00,Tuesday,February,12/31/1899 17:35,1,PRINCETON BORO PD,,0,0,1,0,0,Injury,At Intersection,No,No,Pedalcyclist,1,US 206,NULL,206,,206,54.17,State Highway,Straight and Level,Blacktop,Wet,Dark (Street LIghts On/ spot),Rain,None,None,,At,NULL,HODGE RD / PAUL ROBESON PL,NULL,,NULL,30,25,40.35111,74.66637,No,,144,445756.672863,552857.020064,,DVRPC,0,Pain,10036096
3446892,201011092010-6732,2010-6732,2010,MERCER,Princeton Borough,4/28/2010 0:00,Wednesday,April,12/31/1899 12:55,1,PRINCETON BORO PD,,0,0,1,0,0,Injury,Not At Intersection,No,No,Pedalcyclist,1,NJ 27,NULL,27,,27,0.7,State Highway,Straight and Level,Blacktop,Dry,Daylight,Clear,None,None,50,Foot,East,CHESTNUT ST,NULL,,NULL,25,20,0,0,No,,148,449792.597922,553180.713238,,DVRPC,0,Moderate Injury,10086375
3446837,201011092010-1984,2010-1984,2010,MERCER,Princeton Borough,2/5/2010 0:00,Friday,February,12/31/1899 5:58,1,PRINCETON BORO PD,,0,0,1,0,0,Injury,At Intersection,No,No,Pedalcyclist,1,VANDEVENTER AVE,NULL,,,11091074,0.08,Municipal,Straight and Grade,Blacktop,Dry,Dark (Street LIghts On/ spot),Clear,None,None,,At,NULL,SPRING ST.,NULL,,NULL,25,25,0,0,No,,147,448173.559934,552973.791905,,DVRPC,0,Moderate Injury,10029050
3446760,201011092010-016767,2010-016767,2010,MERCER,Princeton Borough,10/28/2010 0:00,Thursday,October,12/31/1899 15:25,1,PRINCETON BORO PD,,0,0,1,0,0,Injury,At Intersection,No,No,Pedalcyclist,1,ALEXANDER STREET,NULL,,,11131424,2.98,Municipal,Straight and Level,Blacktop,Dry,Daylight,Clear,None,None,,At,NULL,COLLEGE ROAD,NULL,,NULL,25,25,0,0,No,NONE,152,446982.107536,550397.154912,,DVRPC,0,Pain,10251750
3446891,201011092010-6725,2010-6725,2010,MERCER,Princeton Borough,4/28/2010 0:00,Wednesday,April,12/31/1899 8:47,1,PRINCETON BORO PD,,0,0,1,0,0,Injury,At Intersection,No,No,Pedalcyclist,1,HARRISON STREET,NULL,,,11091239,0.7,Municipal,Straight and Level,Blacktop,Dry,Daylight,Clear,None,None,,At,NULL,FRANKLIN AVENUE,NULL,,NULL,25,25,0,0,No,,141,450419.740821,555824.510039,,DVRPC,0,Moderate Injury,10086374
3446755,201011092010-016006,2010-016006,2010,MERCER,Princeton Borough,10/14/2010 0:00,Thursday,October,12/31/1899 9:55,1,PRINCETON TWP PD,,0,0,1,0,0,Injury,Not At Intersection,No,No,Pedalcyclist,1,PROSPECT AVE,NULL,,,11091240,0.06,Municipal,Straight and Level,Blacktop,Dry,Daylight,Clear,None,None,300,Foot,East,WASHINGTON ROAD,NULL,,NULL,25,25,0,0,No,NONE,150,449211.963327,551750.378887,,DVRPC,0,Moderate Injury,10227116
3446687,201011092010-012643,2010-012643,2010,MERCER,Princeton Borough,8/13/2010 0:00,Friday,August,12/31/1899 13:38,1,PRINCETON BORO PD,,0,0,1,0,0,Injury,At Intersection,No,No,Pedalcyclist,1,ELM RD,NULL,,,11091030,0,Municipal,Straight and Grade,Blacktop,Dry,Daylight,Clear,None,None,,At,NULL,ROSEDALE ROAD,NULL,,NULL,25,25,40.34854,74.6764,No,,144,442959.09,551924.88,,DVRPC,0,Pain,10183910
3447052,2010111010-14738,10-14738,2010,MERCER,Princeton Township,8/28/2010 0:00,Saturday,August,12/31/1899 17:33,1,PRINCETON TWP PD,,0,0,1,0,0,Injury,At Intersection,No,No,Pedalcyclist,1,ROUTE 571,NULL,571,,571,43.31,County,Straight and Grade,Blacktop,Dry,Daylight,Clear,None,None,,At,NULL,FACULTY RD,NULL,,NULL,40,35,40.34116,74.64982,No,,62,450362.87,549224.41,,DVRPC,0,Pain,10194681
3447390,20101110I2010-072123,I2010-072123,2010,MERCER,Princeton Township,10/12/2010 0:00,Tuesday,October,12/31/1899 9:23,1,PRINCETON TWP PD,,0,0,1,0,0,Injury,Not At Intersection,No,No,Pedalcyclist,1,ALEXANDER STREET,North,,,11131424,2.837,Municipal,Straight and Grade,Concrete,Wet,Daylight,Clear,Painted Median,None,175,Foot,South,UNIVERSITY PLACE,NULL,,NULL,25,25,0,0,No,,133,447365.419419,549744.5356,,DVRPC,0,Moderate Injury,10231392
3447392,20101110I2010-091833,I2010-091833,2010,MERCER,Princeton Township,12/16/2010 0:00,Thursday,December,12/31/1899 10:00,1,PRINCETON TWP PD,,0,0,1,0,0,Injury,Not At Intersection,No,No,Pedalcyclist,1,ACCESS DRIVE NORTH OF,NULL,,,,,Private Property,Straight and Level,Blacktop,Dry,Daylight,Clear,None,None,200,Foot,East,ELM DRIVE,NULL,,NULL,,,0,0,No,,127,,,,DVRPC,0,Pain,10283012
3447275,2010111010-5741,Oct-41,2010,MERCER,Princeton Township,3/31/2010 0:00,Wednesday,March,12/31/1899 18:55,1,PRINCETON TWP PD,,0,0,1,0,0,Injury,Not At Intersection,No,No,Pedalcyclist,1,HERRONTOWN RD,NULL,,,11101244,0.8,Municipal,Straight and Grade,Blacktop,Dry,Daylight,Clear,None,None,528,Foot,West,RIVER ROAD,NULL,,NULL,35,45,40.37682,74.62136,No,,99,458313.91,562200,,DVRPC,0,Pain,10060401
3447108,2010111010-17410,10-17410,2010,MERCER,Princeton Township,10/10/2010 0:00,Sunday,October,12/31/1899 22:51,1,PRINCETON TWP PD,,0,0,1,0,0,Injury,Not At Intersection,No,No,Pedalcyclist,1,US 206,NULL,206,,206,55.49,State Highway,Straight and Grade,Blacktop,Dry,Dark (Street Lights On/ continuous),Clear,None,None,1,Foot,North,JEFFERSON RD,NULL,,NULL,35,25,0,0,No,NONE,87,446543.867026,559057.286155,,DVRPC,0,Moderate Injury,10227967
3447074,2010111010-15714,10-15714,2010,MERCER,Princeton Township,9/13/2010 0:00,Monday,September,12/31/1899 19:20,1,PRINCETON TWP PD,,0,0,1,0,0,Injury,Not At Intersection,No,No,Pedalcyclist,1,VALLEY RD,NULL,,,11101246,0.36,Municipal,Straight and Level,Blacktop,Wet,Dusk,Rain,None,None,634,Foot,East,JEFFERSON ROAD,NULL,,NULL,25,25,0,0,No,,86,448108.799266,557137.991715,,DVRPC,0,Moderate Injury,10213195
3449535,2010111110013260,10013269,2010,MERCER,Trenton City,8/25/2010 0:00,Wednesday,August,12/31/1899 11:12,1,TRENTON PD,PATROL/SOUTH,0,0,1,0,0,Injury,At Intersection,No,No,Pedalcyclist,1,US 206,North,206,,206,42.26,Municipal,Straight and Level,Blacktop,Dry,Daylight,Overcast,None,None,,At,NULL,FERRY ST,NULL,,NULL,25,25,40.21303,74.75922,No,,446,419732.494624,502619.008885,,DVRPC,0,Pain,10195724
3448554,2010111110006880,10006881,2010,MERCER,Trenton City,5/5/2010 0:00,Wednesday,May,12/31/1899 16:29,1,TRENTON PD,NORTH-PATROL,0,0,1,0,0,Injury,At Intersection,No,No,Pedalcyclist,1,PRINCETON AVE,NULL,,,,,Municipal,Straight and Level,Blacktop,Dry,Daylight,Clear,None,None,,At,NULL,CAIN AVE,NULL,,NULL,25,25,0,0,No,,518,,,,DVRPC,0,Pain,10091928
3450214,2010111110017580,10017580,2010,MERCER,Trenton City,11/17/2010 0:00,Wednesday,November,12/31/1899 13:49,1,TRENTON PD,TRENTON PD,0,0,1,0,1,Injury,At Intersection,No,No,Pedalcyclist,1,US 206,South,206,,206,41.29,Municipal,Straight and Level,Blacktop,Dry,Daylight,Clear,None,None,,At,NULL,DIVISION ST,NULL,,NULL,25,25,0,0,No,,482,423778.125163,499599.351944,,DVRPC,1,Pain,10258398