ID,DOT_WEB_ID,CASE_NUMBER,CRASH_YEAR,COUNTY,MUNICIPALITY,CRASH_DATE,CRASH_DAY_OF_WEEK,CRASH_MONTH,CRASH_TIME,POLICE_DEPT_CODE,POLICE_DEPARTMENT,POLICE_STATION,TOTAL_KILLED,TOTAL_INCAPACITATED,TOTAL_INJURED,PEDESTRIANS_KILLED,PEDESTRIANS_INJURED,SEVERITY,INTERSECTION,ALCOHOL_INVOLVED,HAZMAT_INVOLVED,CRASH_TYPE,TOTAL_VEHICLES_INVOLVED,CRASH_LOCATION,LOCATION_DIRECTION,ROUTE,ROUTE_SUFFIX,SRI,MILEPOST,ROAD_SYSTEM,ROAD_CHARACTER,ROAD_SURFACE_TYPE,SURFACE_CONDITION,LIGHT_CONDITION,ENVIRONMENTAL_CONDITION,ROAD_DIVIDED_BY,TEMP_TRAFFIC_CONTROL_ZONE,DISTANCE_TO_CROSS_STREET,UNIT_OF_MEASUREMENT,DIRECTION_FROM_CROSS_STREET,CROSS_STREET_NAME,IS_RAMP,RAMP_TO_FROM_ROUTE_NAME,RAMP_TO_FROM_ROUTE_DIRECTION,POSTED_SPEED,POSTED_SPEED_CROSS_STREET,LATITUDE,LONGITUDE,CELL_PHONE_IN_USE,OTHER_PROPERTY_DAMAGE,REPORTING_BADGE_NO,X,Y,CRASH_NARRATIVE,MPO,TOTAL_PEDESTRIANS_INVOLVED,EPDO,DLN
3449779,2010111110014700,10014700,2010,MERCER,Trenton City,9/22/2010 0:00,Wednesday,September,12/31/1899 11:36,1,TRENTON PD,PATROL,0,0,1,0,0,Injury,At Intersection,No,No,Pedalcyclist,1,W STATE ST,West,,,11111552,2.26,Municipal,Straight and Level,Blacktop,Dry,Daylight,Clear,None,None,,At,NULL,CHANCERY LN,NULL,,NULL,25,25,0,0,No,,51,417661.660181,505299.644192,,DVRPC,0,Pain,10209311
3449985,2010111110015790,10015798,2010,MERCER,Trenton City,10/13/2010 0:00,Wednesday,October,12/31/1899 9:47,1,TRENTON PD,PATROL NORTH,0,0,1,0,0,Injury,At Intersection,No,No,Pedalcyclist,1,US 206,North,206,,206,43.06,Municipal,Straight and Grade,Blacktop,Dry,Daylight,Clear,None,None,,At,NULL,ALLEN ST,NULL,,NULL,25,25,0,0,No,,531,418292.4,506388.55,,DVRPC,0,Moderate Injury,10232797
3449872,2010111110015230,10015236,2010,MERCER,Trenton City,10/2/2010 0:00,Saturday,October,12/31/1899 12:36,1,TRENTON PD,SOUTH-PATROL,0,0,1,0,0,Injury,At Intersection,No,No,Pedalcyclist,1,US 206,West,206,,206,41.7,Municipal,Straight and Level,Blacktop,Dry,Daylight,Clear,Painted Median,None,,At,NULL,HUDSON ST,NULL,,NULL,25,25,0,0,No,,465,421878.688904,500641.17556,,DVRPC,0,Pain,10219376
3449653,2010111110014050,10014051,2010,MERCER,Trenton City,9/8/2010 0:00,Wednesday,September,12/31/1899 19:55,1,TRENTON PD,TRENTON,0,0,1,0,1,Injury,Not At Intersection,No,No,Pedalcyclist,1,FAIRWAY DR,NULL,,,,,Municipal,Straight and Level,Blacktop,Dry,Dark (Street Lights On/ continuous),Clear,None,None,,NULL,NULL,,NULL,,NULL,15,,0,0,No,,625,,,,DVRPC,1,Pain,10199954
3447470,2010111110000360,10000363,2010,MERCER,Trenton City,1/8/2010 0:00,Friday,January,12/31/1899 13:01,1,TRENTON PD,PATROL,0,0,1,0,0,Injury,Not At Intersection,No,No,Pedalcyclist,1,MERCER COUNTY 622,South,622,,11000622,3.84,County,Straight and Grade,Blacktop,Dry,Daylight,Clear,Painted Median,None,30,Foot,South,OHIO AVE,NULL,,NULL,25,25,40.23769,74.7487,No,,554,422696.742107,511596.101491,,DVRPC,0,Pain,10004732
3449226,2010111110011150,10011150,2010,MERCER,Trenton City,7/16/2010 0:00,Friday,July,12/31/1899 15:27,1,TRENTON PD,PATROL,0,0,1,0,0,Injury,At Intersection,No,No,Pedalcyclist,1,E PAUL AVE,West,,,11111034,0.06,Municipal,Straight and Level,Blacktop,Dry,Daylight,Clear,None,None,,At,NULL,NASSAU ST,NULL,,NULL,25,25,0,0,No,,555,420885.482014,510226.795565,,DVRPC,0,Moderate Injury,10149331
3449020,2010111110009800,10009805,2010,MERCER,Trenton City,6/23/2010 0:00,Wednesday,June,12/31/1899 15:45,1,TRENTON PD,PATROL WEST,0,0,1,0,1,Injury,Not At Intersection,No,No,Pedalcyclist,1,SANHICAN DR,North,,,29,6.349,Municipal,Curve and Level,Blacktop,Dry,Daylight,Clear,None,None,50,Foot,North,MILL RD,NULL,,NULL,50,50,0,0,No,,413,406590.552844,511861.256201,,DVRPC,1,Moderate Injury,10136263
3448106,2010111110004280,10004282,2010,MERCER,Trenton City,3/20/2010 0:00,Saturday,March,12/31/1899 16:27,1,TRENTON PD,PATROL,0,0,1,0,0,Injury,At Intersection,No,No,Pedalcyclist,1,PRINCETON AVE,South,,,,,Municipal,Straight and Level,Blacktop,Dry,Daylight,Clear,None,None,,At,NULL,HEIL AVE,NULL,,NULL,25,25,0,0,No,,541,,,,DVRPC,0,Pain,10053835
3449516,2010111110013170,10013170,2010,MERCER,Trenton City,8/23/2010 0:00,Monday,August,12/31/1899 9:43,1,TRENTON PD,EAST DISTRICT,0,0,1,0,0,Injury,At Intersection,No,No,Pedalcyclist,2,NJ 33,East,33,,33,,State Highway,Straight and Level,Blacktop,Dry,Daylight,Clear,None,None,,At,NULL,CR 622 / S OLDEN AVE,NULL,,NULL,25,25,0,0,No,,463,,,,DVRPC,0,Pain,10185697
3449969,2010111110015740,10015745,2010,MERCER,Trenton City,10/12/2010 0:00,Tuesday,October,12/31/1899 7:53,1,TRENTON PD,EAST,0,0,1,0,0,Injury,Not At Intersection,No,No,Pedalcyclist,1,HUDSON ST,East,,,11111173,0.351,Municipal,Straight and Level,Blacktop,Wet,Daylight,Overcast,None,None,50,Foot,West,FULTON ST,NULL,,NULL,25,25,0,0,No,,517,422194.129211,501476.259955,,DVRPC,0,Pain,10232778
3448707,2010111110007830,10007830,2010,MERCER,Trenton City,5/22/2010 0:00,Saturday,May,12/31/1899 21:26,1,TRENTON PD,EAST,0,0,1,0,0,Injury,At Intersection,No,No,Pedalcyclist,1,PARK AVE,North,,,11111098,0.09,Municipal,Straight and Level,Blacktop,Dry,Dark (Street Lights On/ continuous),Clear,None,None,,At,NULL,PIERCE AVE,NULL,,NULL,25,25,0,0,No,,625,426607.920686,504376.895461,,DVRPC,0,Pain,10101911
3450127,2010111110016700,10016702,2010,MERCER,Trenton City,10/30/2010 0:00,Saturday,October,12/31/1899 20:26,1,TRENTON PD,WEST,0,0,1,0,0,Injury,Not At Intersection,No,No,Pedalcyclist,1,NJ 31,West,31,,31,,County,Straight and Level,Blacktop,Dry,Dark (Street Lights On/ continuous),Clear,Painted Median,None,,NULL,NULL,FRAZIER ST,NULL,,NULL,25,25,0,0,No,,625,,,,DVRPC,0,Pain,10237411
3448449,2010111110006290,10006298,2010,MERCER,Trenton City,4/24/2010 0:00,Saturday,April,12/31/1899 14:55,1,TRENTON PD,PATROL-SOUTH,0,0,1,0,0,Injury,At Intersection,No,No,Pedalcyclist,1,MERCER COUNTY 650,East,650,,11000650,0.26,County,Straight and Level,Blacktop,Dry,Daylight,Clear,Painted Median,NULL,,At,NULL,NJ 129,NULL,,NULL,25,25,0,0,No,,465,421497.12,497260.87,,DVRPC,0,Pain,10091512
3448936,2010111110009300,10009309,2010,MERCER,Trenton City,6/15/2010 0:00,Tuesday,June,12/31/1899 19:48,1,TRENTON PD,PATROL SOUTH,0,0,1,0,1,Injury,At Intersection,No,No,Pedalcyclist,1,GENESEE ST,North,,,11031471,1.05,Municipal,Straight and Level,Blacktop,Dry,Daylight,Clear,None,None,,At,NULL,DAYTON ST,NULL,,NULL,25,25,0,0,No,,625,424968.119315,499295.045482,,DVRPC,1,Pain,10128340
3450557,2010111110019470,10019476,2010,MERCER,Trenton City,12/24/2010 0:00,Friday,December,12/31/1899 11:30,1,TRENTON PD,NORTH,0,0,1,0,0,Injury,At Intersection,No,No,Pedalcyclist,1,SOUTHARD ST,South,,,11111558,0,Municipal,Straight and Level,Blacktop,Dry,Daylight,Clear,Curbed Median,None,,At,NULL,PERRY ST,NULL,,NULL,25,25,40.22544,74.75483,No,,389,420973.36,507136.87,,DVRPC,0,Pain,10303763
3448646,2010111110007500,10007506,2010,MERCER,Trenton City,5/16/2010 0:00,Sunday,May,12/31/1899 18:59,1,TRENTON PD,TRENTON,0,0,1,0,0,Injury,At Intersection,No,No,Pedalcyclist,1,PARK AVE,NULL,,,11111098,0.04,Municipal,Straight and Level,Blacktop,Dry,Daylight,Clear,None,None,,At,NULL,NEW JERSEY AVE,NULL,,NULL,25,25,0,0,No,,618,426452.010132,504594.72988,,DVRPC,0,Moderate Injury,10103164
3451343,20101112I-2010-013777,I-2010-013777,2010,MERCER,Washington Twp  (Mercer Co),7/4/2010 0:00,Sunday,July,12/31/1899 12:56,1,ROBBINSVILLE TWP PD,,0,0,1,0,0,Injury,At Intersection,No,No,Pedalcyclist,1,LAKE DRIVE,East,,,11031036,2.4,Municipal,Straight and Level,Blacktop,Dry,Daylight,Clear,None,None,,At,South,ROBBINSVILLE-EDINBURG ROAD,NULL,,NULL,25,35,0,0,No,,535,457684.86991,505896.090138,,DVRPC,0,Moderate Injury,10163858
3452182,201011132010-18223,2010-18223,2010,MERCER,West Windsor Township,6/18/2010 0:00,Friday,June,12/31/1899 16:54,1,WEST WINDSOR TWP PD,2010-18223,0,0,1,0,0,Injury,Not At Intersection,No,No,Pedalcyclist,1,465 MEADOW ROAD,South,,,,,Private Property,Straight and Level,Blacktop,Dry,Daylight,Clear,None,None,,NULL,NULL,PARKING LOT ALONG SIDE BUILDING #8,NULL,,NULL,,,0,0,No,NONE,568,,,,DVRPC,0,Moderate Injury,10121963
3452340,201011132010-24135,2010-24135,2010,MERCER,West Windsor Township,8/22/2010 0:00,Sunday,August,12/31/1899 10:34,1,WEST WINDSOR TWP PD,2010-24135,0,0,1,0,0,Injury,Not At Intersection,No,No,Pedalcyclist,1,ALEXANDER RD,West,,,11131424,1.97,Municipal,Curve and Grade,Blacktop,Wet,Daylight,Overcast,None,None,150,Foot,East,CANAL ROAD,NULL,,NULL,35,25,40.33194,74.6527,No,CRACKED SCHWINN HELMET WORN BY PEDALCYLIST. SCRATCHED TREK 7100 BICYCLE OPERATED,576,449555.48,545867.24,,DVRPC,0,Moderate Injury,10180610
3451927,201011132010-00632,2010-00632,2010,MERCER,West Windsor Township,1/7/2010 0:00,Thursday,January,12/31/1899 8:47,1,WEST WINDSOR TWP PD,2010-00632,0,0,1,0,0,Injury,Not At Intersection,No,No,Pedalcyclist,1,CONOVER RD,East,,,,,Municipal,Straight and Level,Blacktop,Dry,Daylight,Clear,None,None,30,Foot,West,CR 526,NULL,,NULL,30,40,0,0,No,,590,,,,DVRPC,0,Moderate Injury,10002384
3737426,20111102I-2011-029359,I-2011-029359,2011,MERCER,Ewing Township,10/28/2011 0:00,Friday,October,12/31/1899 17:22,1,EWING TWP PD,SQUAD4 TRAFFIC,0,0,1,0,0,Injury,Not At Intersection,No,No,Pedalcyclist,1,MERCER COUNTY 634,NULL,634,,11000634,1.46,County,Straight and Level,Blacktop,Dry,Daylight,Clear,None,None,1000,Foot,East,DECOU AVE,NULL,,NULL,35,25,0,0,No,,163,404349.4,522713.77,,DVRPC,0,Pain,11402562
3736635,20111102I-2011-001446,I-2011-001446,2011,MERCER,Ewing Township,1/16/2011 0:00,Sunday,January,12/31/1899 10:54,1,EWING TWP PD,PLATOON 2 SQUA,0,0,1,0,0,Injury,Not At Intersection,No,No,Pedalcyclist,1,MERCER COUNTY 622,NULL,622,,11000622,4.9,County,Straight and Level,Blacktop,Dry,Daylight,Clear,None,None,1320,Foot,East,CR 639,NULL,,NULL,40,35,0,0,No,,128,418268.951405,514682.336476,,DVRPC,0,Pain,11016937
3737147,20111102I-2011-020489,I-2011-020489,2011,MERCER,Ewing Township,7/27/2011 0:00,Wednesday,July,12/31/1899 13:05,1,EWING TWP PD,1B,0,0,1,0,0,Injury,Not At Intersection,No,No,Pedalcyclist,1,MERCER COUNTY 622,NULL,622,,11000622,6.33,County,Straight and Level,Blacktop,Dry,Daylight,Clear,None,None,,NULL,NULL,,NULL,,NULL,,,0,0,No,,175,411281.41,516916.32,,DVRPC,0,Pain,11400676
3736732,20111102I-2011-004691,I-2011-004691,2011,MERCER,Ewing Township,2/17/2011 0:00,Thursday,February,12/31/1899 17:34,1,EWING TWP PD,SQUAD4 TRAFFIC,0,0,1,0,0,Injury,Not At Intersection,No,No,Pedalcyclist,1,MERCER COUNTY 636,NULL,636,,11000636,1.51,County,Straight at Hillcrest,Blacktop,Dry,Daylight,Clear,None,None,20,Foot,West,CROSS ST,NULL,,NULL,35,25,0,0,No,,163,416076.844255,515413.757103,,DVRPC,0,Pain,11044377
3737468,20111102I-2011-030211,I-2011-030211,2011,MERCER,Ewing Township,11/5/2011 0:00,Saturday,November,12/31/1899 14:06,1,EWING TWP PD,PLATOON 1 - SQ,0,0,1,0,0,Injury,Not At Intersection,No,No,Pedalcyclist,1,MERCER COUNTY 634,NULL,634,,11000634,3.25,County,Straight and Level,Blacktop,Dry,Daylight,Clear,None,None,500,Foot,East,CR 622,NULL,,NULL,40,40,0,0,No,,151,411281.41,516916.32,,DVRPC,0,Pain,11402254
3737358,20111102I-2011-027343,I-2011-027343,2011,MERCER,Ewing Township,10/5/2011 0:00,Wednesday,October,12/31/1899 18:42,1,EWING TWP PD,SQUAD3 TRAFFIC,0,0,1,0,0,Injury,Not At Intersection,No,No,Pedalcyclist,1,CENTRAL AVE,NULL,,,11021072,0.469,Municipal,Straight and Grade,Blacktop,Dry,Dusk,Clear,None,None,5,Foot,West,NJ 31,NULL,,NULL,25,35,0,0,No,,149,414329.840151,518647.310043,,DVRPC,0,Pain,11401753
3739784,2011110311-50642,11-50642,2011,MERCER,Hamilton Twp (Mercer Co),12/8/2011 0:00,Thursday,December,12/31/1899 21:54,1,HAMILTON TWP PD (MERCER),,0,0,1,0,0,Injury,Not At Intersection,No,No,Pedalcyclist,1,MERCER COUNTY 620,South,620,,11000620,0.12,County,Straight and Grade,Blacktop,Dry,Dark (Street LIghts On/ spot),Clear,None,None,250,Foot,South,COPPERFIELD DR,NULL,,NULL,40,25,0,0,No,,418,438447.894174,493772.309988,,DVRPC,0,Moderate Injury,11285049
3737999,2011110311-16745,11-16745,2011,MERCER,Hamilton Twp (Mercer Co),4/27/2011 0:00,Wednesday,April,12/31/1899 14:58,1,HAMILTON TWP PD (MERCER),,0,0,1,0,0,Injury,At Intersection,No,No,Pedalcyclist,1,MERCER COUNTY 606,NULL,606,,11000606,3.52,County,Straight and Grade,Blacktop,Wet,Daylight,Rain,None,None,,At,NULL,SAYBROOK AVE.,NULL,,NULL,35,25,0,0,No,,364,436777.219916,510064.358281,,DVRPC,0,Moderate Injury,11095376
3737848,2011110311-13126,11-13126,2011,MERCER,Hamilton Twp (Mercer Co),4/3/2011 0:00,Sunday,April,12/31/1899 15:17,1,HAMILTON TWP PD (MERCER),,0,0,1,0,0,Injury,At Intersection,No,No,Pedalcyclist,1,YARDVILLE-HAMILTON SQ RD,NULL,,,11031990,0.28,Municipal,Straight and Level,Blacktop,Dry,Daylight,Clear,None,None,,At,NULL,LENOX AVE,NULL,,NULL,35,25,0,0,No,,370,444195.945715,491895.78572,,DVRPC,0,Pain,11079676
3738578,2011110311-28038,11-28038,2011,MERCER,Hamilton Twp (Mercer Co),7/11/2011 0:00,Monday,July,12/31/1899 11:44,1,HAMILTON TWP PD (MERCER),,0,0,1,0,0,Injury,At Intersection,Yes,No,Pedalcyclist,1,US 206,North,206,,206,,State Highway,Straight and Level,Blacktop,Dry,Daylight,Clear,Curbed Median,None,,At,NULL,CEDAR LANE,NULL,,NULL,35,25,0,0,No,,364,,,,DVRPC,0,Moderate Injury,11153321
3738968,2011110311-36350,11-36350,2011,MERCER,Hamilton Twp (Mercer Co),9/3/2011 0:00,Saturday,September,12/31/1899 17:15,1,HAMILTON TWP PD (MERCER),,0,0,1,0,0,Injury,Not At Intersection,No,No,Pedalcyclist,1,JOHNSTON AVENUE,North,,,11031405,0.136,Municipal,Straight and Level,Blacktop,Dry,Daylight,Clear,None,None,30,Foot,North,HOBART AVENUE,NULL,,NULL,30,25,0,0,No,,330,429722.368438,506231.612018,,DVRPC,0,Moderate Injury,11209849
3737697,2011110311-1026,11-1026,2011,MERCER,Hamilton Twp (Mercer Co),1/8/2011 0:00,Saturday,January,12/31/1899 18:42,1,HAMILTON TWP PD (MERCER),,0,0,1,0,0,Injury,Not At Intersection,No,No,Pedalcyclist,1,MERCER COUNTY 614,NULL,614,,11000614,0.68,County,Straight and Level,Blacktop,Dry,Dark (Street LIghts On/ spot),Clear,None,None,10,Foot,East,WARNER DR,NULL,,NULL,25,25,0,0,No,NONE,381,429182.152536,509747.992491,,DVRPC,0,Pain,11010240
3738215,2011110311-20778,11-20778,2011,MERCER,Hamilton Twp (Mercer Co),5/24/2011 0:00,Tuesday,May,12/31/1899 16:18,1,HAMILTON TWP PD (MERCER),,0,0,1,0,0,Injury,At Intersection,No,No,Pedalcyclist,1,NJ 33,West,33,,33,5.73,State Highway,Straight and Level,Blacktop,Dry,Daylight,Clear,None,None,,At,NULL,ENDICOTT RD,NULL,,NULL,40,25,0,0,No,,407,448222.14723,507319.66317,,DVRPC,0,Pain,11111328
3738865,2011110311-34368,11-34368,2011,MERCER,Hamilton Twp (Mercer Co),8/23/2011 0:00,Tuesday,August,12/31/1899 13:49,1,HAMILTON TWP PD (MERCER),,0,0,1,0,0,Injury,Not At Intersection,No,No,Pedalcyclist,1,NJ 33,East,33,,33,,State Highway,Straight and Level,Blacktop,Dry,Daylight,Clear,None,None,40,Foot,South,NOTTINGHAM WAY,NULL,,NULL,35,35,0,0,No,,438,,,,DVRPC,0,Pain,11180733
3740285,201111032011-8051,2011-8051,2011,MERCER,Hamilton Twp (Mercer Co),2/28/2011 0:00,Monday,February,12/31/1899 6:26,1,HAMILTON TWP PD (MERCER),PATROL,0,0,1,0,0,Injury,Not At Intersection,No,No,Pedalcyclist,1,ROUTE 524,North,524,,524,,County,Straight and Level,Blacktop,Wet,Dark (Street Lights On/ continuous),Rain,None,None,500,Foot,North,CROSSWICKS HAMILTON SQ RD,NULL,,NULL,50,,0,0,No,,409,,,,DVRPC,0,Moderate Injury,11047786
3738763,2011110311-31936,11-31936,2011,MERCER,Hamilton Twp (Mercer Co),8/7/2011 0:00,Sunday,August,12/31/1899 16:20,1,HAMILTON TWP PD (MERCER),,0,0,1,0,0,Injury,Not At Intersection,No,No,Pedalcyclist,1,US 206,NULL,206,,206,,State Highway,Straight and Level,Blacktop,Dry,Daylight,Clear,Barrier Median,None,40,Foot,North,SAMDIN BLVD,NULL,,NULL,35,25,0,0,No,,438,,,,DVRPC,0,Moderate Injury,11173051
3739133,2011110311-39712,11-39712,2011,MERCER,Hamilton Twp (Mercer Co),9/27/2011 0:00,Tuesday,September,12/31/1899 7:11,1,HAMILTON TWP PD (MERCER),,0,0,1,0,0,Injury,Not At Intersection,No,No,Pedalcyclist,1,ROUTE 535,West,535,,535,0.29,County,Straight and Grade,Blacktop,Dry,Daylight,Clear,None,None,120,Foot,West,JOHNSTON AVE,NULL,,NULL,30,25,0,0,No,,330,427119.945682,509215.385682,,DVRPC,0,Moderate Injury,11222063
3739294,2011110311-42741,11-42741,2011,MERCER,Hamilton Twp (Mercer Co),10/16/2011 0:00,Sunday,October,12/31/1899 15:18,1,HAMILTON TWP PD (MERCER),,0,0,1,0,0,Injury,At Intersection,No,No,Pedalcyclist,1,E PARK,West,,,11031983,0.63,Municipal,Straight and Level,Blacktop,Dry,Daylight,Clear,None,None,,At,NULL,BERG,NULL,,NULL,25,25,0,0,No,,446,430385.601177,498238.923514,,DVRPC,0,Pain,11235389
3739477,2011110311-45527,11-45527,2011,MERCER,Hamilton Twp (Mercer Co),11/3/2011 0:00,Thursday,November,12/31/1899 19:05,1,HAMILTON TWP PD (MERCER),,0,0,1,0,0,Injury,At Intersection,No,No,Pedalcyclist,1,ROUTE 524,NULL,524,,524,1.4,County,Straight and Grade,Blacktop,Dry,Dark (Street Lights Off),Clear,Curbed Median,None,,At,NULL,SUNNY BRAE BLVD,NULL,,NULL,35,25,0,0,No,,433,441978.62,492256.45,,DVRPC,0,Pain,11253204
3739519,2011110311-46291,11-46291,2011,MERCER,Hamilton Twp (Mercer Co),11/8/2011 0:00,Tuesday,November,12/31/1899 18:35,1,HAMILTON TWP PD (MERCER),,0,0,1,0,0,Injury,Not At Intersection,No,No,Pedalcyclist,1,PHILLIPS AVE,NULL,,,11031533,0.009,Municipal,Straight and Level,Blacktop,Dry,Dark (No Street Lights),Clear,None,None,50,Foot,East,WHITEHORSE AVE.,NULL,,NULL,25,35,0,0,No,,475,435361.046282,494519.991254,,DVRPC,0,Pain,11253397
3740933,2.01111042011044E+016,201104485,2011,MERCER,Hightstown Borough,6/6/2011 0:00,Monday,June,12/31/1899 19:09,1,HIGHTSTOWN PD,,0,0,1,0,0,Injury,At Intersection,No,No,Pedalcyclist,1,ROUTE 539,North,539,,539,51.79,County,Straight and Level,Blacktop,Dry,Daylight,Clear,None,None,,At,NULL,EAST WARD STREET,NULL,,NULL,25,25,0,0,No,,111,485275.302242,522251.992531,,DVRPC,0,Pain,11140925
3741688,20111106HT2011-028263,HT2011-028263,2011,MERCER,Hopewell Twp (Mercer Co),12/12/2011 0:00,Monday,December,12/31/1899 15:05,1,HOPEWELL TWP PD,51 NORTH,0,0,1,0,0,Injury,At Intersection,No,No,Pedalcyclist,1,PENNINGTON-TITUSVILLE RD,West,,,11061023,0.15,Municipal,Straight and Level,Blacktop,Dry,Daylight,Clear,None,None,,At,NULL,DUBLIN ROAD,NULL,,NULL,25,25,0,0,No,,46,407637.674705,544125.515259,,DVRPC,0,Pain,11272852
3741309,20111106HT2011-011095,HT2011-011095,2011,MERCER,Hopewell Twp (Mercer Co),5/8/2011 0:00,Sunday,May,12/31/1899 12:40,1,HOPEWELL TWP PD,51 SOUTH,0,0,1,0,0,Injury,At Intersection,No,No,Pedalcyclist,1,ROUTE 546,East,546,,546,2.57,County,Straight and Level,Blacktop,Dry,Daylight,Clear,None,None,,At,NULL,CR 637 / JACOBS CREEK RD,NULL,,NULL,45,40,0,0,No,,39,401295.69474,537148.324343,,DVRPC,0,Pain,11097474
3743102,20111107I-2011-011469,I-2011-011469,2011,MERCER,Lawrence Twp (Mercer Co),4/27/2011 0:00,Wednesday,April,12/31/1899 12:10,1,EWING TWP PD,PLATOON 1-SQUAD,0,0,1,0,0,Injury,At Intersection,Yes,No,Pedalcyclist,1,ROUTE 583,NULL,583,,583,,Municipal,Straight and Level,Blacktop,Dry,Daylight,Clear,None,None,,At,NULL,SHORT OLDEN AVE,NULL,,NULL,35,25,0,0,No,,151,,,,DVRPC,0,Pain,11094765
3742279,2011110711-35029-AC,11-35029-AC,2011,MERCER,Lawrence Twp (Mercer Co),8/22/2011 0:00,Monday,August,12/31/1899 7:37,1,LAWRENCE TWP PD,,0,0,1,0,0,Injury,Not At Intersection,No,No,Pedalcyclist,1,US 206,South,206,,206,45.1,State Highway,Straight and Level,Blacktop,Dry,Daylight,Clear,None,None,200,Foot,North,BRUNSWICK CIR,NULL,,NULL,40,25,0,0,No,,209,424444.663393,514533.171421,,DVRPC,0,Pain,11183817
3741868,2011110711-16529-AC,11-16529-AC,2011,MERCER,Lawrence Twp (Mercer Co),4/18/2011 0:00,Monday,April,12/31/1899 12:33,1,LAWRENCE TWP PD,,0,0,1,0,0,Injury,At Intersection,No,No,Pedalcyclist,1,ROUTE 533,North,533,,533,,County,Straight and Level,Blacktop,Dry,Daylight,Clear,None,None,,At,NULL,ROSEDALE RD,NULL,,NULL,40,45,0,0,No,,185,,,,DVRPC,0,Pain,11079209
3741938,2011110711-19737-AC,11-19737-AC,2011,MERCER,Lawrence Twp (Mercer Co),5/9/2011 0:00,Monday,May,12/31/1899 17:42,1,LAWRENCE TWP PD,,0,0,1,0,0,Injury,At Intersection,No,No,Pedalcyclist,1,US 1 BUSINESS,NULL,1,B,00000001B,0.55,State Highway,Straight and Level,Blacktop,Dry,Daylight,Clear,Curbed Median,None,,At,NULL,PURITAN AVE,NULL,,NULL,55,25,0,0,No,,218,424684.778521,514512.549784,,DVRPC,0,Moderate Injury,11089206
3743307,201111092011-018379,2011-018379,2011,MERCER,Princeton Borough,9/14/2011 0:00,Wednesday,September,12/31/1899 7:16,1,PRINCETON BORO PD,,0,0,1,0,0,Injury,Not At Intersection,No,No,Pedalcyclist,1,WIGGINS STREET,NULL,,,,,Municipal,Straight and Level,Concrete,Dry,Daylight,Clear,None,None,,NULL,NULL,,NULL,,NULL,,,0,0,No,,154,,,,DVRPC,0,Moderate Injury,11193955
3743468,201111092011-20298,2011-20298,2011,MERCER,Princeton Borough,10/6/2011 0:00,Thursday,October,12/31/1899 20:29,1,PRINCETON BORO PD,,0,0,1,0,0,Injury,Not At Intersection,No,No,Pedalcyclist,2,NJ 27,NULL,27,,27,0.76,State Highway,Straight and Level,Blacktop,Dry,Dark (Street LIghts On/ spot),Clear,None,None,25,Foot,West,PINE ST,NULL,,NULL,25,20,0,0,No,NONE,150,450084.839954,553295.265982,,DVRPC,0,Moderate Injury,11222512
3743196,2011110911-22606,11-22606,2011,MERCER,Princeton Borough,11/5/2011 0:00,Saturday,November,12/31/1899 16:16,1,PRINCETON BORO PD,,0,0,1,0,0,Injury,At Intersection,No,No,Pedalcyclist,1,LINDEN LANE,NULL,,,11091133,0.42,Municipal,Straight and Level,Blacktop,Dry,Daylight,Clear,None,None,,At,NULL,FRANKLIN AVE.,NULL,,NULL,25,25,0,0,No,,123,449917.53013,555597.669869,,DVRPC,0,Pain,11249384
3743190,2011110911-20744,11-20744,2011,MERCER,Princeton Borough,10/12/2011 0:00,Wednesday,October,12/31/1899 8:59,1,PRINCETON BORO PD,,0,0,1,0,0,Injury,Not At Intersection,No,No,Pedalcyclist,1,NJ 27,NULL,27,,27,0.8,State Highway,Straight and Level,Blacktop,Wet,Daylight,Rain,None,None,5,Foot,West,MAPLE ST,NULL,,NULL,25,25,0,0,No,,129,450281.58551,553372.776385,,DVRPC,0,Moderate Injury,11222506
3743523,201111092011-24550,2011-24550,2011,MERCER,Princeton Borough,12/5/2011 0:00,Monday,December,12/31/1899 21:04,1,PRINCETON BORO PD,,0,0,1,0,0,Injury,Not At Intersection,Yes,No,Pedalcyclist,1,VANDEVENTER AVE,NULL,,,11091074,0.005,Municipal,Straight and Grade,Blacktop,Dry,Dark (Street LIghts On/ spot),Rain,None,None,25,Foot,North,NASSAU ST.,NULL,,NULL,25,25,0,0,No,,149,448314.601975,552603.011488,,DVRPC,0,Moderate Injury,11267794
3743310,201111092011-019103,2011-019103,2011,MERCER,Princeton Borough,9/22/2011 0:00,Thursday,September,12/31/1899 16:51,1,PRINCETON BORO PD,,0,0,1,0,0,Injury,Not At Intersection,No,No,Pedalcyclist,1,US 206,NULL,206,,206,54.47,State Highway,Straight and Level,Concrete,Dry,Daylight,Clear,None,None,,NULL,NULL,,NULL,,NULL,,,0,0,No,,151,444983.493306,554237.173374,,DVRPC,0,Pain,11203676
3743496,201111092011-22833,2011-22833,2011,MERCER,Princeton Borough,11/8/2011 0:00,Tuesday,November,12/31/1899 18:45,1,PRINCETON BORO PD,,0,0,1,0,0,Injury,At Intersection,No,No,Pedalcyclist,1,PROSPECT AVE,NULL,,,11091240,0.5,Municipal,Straight and Level,Blacktop,Dry,Dark (Street LIghts On/ spot),Clear,None,None,,At,NULL,BROADMEAD,NULL,,NULL,25,25,0,0,No,,149,451403.693784,552524.622455,,DVRPC,0,Pain,11255085