ID,DOT_WEB_ID,CASE_NUMBER,CRASH_YEAR,COUNTY,MUNICIPALITY,CRASH_DATE,CRASH_DAY_OF_WEEK,CRASH_MONTH,CRASH_TIME,POLICE_DEPT_CODE,POLICE_DEPARTMENT,POLICE_STATION,TOTAL_KILLED,TOTAL_INCAPACITATED,TOTAL_INJURED,PEDESTRIANS_KILLED,PEDESTRIANS_INJURED,SEVERITY,INTERSECTION,ALCOHOL_INVOLVED,HAZMAT_INVOLVED,CRASH_TYPE,TOTAL_VEHICLES_INVOLVED,CRASH_LOCATION,LOCATION_DIRECTION,ROUTE,ROUTE_SUFFIX,SRI,MILEPOST,ROAD_SYSTEM,ROAD_CHARACTER,ROAD_SURFACE_TYPE,SURFACE_CONDITION,LIGHT_CONDITION,ENVIRONMENTAL_CONDITION,ROAD_DIVIDED_BY,TEMP_TRAFFIC_CONTROL_ZONE,DISTANCE_TO_CROSS_STREET,UNIT_OF_MEASUREMENT,DIRECTION_FROM_CROSS_STREET,CROSS_STREET_NAME,IS_RAMP,RAMP_TO_FROM_ROUTE_NAME,RAMP_TO_FROM_ROUTE_DIRECTION,POSTED_SPEED,POSTED_SPEED_CROSS_STREET,LATITUDE,LONGITUDE,CELL_PHONE_IN_USE,OTHER_PROPERTY_DAMAGE,REPORTING_BADGE_NO,X,Y,CRASH_NARRATIVE,MPO,TOTAL_PEDESTRIANS_INVOLVED,EPDO,DLN
3743199,2011110911-23235,11-23235,2011,MERCER,Princeton Borough,11/15/2011 0:00,Tuesday,November,12/31/1899 6:53,1,PRINCETON BORO PD,,0,0,1,0,0,Injury,Not At Intersection,No,No,Pedalcyclist,1,JEFFERSON ROAD,NULL,,,11091242,0.191,Municipal,Straight and Level,Blacktop,Dry,Daylight,Clear,None,None,5,Foot,North,WIGGINS STREET,NULL,,NULL,25,25,0,0,No,,142,448716.325906,553840.743919,,DVRPC,0,Pain,11267804
3743526,201111092011-24594,2011-24594,2011,MERCER,Princeton Borough,12/6/2011 0:00,Tuesday,December,12/31/1899 12:30,1,PRINCETON BORO PD,,0,0,1,0,0,Injury,Not At Intersection,No,No,Pedalcyclist,1,UNIVERSITY PLACE,NULL,,,11091188,0.16,Municipal,Straight and Grade,Blacktop,Wet,Daylight,Rain,None,None,5,Foot,South,COLLEGE ROAD,NULL,,NULL,25,25,0,0,No,,150,447435.95,550579.42,,DVRPC,0,Moderate Injury,11267785
3744087,201111102011-15519,2011-15519,2011,MERCER,Princeton Township,10/17/2011 0:00,Monday,October,12/31/1899 13:21,1,PRINCETON TWP PD,,0,0,1,0,0,Injury,At Intersection,No,No,Pedalcyclist,1,MERCER COUNTY 629,NULL,629,,11000629,,County,Straight and Level,Blacktop,Dry,Daylight,Clear,None,None,,At,NULL,VALLEY ROAD,NULL,,NULL,30,25,0,0,No,,80,,,,DVRPC,0,Pain,11225340
3744081,201111102011-14163,2011-14163,2011,MERCER,Princeton Township,9/20/2011 0:00,Tuesday,September,12/31/1899 9:01,1,PRINCETON TWP PD,,0,0,1,0,0,Injury,At Intersection,No,No,Pedalcyclist,1,ALEXANDER RD,NULL,,,11131424,2.46,Municipal,Straight and Level,Blacktop,Wet,Daylight,Rain,None,None,,At,NULL,FACULTY ROAD,NULL,,NULL,35,25,0,0,No,,80,448372.32,548033.16,,DVRPC,0,Moderate Injury,11200874
3745510,2011111111007850,11007851,2011,MERCER,Trenton City,6/19/2011 0:00,Sunday,June,12/31/1899 18:11,1,TRENTON PD,TRAFFIC,0,0,1,0,1,Injury,At Intersection,No,No,Pedalcyclist,1,EMORY AVE,NULL,,,11111466,0.51,Municipal,Straight and Level,Blacktop,Dry,Daylight,Clear,None,None,,At,NULL,WASHINGTON ST,NULL,,NULL,25,25,0,0,No,,617,424879.006434,502043.598299,,DVRPC,1,Pain,11199942
3747000,2011111111015300,11015308,2011,MERCER,Trenton City,12/7/2011 0:00,Wednesday,December,12/31/1899 5:50,1,TRENTON PD,PATROL,0,0,1,0,0,Injury,At Intersection,No,No,Pedalcyclist,1,NJ 33,South,33,,33,,State Highway,Straight and Level,Blacktop,Wet,Dark (Street Lights On/ continuous),Rain,None,None,,At,NULL,HAMPTON ST,NULL,,NULL,25,,0,0,No,,436,,,,DVRPC,0,Moderate Injury,11268746
3746127,2011111111011160,11011160,2011,MERCER,Trenton City,8/27/2011 0:00,Saturday,August,12/31/1899 12:08,1,TRENTON PD,TRAFFIC,0,0,1,0,0,Injury,At Intersection,No,No,Pedalcyclist,1,PARKER AVE,West,,,11111085,0.96,Municipal,Straight at Hillcrest,Blacktop,Dry,Daylight,Clear,None,None,,At,NULL,CR 622,NULL,,NULL,25,25,0,0,No,,565,424862.110097,508021.729916,,DVRPC,0,Pain,11199323
3744967,2011111111004550,11004554,2011,MERCER,Trenton City,4/9/2011 0:00,Saturday,April,12/31/1899 21:15,1,TRENTON PD,NORTH,0,0,1,0,0,Injury,At Intersection,No,No,Pedalcyclist,1,SOUTHARD ST,North,,,11111558,0.76,Municipal,Straight and Level,Blacktop,Dry,Dark (Street Lights On/ continuous),Clear,None,None,,At,NULL,CR 653,NULL,,NULL,25,25,0,0,No,,615,418530.89,510226.65,,DVRPC,0,Pain,11072427
3745428,2011111111007380,11007387,2011,MERCER,Trenton City,6/9/2011 0:00,Thursday,June,12/31/1899 14:01,1,TRENTON PD,TRAFFIC,0,1,1,0,0,Injury,At Intersection,No,No,Pedalcyclist,1,MERCER COUNTY 606,East,606,,11000606,,County,Straight and Level,Blacktop,Dry,Daylight,Clear,None,None,,At,NULL,FRANKLIN ST,NULL,,NULL,25,25,0,0,No,,414,,,,DVRPC,0,Incapacitating Injury,11196730
3746906,2011111111014870,11014879,2011,MERCER,Trenton City,11/26/2011 0:00,Saturday,November,12/31/1899 20:07,1,TRENTON PD,PATROL,0,0,1,0,0,Injury,Not At Intersection,No,No,Pedalcyclist,2,MERCER COUNTY 622,North,622,,11000622,2.31,County,Straight and Level,Blacktop,Dry,Dark (Street Lights Off),Clear,Painted Median,None,,NULL,NULL,CR 606,NULL,,NULL,25,25,0,0,No,,542,427112.28,505031.54,,DVRPC,1,Pain,11258402
3744853,2011111111003710,11003710,2011,MERCER,Trenton City,3/23/2011 0:00,Wednesday,March,12/31/1899 18:57,1,TRENTON PD,NORTH,0,0,1,0,0,Injury,At Intersection,No,No,Pedalcyclist,1,US 206,West,206,,206,,State Highway,Straight and Level,Blacktop,Wet,Dark (Street Lights On/ continuous),Rain,Painted Median,None,,At,NULL,HILLSIDE AVE,NULL,,NULL,25,25,0,0,No,,603,,,,DVRPC,0,Pain,11061556
3745268,2011111111006580,11006583,2011,MERCER,Trenton City,5/24/2011 0:00,Tuesday,May,12/31/1899 18:38,1,TRENTON PD,TRAFFIC,0,0,1,0,1,Injury,At Intersection,No,No,Pedalcyclist,1,JERSEY ST,East,,,11111431,0.21,Municipal,Straight and Level,Concrete,Dry,Daylight,Clear,None,None,,At,NULL,SMITH AVE,NULL,,NULL,25,25,0,0,No,,617,422064.683839,498496.680579,,DVRPC,1,Pain,11196673
3744814,2011111111003500,11003505,2011,MERCER,Trenton City,3/18/2011 0:00,Friday,March,12/31/1899 21:12,1,TRENTON PD,NORTH PATROL,0,1,1,0,0,Injury,At Intersection,No,No,Pedalcyclist,1,MARTIN LUTHER KING,NULL,,,00000206Z,43.96,Municipal,Straight and Level,Blacktop,Dry,Dark (Street Lights On/ continuous),Clear,Painted Median,None,,At,NULL,EVANS AVE,NULL,,NULL,25,25,0,0,No,,608,419790.628003,510121.936465,,DVRPC,0,Incapacitating Injury,11061595
3746023,2011111111010600,11010602,2011,MERCER,Trenton City,8/15/2011 0:00,Monday,August,12/31/1899 13:02,1,TRENTON PD,TRAFFIC,0,0,1,0,0,Injury,Not At Intersection,No,No,Pedalcyclist,1,US 206 Z,South,206,Z,00000206Z,,County,Straight and Level,Blacktop,Dry,Daylight,Clear,None,None,,NULL,NULL,,NULL,,NULL,25,,0,0,No,,414,,,,DVRPC,0,Pain,11199730
3746065,2011111111010840,11010841,2011,MERCER,Trenton City,8/20/2011 0:00,Saturday,August,12/31/1899 15:03,1,TRENTON PD,TRAFFIC,0,0,1,0,0,Injury,Not At Intersection,No,No,Pedalcyclist,1,MERCER COUNTY 635,NULL,635,,11000635,0.94,County,Straight and Level,Blacktop,Dry,Daylight,Clear,None,None,100,Foot,NULL,CR 622,NULL,,NULL,25,25,0,0,No,,608,425192.286354,507560.27272,,DVRPC,0,Pain,11199689
3745320,2011111111006830,11006837,2011,MERCER,Trenton City,5/29/2011 0:00,Sunday,May,12/31/1899 21:21,1,TRENTON PD,PATROL,0,0,1,0,0,Injury,At Intersection,No,No,Pedalcyclist,1,BEATTY ST,South,,,11111577,0.76,Municipal,Straight and Level,Blacktop,Dry,Dark (Street Lights On/ continuous),Clear,None,None,,At,NULL,LALOR ST,NULL,,NULL,25,25,0,0,Yes,,554,422517.359865,497440.739923,,DVRPC,0,Pain,11196618
3746372,2011111111012440,11012441,2011,MERCER,Trenton City,9/27/2011 0:00,Tuesday,September,12/31/1899 15:40,1,TRENTON PD,PATROL,0,0,1,0,1,Injury,At Intersection,No,No,Pedalcyclist,1,DAYTON ST,North,,,11111211,0.18,Municipal,Straight and Level,Concrete,Dry,Daylight,Clear,None,None,,At,NULL,GRAND ST,NULL,,NULL,25,25,0,0,No,,423,424485.153979,498564.283335,,DVRPC,1,Pain,11203307
3745660,2011111111008710,11008716,2011,MERCER,Trenton City,7/5/2011 0:00,Tuesday,July,12/31/1899 18:53,1,TRENTON PD,WEST,0,0,2,0,2,Injury,Not At Intersection,No,No,Pedalcyclist,1,W STATE ST,NULL,,,11111552,,Municipal,Straight and Level,Blacktop,Dry,Daylight,Clear,None,None,,NULL,NULL,,NULL,,NULL,5,,0,0,No,,618,,,,DVRPC,3,Pain,11196901
3745496,2011111111007750,11007758,2011,MERCER,Trenton City,6/17/2011 0:00,Friday,June,12/31/1899 19:39,1,TRENTON PD,TRAFFIC,0,0,1,0,1,Injury,At Intersection,No,No,Pedalcyclist,1,E STATE ST,East,,,11000635,0.82,Municipal,Straight and Level,Blacktop,Dry,Daylight,Clear,None,None,,At,NULL,CUYLER AVE,NULL,,NULL,25,25,0,0,No,,617,424667.76316,507208.222227,,DVRPC,1,Pain,11199956
3746047,2011111111010750,11010758,2011,MERCER,Trenton City,8/18/2011 0:00,Thursday,August,12/31/1899 17:50,1,TRENTON PD,TRAFFIC,0,0,1,0,0,Injury,At Intersection,No,No,Pedalcyclist,1,MERCER COUNTY 626,West,626,,11000626,0.27,County,Straight and Level,Blacktop,Wet,Daylight,Overcast,None,None,,At,NULL,EUCLID AVE,NULL,,NULL,25,25,0,0,No,,581,423418.160031,505584.711376,,DVRPC,0,Pain,11199707
3746592,2011111111013360,11013368,2011,MERCER,Trenton City,10/20/2011 0:00,Thursday,October,12/31/1899 20:28,1,TRENTON PD,PATROL,0,0,1,0,0,Injury,At Intersection,No,No,Pedalcyclist,1,GENESEE ST,West,,,11031471,1.7,Municipal,Straight and Level,Blacktop,Dry,Dark (Street Lights On/ continuous),Clear,Painted Median,None,,At,NULL,HUDSON ST,NULL,,NULL,25,25,0,0,No,,584,421918.471907,500940.883459,,DVRPC,0,Moderate Injury,11224381
3746761,2011111111014150,11014156,2011,MERCER,Trenton City,11/8/2011 0:00,Tuesday,November,12/31/1899 17:19,1,TRENTON PD,SOUTH DISTRICT,0,0,1,0,0,Injury,At Intersection,No,No,Pedalcyclist,1,CASS ST,East,,,11111527,0.18,Municipal,Straight and Level,Blacktop,Dry,Dark (Street Lights On/ continuous),Clear,None,None,,At,NULL,SECOND ST,NULL,,NULL,25,25,0,0,No,,389,420180.583498,499869.471382,,DVRPC,0,Pain,11246863
3747939,20111112I-2011-016484,I-2011-016484,2011,MERCER,Washington Twp  (Mercer Co),9/5/2011 0:00,Monday,September,12/31/1899 9:27,1,ROBBINSVILLE TWP PD,,0,0,1,0,0,Injury,Not At Intersection,No,No,Pedalcyclist,1,CHURCH STREET,East,,,11000672,1.974,County,Straight and Level,Blacktop,Dry,Daylight,Clear,None,None,50,Foot,West,US 130,NULL,,NULL,25,55,0,0,No,,538,444752.750168,489616.102262,,DVRPC,0,Pain,11188885
3747738,20111112I-2011-000716,I-2011-000716,2011,MERCER,Washington Twp  (Mercer Co),1/13/2011 0:00,Thursday,January,12/31/1899 6:48,1,ROBBINSVILLE TWP PD,,0,0,1,0,0,Injury,At Intersection,No,No,Pedalcyclist,1,US 130,North,130,,130,62.64,State Highway,Straight and Level,Blacktop,Dry,Dawn,Clear,Painted Median,None,,At,NULL,US 33 / ROUTE 526 / ROBBINSVILLE BY,NULL,,NULL,55,45,0,0,No,NONE,537,458345.133255,503397.444957,,DVRPC,0,Moderate Injury,11016362
3748640,201111132011-16565,2011-16565,2011,MERCER,West Windsor Township,6/2/2011 0:00,Thursday,June,12/31/1899 7:26,1,WEST WINDSOR TWP PD,2011-16565,0,0,1,0,0,Injury,At Intersection,No,No,Pedalcyclist,1,NEW VILLAGE ROAD,East,,,11131344,1.81,Municipal,Curve and Level,Blacktop,Dry,Daylight,Clear,None,None,,At,NULL,SOUTHFIELD ROAD,NULL,,NULL,35,50,0,0,No,,571,465072.939799,523896.409902,,DVRPC,0,Pain,11109741
3748683,201111132011-17787,2011-17787,2011,MERCER,West Windsor Township,6/14/2011 0:00,Tuesday,June,12/31/1899 8:47,1,WEST WINDSOR TWP PD,2011-17787,0,0,1,0,0,Injury,At Intersection,No,No,Pedalcyclist,1,ROUTE 526,West,526,,526,3.64,County,Straight and Level,Blacktop,Dry,Daylight,Overcast,None,None,,At,NULL,ROUTE 535 / OLD TRENTON RD,NULL,,NULL,45,35,0,0,No,,427,458716.353798,518728.644685,,DVRPC,0,Moderate Injury,11118551
3748618,201111132011-16049,2011-16049,2011,MERCER,West Windsor Township,5/27/2011 0:00,Friday,May,12/31/1899 8:27,1,WEST WINDSOR TWP PD,2011-16049,0,0,1,0,0,Injury,Not At Intersection,No,No,Pedalcyclist,1,MERCER COUNTY 638,South,638,,11000638,,County,Straight and Level,Blacktop,Dry,Daylight,Clear,None,None,,NULL,NULL,WEST WINDSOR PLAINSBORO HIGH SCHOOL,NULL,,NULL,,,0,0,No,,576,,,,DVRPC,0,Pain,11108227
3749425,201111132011-8259,2011-8259,2011,MERCER,West Windsor Township,3/18/2011 0:00,Friday,March,12/31/1899 18:05,1,WEST WINDSOR TWP PD,2011-8259,0,0,1,0,0,Injury,Not At Intersection,No,No,Pedalcyclist,1,700 ALEXANDER PARK,South,,,,,Private Property,Straight and Level,Blacktop,Dry,Daylight,Clear,None,None,,NULL,NULL,700 ALEXANDER PARK DRIVEWAY,NULL,,NULL,,,0,0,No,NONE,585,,,,DVRPC,0,Pain,11051729
3748411,201111132011-02194,2011-02194,2011,MERCER,West Windsor Township,1/20/2011 0:00,Thursday,January,12/31/1899 17:40,1,WEST WINDSOR TWP PD,2011-02194,0,0,1,0,0,Injury,At Intersection,No,No,Pedalcyclist,1,US 1,South,1,,1,11.27,State Highway,Straight and Level,Blacktop,Dry,Dark (Street Lights On/ continuous),Clear,Barrier Median,None,,At,NULL,ROUTE 571 / WASHINGTON RD,NULL,,NULL,55,40,0,0,No,,568,453772.450773,545796.383177,,DVRPC,0,Pain,11015795
3748449,201111132011-06778,2011-06778,2011,MERCER,West Windsor Township,3/3/2011 0:00,Thursday,March,12/31/1899 19:01,1,WEST WINDSOR TWP PD,2011-06778,0,0,1,0,0,Injury,Not At Intersection,No,No,Pedalcyclist,1,ROUTE 535,South,535,,535,,County,Straight and Level,Blacktop,Dry,Dark (Street Lights On/ continuous),Clear,None,None,,Foot,NULL,NEW ROAD,NULL,,NULL,45,30,0,0,No,,568,,,,DVRPC,0,Pain,11040217
3748655,201111132011-17095,2011-17095,2011,MERCER,West Windsor Township,6/7/2011 0:00,Tuesday,June,12/31/1899 7:02,1,WEST WINDSOR TWP PD,2011-17095,0,0,1,0,0,Injury,At Intersection,No,No,Pedalcyclist,1,NEW RD,West,,,,,Municipal,Straight and Level,Blacktop,Dry,Daylight,Clear,Grass Median,None,,At,NULL,MERCER COUNTY PARK MARINA ENTRANCE,NULL,,NULL,30,,0,0,No,DAMAGE TO BICYCLE ESTIMATED AT $4500.00,575,,,,DVRPC,0,Moderate Injury,11131827
3748372,2011111311-8909,Nov-09,2011,MERCER,West Windsor Township,3/24/2011 0:00,Thursday,March,12/31/1899 8:00,1,WEST WINDSOR TWP PD,2011-8909,0,0,1,0,0,Injury,At Intersection,No,No,Pedalcyclist,1,ASCOT CRESCENT,North,,,,,Municipal,Straight and Level,Blacktop,Wet,Daylight,Rain,Curbed Median,None,,At,NULL,BEAR BROOK ROAD,NULL,,NULL,25,35,0,0,No,RED BIANCHI ROAD BICYCLE,581,,,,DVRPC,0,Pain,11058847
4026308,2012110112-4276,Dec-76,2012,MERCER,East Windsor Township,4/6/2012 0:00,Friday,April,12/31/1899 21:32,1,EAST WINDSOR TWP PD,,0,0,1,0,0,Injury,At Intersection,No,No,Pedalcyclist,1,NJ 33,West,33,,33,,State Highway,Straight and Level,Blacktop,Dry,Dark (Street Lights On/ continuous),Clear,None,None,,At,NULL,HICKORY CORNER RD,NULL,,NULL,45,40,0,0,No,,551,,,,DVRPC,0,Pain,12057099
4025901,2012110112-11215,12-11215,2012,MERCER,East Windsor Township,9/8/2012 0:00,Saturday,September,12/31/1899 12:34,1,EAST WINDSOR TWP PD,TRAFFIC SAFETY?,0,0,1,0,0,Injury,At Intersection,No,No,Pedalcyclist,1,ROUTE 539,South,539,,539,50.94,County,Straight and Level,Blacktop,Wet,Daylight,Clear,None,None,,At,NULL,AIRPORT RD,NULL,,NULL,40,45,0,0,No,NONE,78,484590.714642,517815.660128,,DVRPC,0,Moderate Injury,12198548
4025951,2012110112-11979,12-11979,2012,MERCER,East Windsor Township,9/25/2012 0:00,Tuesday,September,12/31/1899 19:00,1,EAST WINDSOR TWP PD,TRAFFIC SAFETY,0,0,1,0,0,Injury,Not At Intersection,No,No,Pedalcyclist,1,LANNING BOULEVARD,South,,,11011111,0.038,Municipal,Straight and Level,Blacktop,Dry,Dark (Street Lights On/ continuous),Clear,Grass Median,None,200,Foot,North,CR 571,NULL,,NULL,25,45,0,0,No,,78,480647.889769,525125.066894,,DVRPC,0,Pain,12198187
4026366,2012110112-5557,Dec-57,2012,MERCER,East Windsor Township,5/5/2012 0:00,Saturday,May,12/31/1899 18:24,1,EAST WINDSOR TWP PD,TRAFFIC SAFETY?,0,0,1,0,0,Injury,Not At Intersection,No,No,Pedalcyclist,1,DUTCHNECK RD,West,,,11011144,0.13,Municipal,Straight and Level,Blacktop,Dry,Daylight,Clear,None,None,200,Foot,East,WESTFIELD AVENUE,NULL,,NULL,35,25,0,0,No,NONE,78,481012.209976,522758.663743,,DVRPC,0,Pain,12082339
4027446,20121102I-2012-014029,I-2012-014029,2012,MERCER,Ewing Township,6/14/2012 0:00,Thursday,June,12/31/1899 8:02,1,EWING TWP PD,P2-A,0,0,1,0,0,Injury,Not At Intersection,No,No,Pedalcyclist,1,POLAND STREET,East,,,11021158,0.761,Municipal,Straight and Grade,Blacktop,Dry,Daylight,Clear,None,None,50,Foot,West,CR 636,NULL,,NULL,25,35,0,0,No,,105,418747.705152,518964.012133,,DVRPC,0,Moderate Injury,12411583
4027355,20121102I-2012-011128,I-2012-011128,2012,MERCER,Ewing Township,5/10/2012 0:00,Thursday,May,12/31/1899 19:22,1,EWING TWP PD,1A,0,0,1,0,0,Injury,At Intersection,No,No,Pedalcyclist,1,INGHAM AVENUE,NULL,,,11111569,0.07,Municipal,Straight and Level,Blacktop,Dry,Daylight,Clear,None,None,,At,NULL,ROOSEVELT STREET,NULL,,NULL,25,,0,0,No,,129,417906.658715,510075.419062,,DVRPC,0,Pain,12403435
8452705,20121102I-2012-011930,I-2012-011930,2012,MERCER,Ewing Township,5/20/2012 0:00,Sunday,May,12/31/1899 12:39,,EWING TWP PD,SQUAD4 TRAFFIC,0,0,1,0,0,Injury,Not At Intersection,No,No,Pedalcyclist,1,2015 PENNINGTON RD (CHURCH),NULL,,,,,Private Property,Straight and Level,Concrete,Dry,Daylight,Clear,None,None,,NULL,NULL,,NULL,,NULL,,,0,0,No,,163,,,,DVRPC,0,Pain,12403609
4027377,20121102I-2012-011718,I-2012-011718,2012,MERCER,Ewing Township,5/17/2012 0:00,Thursday,May,12/31/1899 15:24,1,EWING TWP PD,SQUAD4 TRAFFIC,0,0,1,0,0,Injury,Not At Intersection,No,No,Pedalcyclist,1,THERESA ST,West,,,11021395,0,Municipal,Straight and Level,Blacktop,Dry,Daylight,Clear,None,None,5,Foot,East,LOWER FERRY ROAD (643),NULL,,NULL,25,35,0,0,No,,163,410111.19,521377.03,,DVRPC,0,Pain,12403598
4027311,20121102I-2012-010016,I-2012-010016,2012,MERCER,Ewing Township,4/27/2012 0:00,Friday,April,12/31/1899 12:35,1,EWING TWP PD,SQUAD 1B,0,0,1,0,0,Injury,Not At Intersection,No,No,Pedalcyclist,1,901 CALHOUN ST (D AND A DELI),NULL,,,,,Private Property,Straight and Level,Blacktop,Dry,Daylight,Clear,None,None,,NULL,NULL,,NULL,,NULL,,,0,0,No,,175,,,,DVRPC,0,Pain,12403174
4027217,20121102I-2012-007276,I-2012-007276,2012,MERCER,Ewing Township,3/29/2012 0:00,Thursday,March,12/31/1899 19:00,1,EWING TWP PD,SQUAD2 TRAFFIC,0,0,1,0,0,Injury,Not At Intersection,No,No,Pedalcyclist,1,1556 OLDEN AVE-CAPITAL PLAZA,NULL,,,,,Private Property,Straight and Level,Blacktop,Dry,Daylight,Clear,None,None,,NULL,NULL,,NULL,,NULL,,,0,0,No,,149,,,,DVRPC,0,Moderate Injury,12402122
4027352,20121102I-2012-011107,I-2012-011107,2012,MERCER,Ewing Township,5/10/2012 0:00,Thursday,May,12/31/1899 16:09,1,EWING TWP PD,SQUAD2 TRAFFIC,0,0,1,0,0,Injury,Not At Intersection,No,No,Pedalcyclist,1,54 WEST UPPER FERRY ROAD,NULL,,,,,Private Property,Straight and Level,Blacktop,Dry,Daylight,Clear,None,None,,NULL,NULL,,NULL,,NULL,,,0,0,No,,149,,,,DVRPC,0,Moderate Injury,12403432
4027398,20121102I-2012-012403,I-2012-012403,2012,MERCER,Ewing Township,5/26/2012 0:00,Saturday,May,12/31/1899 13:57,1,EWING TWP PD,SQUAD4,0,0,1,0,0,Injury,Not At Intersection,No,No,Pedalcyclist,1,MERCER COUNTY 634,NULL,634,,11000634,0,County,Straight and Level,Blacktop,Dry,Daylight,Clear,None,None,50,Foot,South,NJ 175 / RIVER RD,NULL,,NULL,35,35,0,0,No,,158,397874.13,518724.82,,DVRPC,0,Pain,12412363
4027984,20121102I-2012-029238,I-2012-029238,2012,MERCER,Ewing Township,12/10/2012 0:00,Monday,December,12/31/1899 17:07,1,EWING TWP PD,3B,0,0,1,0,0,Injury,Not At Intersection,No,No,Pedalcyclist,1,MERCER COUNTY 643,NULL,643,,11000643,,County,Straight at Hillcrest,Blacktop,Wet,Dark (Street Lights On/ continuous),Rain,None,None,30,Foot,South,CSX TRAIN TRACKS,NULL,,NULL,35,,0,0,No,,152,,,,DVRPC,0,Moderate Injury,12411487
4026802,2012110212007540,12007541,2012,MERCER,Ewing Township,7/3/2012 0:00,Tuesday,July,12/31/1899 9:35,1,TRENTON PD,TRAFFIC,0,0,1,0,0,Injury,At Intersection,No,No,Pedalcyclist,1,NJ 31,East,31,,31,,State Highway,Straight and Level,Blacktop,Dry,Daylight,Clear,None,None,,At,NULL,MELON ST,NULL,,NULL,25,25,0,0,No,,565,,,,DVRPC,0,Pain,12130047
4026819,201211022012-03081,2012-03081,2012,MERCER,Ewing Township,4/26/2012 0:00,Thursday,April,12/31/1899 18:15,99,COLLEGE OF NEW JERSEY,,0,0,1,0,0,Injury,At Intersection,No,No,Pedalcyclist,1,NJ 31,NULL,31,,31,3.39,State Highway,Straight and Level,Blacktop,Dry,Daylight,Clear,None,None,,At,NULL,CARLTON AVE,NULL,,NULL,25,35,0,0,No,,778,413168.762326,523910.8595,,DVRPC,0,Moderate Injury,12076608
4029308,2012110312-33671,12-33671,2012,MERCER,Hamilton Twp (Mercer Co),6/8/2012 0:00,Friday,June,12/31/1899 21:45,1,HAMILTON TWP PD (MERCER),,0,0,1,0,0,Injury,Not At Intersection,No,No,Pedalcyclist,1,NJ 33,NULL,33,,33,4.49,State Highway,Straight and Level,Blacktop,Dry,Dark (Street LIghts On/ spot),Clear,None,None,600,Foot,East,WESTON AVE,NULL,,NULL,35,25,0,0,No,,381,441979.761734,509331.903159,,DVRPC,0,Moderate Injury,12178382
4029008,2012110312-28274,12-28274,2012,MERCER,Hamilton Twp (Mercer Co),7/18/2012 0:00,Wednesday,July,12/31/1899 10:11,1,HAMILTON TWP PD (MERCER),,0,0,1,0,0,Injury,At Intersection,No,No,Pedalcyclist,1,NJ 33,East,33,,33,2.14,State Highway,Straight and Level,Blacktop,Dry,Daylight,Clear,None,None,,At,NULL,WARD AVE,NULL,,NULL,35,25,0,0,No,,384,429957.838397,509105.282419,,DVRPC,0,Moderate Injury,12141915
4029412,2012110312-35866,12-35866,2012,MERCER,Hamilton Twp (Mercer Co),9/9/2012 0:00,Sunday,September,12/31/1899 15:09,1,HAMILTON TWP PD (MERCER),,0,0,1,0,0,Injury,Not At Intersection,No,No,Pedalcyclist,1,LIBERTY ST,North,,,,,Municipal,Straight and Level,Blacktop,Dry,Daylight,Clear,None,None,10,Foot,South,MOFFATT AVE.,NULL,,NULL,25,25,0,0,No,,414,,,,DVRPC,0,Moderate Injury,12183135
4029007,2012110312-28198,12-28198,2012,MERCER,Hamilton Twp (Mercer Co),7/17/2012 0:00,Tuesday,July,12/31/1899 20:06,1,HAMILTON TWP PD (MERCER),,0,0,1,0,0,Injury,Not At Intersection,No,No,Pedalcyclist,1,BUNTING AVENUE,South,,,11031741,0.047,Municipal,Straight and Level,Blacktop,Dry,Daylight,Clear,None,None,15,Foot,North,HENRY STREET,NULL,,NULL,25,25,0,0,No,?,443,422907.949963,497257.570014,,DVRPC,0,Pain,12143433
4029612,2012110312-39295,12-39295,2012,MERCER,Hamilton Twp (Mercer Co),10/2/2012 0:00,Tuesday,October,12/31/1899 22:21,1,HAMILTON TWP PD (MERCER),,0,0,1,0,0,Injury,Not At Intersection,No,No,Pedalcyclist,1,KLOCKNER RD,North,,,11031976,4.55,Municipal,Straight and Level,Blacktop,Wet,Dark (Street Lights On/ continuous),Rain,None,None,528,Foot,North,YARDVILLE HAMILTON SQ RD,NULL,,NULL,35,35,0,0,No,NONE,442,447246.514128,503026.039559,,DVRPC,0,Pain,12206409
4028477,2012110312-17716,12-17716,2012,MERCER,Hamilton Twp (Mercer Co),5/6/2012 0:00,Sunday,May,12/31/1899 18:41,1,HAMILTON TWP PD (MERCER),,0,0,1,0,0,Injury,At Intersection,No,No,Pedalcyclist,1,WHITEHORSE-HAMILTON SQ RD,NULL,,,11031988,0.96,Municipal,Straight and Level,Blacktop,Dry,Daylight,Clear,None,None,,At,NULL,KLOCKNER RD,NULL,,NULL,40,40,0,0,No,,470,443777.471176,504771.340649,,DVRPC,0,Pain,12090509