ID,DOT_WEB_ID,CASE_NUMBER,CRASH_YEAR,COUNTY,MUNICIPALITY,CRASH_DATE,CRASH_DAY_OF_WEEK,CRASH_MONTH,CRASH_TIME,POLICE_DEPT_CODE,POLICE_DEPARTMENT,POLICE_STATION,TOTAL_KILLED,TOTAL_INCAPACITATED,TOTAL_INJURED,PEDESTRIANS_KILLED,PEDESTRIANS_INJURED,SEVERITY,INTERSECTION,ALCOHOL_INVOLVED,HAZMAT_INVOLVED,CRASH_TYPE,TOTAL_VEHICLES_INVOLVED,CRASH_LOCATION,LOCATION_DIRECTION,ROUTE,ROUTE_SUFFIX,SRI,MILEPOST,ROAD_SYSTEM,ROAD_CHARACTER,ROAD_SURFACE_TYPE,SURFACE_CONDITION,LIGHT_CONDITION,ENVIRONMENTAL_CONDITION,ROAD_DIVIDED_BY,TEMP_TRAFFIC_CONTROL_ZONE,DISTANCE_TO_CROSS_STREET,UNIT_OF_MEASUREMENT,DIRECTION_FROM_CROSS_STREET,CROSS_STREET_NAME,IS_RAMP,RAMP_TO_FROM_ROUTE_NAME,RAMP_TO_FROM_ROUTE_DIRECTION,POSTED_SPEED,POSTED_SPEED_CROSS_STREET,LATITUDE,LONGITUDE,CELL_PHONE_IN_USE,OTHER_PROPERTY_DAMAGE,REPORTING_BADGE_NO,X,Y,CRASH_NARRATIVE,MPO,TOTAL_PEDESTRIANS_INVOLVED,EPDO,DLN
4029339,2012110312-34497,12-34497,2012,MERCER,Hamilton Twp (Mercer Co),8/31/2012 0:00,Friday,August,12/31/1899 11:34,1,HAMILTON TWP PD (MERCER),,0,0,1,0,0,Injury,Not At Intersection,No,No,Pedalcyclist,1,MERCER COUNTY 619,East,619,,11000619,0.89,County,Straight and Level,Blacktop,Dry,Daylight,Clear,None,None,900,Foot,South,NOTTINGHILL LN,NULL,,NULL,35,25,0,0,No,,407,433890.930054,503050.26328,,DVRPC,0,Pain,12183104
4028979,2012110312-27520,12-27520,2012,MERCER,Hamilton Twp (Mercer Co),7/12/2012 0:00,Thursday,July,12/31/1899 21:28,1,HARRISON PD (HUDSON),,0,0,1,0,0,Injury,Not At Intersection,No,No,Pedalcyclist,1,374 RT 33,NULL,,,,,Private Property,Curve and Grade,Blacktop,Dry,Dark (Street Lights On/ continuous),Clear,None,Utility Zone,,NULL,NULL,,NULL,,NULL,,,0,0,No,,332,,,,DVRPC,0,Pain,12143429
4028035,20121103112-6755,112-6755,2012,MERCER,Hamilton Twp (Mercer Co),2/18/2012 0:00,Saturday,February,12/31/1899 9:32,1,HAMILTON TWP PD (MERCER),HAMILTON,0,0,1,0,0,Injury,At Intersection,No,No,Pedalcyclist,1,FOY DR,NULL,,,11032022,0,Municipal,Straight and Level,Blacktop,Dry,Daylight,Clear,None,None,,At,NULL,PAXSON AVE: EXT,NULL,,NULL,25,25,0,0,No,BICYCLE-BERT RIM.,209,442882.51008,507773.219914,,DVRPC,0,Pain,12030074
4028067,2012110312-10100,12-10100,2012,MERCER,Hamilton Twp (Mercer Co),3/13/2012 0:00,Tuesday,March,12/31/1899 14:53,1,HAMILTON TWP PD (MERCER),,0,0,1,0,0,Injury,At Intersection,No,No,Pedalcyclist,1,WHITEHORSE-HAMILTON SQ RD,NULL,,,11031988,0.96,Municipal,Straight and Grade,Blacktop,Dry,Daylight,Clear,None,Utility Zone,,At,NULL,KLOCKNER RD.,NULL,,NULL,40,35,0,0,No,,364,443777.471176,504771.340649,,DVRPC,0,Moderate Injury,12051704
4029597,2012110312-39021,12-39021,2012,MERCER,Hamilton Twp (Mercer Co),9/30/2012 0:00,Sunday,September,12/31/1899 20:30,1,HAMILTON TWP PD (MERCER),,0,0,1,0,1,Injury,At Intersection,Yes,No,Pedalcyclist,1,US 206,East,206,,206,39.55,Municipal,Straight and Level,Blacktop,Dry,Dark (Street Lights On/ continuous),Clear,None,None,,At,NULL,CHURCH HILL AVE,NULL,,NULL,40,25,0,0,No,NONE,442,431837.943107,495196.802217,,DVRPC,1,Pain,12200022
4029148,2012110312-31037,12-31037,2012,MERCER,Hamilton Twp (Mercer Co),8/6/2012 0:00,Monday,August,12/31/1899 20:13,1,HAMILTON TWP PD (MERCER),,0,0,1,0,0,Injury,Not At Intersection,Yes,No,Pedalcyclist,1,WARD AVE,NULL,,,11032003,0,Municipal,Straight and Level,Blacktop,Dry,Dusk,Clear,None,None,100,Foot,South,NJ 33,NULL,,NULL,25,35,0,0,No,,361,430667.09,506256.05,,DVRPC,0,Pain,12166841
4028501,2012110312-18057,12-18057,2012,MERCER,Hamilton Twp (Mercer Co),5/9/2012 0:00,Wednesday,May,12/31/1899 4:45,1,HAMILTON TWP PD (MERCER),PATROL,0,0,1,0,0,Injury,Not At Intersection,No,No,Pedalcyclist,1,CHURCHILL AVE,South,,,11031490,0.119,Municipal,Straight and Level,Blacktop,Wet,Dark (Street Lights On/ continuous),Rain,None,None,50,Foot,South,W. MCGALLIARD AVE,NULL,,NULL,25,25,0,0,No,,453,432565.465379,496660.585058,,DVRPC,0,Pain,12090011
4029182,2012110312-31518,12-31518,2012,MERCER,Hamilton Twp (Mercer Co),8/10/2012 0:00,Friday,August,12/31/1899 6:34,1,HAMILTON TWP PD (MERCER),,0,0,1,0,0,Injury,At Intersection,No,No,Pedalcyclist,1,MERCER COUNTY 614,NULL,614,,11000614,0.68,County,Straight and Level,Blacktop,Dry,Daylight,Clear,None,None,,At,NULL,WARNER DR,NULL,,NULL,25,25,0,0,No,,475,429182.152536,509747.992491,,DVRPC,0,Pain,12161435
4029251,2012110312-32511,12-32511,2012,MERCER,Hamilton Twp (Mercer Co),8/17/2012 0:00,Friday,August,12/31/1899 15:22,1,HAMILTON TWP PD (MERCER),,0,0,1,0,0,Injury,Not At Intersection,No,No,Pedalcyclist,1,GENESEE ST,South,,,11031471,0.514,Municipal,Straight and Level,Blacktop,Dry,Daylight,Clear,None,None,75,Foot,North,JOSEPH ST.,NULL,,NULL,25,25,0,0,No,,418,427458.045766,497904.478877,,DVRPC,0,Moderate Injury,12166845
4028434,2012110312-17109,12-17109,2012,MERCER,Hamilton Twp (Mercer Co),5/2/2012 0:00,Wednesday,May,12/31/1899 15:32,1,HAMILTON TWP PD (MERCER),,0,0,1,0,0,Injury,At Intersection,No,No,Pedalcyclist,1,S CLINTON AVE,NULL,,,11031969,0.35,Municipal,Straight and Level,Blacktop,Dry,Daylight,Clear,None,None,,At,NULL,WOODSIDE AVE,NULL,,NULL,35,25,0,0,No,,361,433479.35,494959.66,,DVRPC,0,Moderate Injury,12085886
4031273,2.01211042012069E+016,201206945,2012,MERCER,Hightstown Borough,8/9/2012 0:00,Thursday,August,12/31/1899 15:34,1,HIGHTSTOWN PD,BOROUGH,0,1,1,0,0,Injury,At Intersection,No,No,Pedalcyclist,1,BANK STREET,East,,,11041027,0.18,Municipal,Straight and Grade,Blacktop,Dry,Daylight,Clear,None,None,,At,NULL,MECHANIC STREET,NULL,,NULL,25,25,0,0,No,,111,485659.310024,523960.570085,,DVRPC,0,Incapacitating Injury,12224081
4031295,20121105HB2012-002781,HB2012-002781,2012,MERCER,Hopewell Borough,9/5/2012 0:00,Wednesday,September,12/31/1899 15:10,1,HOPEWELL TWP PD,HWB052,0,0,1,0,0,Injury,At Intersection,No,No,Pedalcyclist,1,MERCER COUNTY 654,West,654,,11000654,2.95,County,Straight and Level,Blacktop,Dry,Daylight,Clear,None,None,,At,NULL,N LANNING AVE / S LANNING AVE,NULL,,NULL,30,25,0,0,No,,28,417635.93735,565679.240127,,DVRPC,0,Moderate Injury,12177640
4031365,20121106HB2012-003686,HB2012-003686,2012,MERCER,Hopewell Twp (Mercer Co),11/17/2012 0:00,Saturday,November,12/31/1899 8:40,1,HOPEWELL TWP PD,HOPEWELL BOROU,0,0,1,0,0,Injury,At Intersection,No,No,Pedalcyclist,1,ROUTE 518,West,518,,518,,County,Straight and Level,Blacktop,Dry,Daylight,Clear,None,None,,At,South,N GREENWOOD AV,NULL,,NULL,30,25,0,0,No,,39,,,,DVRPC,0,Moderate Injury,12239169
4031736,20121106HT2012-020680,HT2012-020680,2012,MERCER,Hopewell Twp (Mercer Co),8/24/2012 0:00,Friday,August,12/31/1899 17:00,1,HOPEWELL TWP PD,51SO,0,0,1,0,0,Injury,At Intersection,No,No,Pedalcyclist,1,NJ 31,South,31,,31,5.64,State Highway,Straight and Level,Blacktop,Dry,Daylight,Clear,None,None,,At,NULL,DIVERTY RD,NULL,,NULL,45,25,0,0,No,,28,412887.614197,534917.400562,,DVRPC,0,Pain,12177648
4031589,20121106HT2012-013792,HT2012-013792,2012,MERCER,Hopewell Twp (Mercer Co),5/30/2012 0:00,Wednesday,May,12/31/1899 16:47,1,HAMILTON TWP PD (MERCER),53,0,0,1,0,0,Injury,Not At Intersection,No,No,Pedalcyclist,1,NJ 29,South,29,,29,11.9,State Highway,Curve and Level,Blacktop,Dry,Daylight,Clear,None,None,10,Foot,North,COLEMAN LANE,NULL,,NULL,45,25,0,0,No,,34,389956.059579,533092.847917,,DVRPC,0,Pain,12106213
4032172,2012110712-17609-AC,12-17609-AC,2012,MERCER,Lawrence Twp (Mercer Co),5/2/2012 0:00,Wednesday,May,12/31/1899 17:52,1,LAWRENCE TWP PD,,0,0,1,0,0,Injury,At Intersection,No,No,Pedalcyclist,1,US 206,North,206,,206,45.14,State Highway,Straight and Level,Blacktop,Wet,Daylight,Overcast,None,None,,At,NULL,MAPLEWOOD AVE,NULL,,NULL,40,25,0,0,No,,215,424458.885138,514743.061641,,DVRPC,0,Pain,12081874
4032505,2012110712-30825-AC,12-30825-AC,2012,MERCER,Lawrence Twp (Mercer Co),8/17/2012 0:00,Friday,August,12/31/1899 17:44,1,LAWRENCE TWP PD,,0,0,1,0,0,Injury,Not At Intersection,No,No,Pedalcyclist,1,GEORGE ST,NULL,,,11071203,0.152,Municipal,Straight and Level,Blacktop,Dry,Daylight,Clear,None,None,150,Foot,South,PHILLIPS AVE,NULL,,NULL,25,25,0,0,No,,209,427663.241672,533394.437326,,DVRPC,0,Pain,12169161
4033408,2012110912-53389-AC,12-53389-AC,2012,MERCER,Princeton Borough,6/21/2012 0:00,Thursday,June,12/31/1899 16:30,99,PRINCETON UNIVERSITY PD,,0,0,1,0,0,Injury,Not At Intersection,No,No,Pedalcyclist,1,100 FACULTY RD,NULL,,,,,Private Property,Straight and Level,Blacktop,Dry,Daylight,Clear,NULL,NULL,4,Foot,North,FACULTY RD,NULL,,NULL,,25,0,0,No,,147,,,,DVRPC,0,Moderate Injury,12134935
4033611,201211092012-16570,2012-16570,2012,MERCER,Princeton Borough,8/27/2012 0:00,Monday,August,12/31/1899 22:32,1,PRINCETON BORO PD,,0,0,1,0,0,Injury,At Intersection,No,No,Pedalcyclist,1,WITHERSPOON ST,NULL,,,11091241,0.31,Municipal,Straight and Level,Blacktop,Dry,Dark (Street LIghts On/ spot),Clear,None,None,,At,NULL,SHIRLEY COURT,NULL,,NULL,25,25,0,0,No,,141,447092.99855,553883.050783,,DVRPC,0,Moderate Injury,12173208
4033612,201211092012-16598,2012-16598,2012,MERCER,Princeton Borough,8/28/2012 0:00,Tuesday,August,12/31/1899 12:30,1,PRINCETON BORO PD,,0,0,1,0,0,Injury,At Intersection,No,No,Pedalcyclist,1,N HARRISON ST,NULL,,,11091239,0.52,Municipal,Straight and Grade,Blacktop,Dry,Daylight,Clear,None,None,,At,NULL,HAMILTON AVE,NULL,,NULL,25,25,0,0,No,,114,450885.1348,555007.395783,,DVRPC,0,Pain,12173202
4033576,201211092012-12460,2012-12460,2012,MERCER,Princeton Borough,6/21/2012 0:00,Thursday,June,12/31/1899 11:19,1,PRINCETON BORO PD,,0,0,1,0,0,Injury,At Intersection,No,No,Pedalcyclist,1,LINDEN LANE,NULL,,,11091133,0.24,Municipal,Straight and Level,Blacktop,Dry,Daylight,Clear,None,None,,At,NULL,HAMILTON AVENUE,NULL,,NULL,25,25,0,0,No,,150,450199.632779,554694.984357,,DVRPC,0,Moderate Injury,12119107
4033497,201211092012-012830,2012-012830,2012,MERCER,Princeton Borough,6/27/2012 0:00,Wednesday,June,12/31/1899 19:32,1,PRINCETON BORO PD,,0,0,1,0,0,Injury,At Intersection,No,No,Pedalcyclist,1,US 206,NULL,206,,206,54.17,State Highway,Straight and Level,Blacktop,Dry,Daylight,Clear,None,None,,At,NULL,HODGE RD / PAUL ROBESON PL,NULL,,NULL,25,25,0,0,No,,154,445756.672863,552857.020064,,DVRPC,0,Moderate Injury,12125225
4033785,2012111012-11129,12-11129,2012,MERCER,Princeton Township,7/31/2012 0:00,Tuesday,July,12/31/1899 20:26,1,PRINCETON TWP PD,,0,0,1,0,0,Injury,At Intersection,No,No,Pedalcyclist,1,BIRCH AVENUE,NULL,,,11101160,0.37,Municipal,Straight and Level,Blacktop,Dry,Daylight,Clear,None,None,,At,NULL,WITHERSPOON STREET,NULL,,NULL,25,25,0,0,No,,100,446680.479846,555121.419837,,DVRPC,0,Pain,12153513
4034007,2012111012-3668,Dec-68,2012,MERCER,Princeton Township,3/11/2012 0:00,Sunday,March,12/31/1899 15:25,1,PRINCETON TWP PD,,0,0,1,0,0,Injury,Not At Intersection,No,No,Pedalcyclist,1,MERCER COUNTY 604,NULL,604,,11000604,1.76,County,Straight and Level,Blacktop,Dry,Daylight,Clear,None,None,400,Foot,West,GENERAL JOHNSON RD,NULL,,NULL,45,15,0,0,No,,85,439266.58995,550883.939226,,DVRPC,0,Moderate Injury,12044381
4034034,2012111012-539,12-539,2012,MERCER,Princeton Township,1/11/2012 0:00,Wednesday,January,12/31/1899 14:51,1,PRINCETON TWP PD,,0,0,1,0,0,Injury,At Intersection,No,No,Pedalcyclist,1,MT LUCAS ROAD,NULL,,,11101020,0.09,Municipal,Straight and Grade,Blacktop,Dry,Daylight,Clear,None,None,,At,NULL,REDDING CIRCLE,NULL,,NULL,30,25,0,0,No,,8,447748.540046,560614.83011,,DVRPC,0,Moderate Injury,12002508
4033816,2012111012-12771,12-12771,2012,MERCER,Princeton Township,9/8/2012 0:00,Saturday,September,12/31/1899 11:53,1,PRINCETON TWP PD,,0,0,2,0,0,Injury,Not At Intersection,No,No,Pedalcyclist,1,GREAT RD WEST,NULL,,,11091030,0.92,Municipal,Straight and Grade,Blacktop,Dry,Daylight,Clear,None,None,1056,Foot,North,PRETTYBROOK ROAD,NULL,,NULL,40,35,0,0,No,,84,440531.006034,556131.145287,,DVRPC,0,Pain,12177527
4033806,2012111012-12223,12-12223,2012,MERCER,Princeton Township,8/26/2012 0:00,Sunday,August,12/31/1899 14:51,1,PRINCETON TWP PD,,0,0,1,0,0,Injury,At Intersection,No,No,Pedalcyclist,1,MT LUCAS ROAD,NULL,,,11101020,0.68,Municipal,Straight and Level,Blacktop,Dry,Daylight,Clear,None,None,,At,NULL,CAMPBELL WOODS WAY,NULL,,NULL,35,25,0,0,No,,85,448785.275115,563445.494921,,DVRPC,0,Pain,12176412
4033778,2012111012-11013,12-11013,2012,MERCER,Princeton Township,7/28/2012 0:00,Saturday,July,12/31/1899 18:21,1,PRINCETON TWP PD,,0,0,1,0,0,Injury,At Intersection,No,No,Pedalcyclist,1,BIRCH AVENUE,NULL,,,11101160,0.25,Municipal,Straight and Level,Blacktop,Dry,Daylight,Overcast,None,None,,At,NULL,JOHN STREET,NULL,,NULL,25,25,0,0,No,,8,446095.500045,554899.120085,,DVRPC,0,Pain,12153515
4033918,2012111012-17435,12-17435,2012,MERCER,Princeton Township,12/4/2012 0:00,Tuesday,December,12/31/1899 18:21,1,PRINCETON TWP PD,,0,0,1,0,0,Injury,Not At Intersection,No,No,Pedalcyclist,1,MERCER COUNTY 605,NULL,605,,11000605,0.15,County,Straight and Level,Blacktop,Dry,Dark (No Street Lights),Clear,None,None,10,Foot,North,SYCAMORE ROAD,NULL,,NULL,25,25,0,0,No,,55,458319.506923,561875.354646,,DVRPC,0,Pain,12250835
4036028,2012111112010860,12010865,2012,MERCER,Trenton City,9/21/2012 0:00,Friday,September,12/31/1899 16:59,1,TRENTON PD,NORTH,0,0,1,0,1,Injury,At Intersection,No,No,Pedalcyclist,1,US 206,NULL,206,,206,45.01,State Highway,Straight and Level,Concrete,Dry,Daylight,Clear,None,None,,At,NULL,US 1 BUSINESS / CR 645 / STRAWBERRY,NULL,,NULL,,,0,0,No,,566,424346.553529,514177.252108,,DVRPC,1,Pain,12194204
4035536,2012111112007510,12007510,2012,MERCER,Trenton City,7/2/2012 0:00,Monday,July,12/31/1899 14:49,1,TRENTON PD,TRAFFIC,0,0,1,0,0,Injury,At Intersection,No,No,Pedalcyclist,1,US 206,North,206,,206,,State Highway,Straight and Level,Blacktop,Dry,Daylight,Clear,None,None,,At,NULL,OLD ROSE ST,NULL,,NULL,25,25,0,0,No,,565,,,,DVRPC,0,Moderate Injury,12130054
4036277,2012111112013560,12013563,2012,MERCER,Trenton City,11/24/2012 0:00,Saturday,November,12/31/1899 20:36,1,TRENTON PD,PATROL-NORTH,0,0,1,0,0,Injury,At Intersection,No,No,Pedalcyclist,1,S CLINTON AVE,North,,,11031969,4.7,Municipal,Straight and Level,Blacktop,Dry,Dark (Street Lights On/ continuous),Clear,None,None,,At,NULL,SHERMAN AVE,NULL,,NULL,25,25,0,0,No,,398,423924.753474,509521.662835,,DVRPC,0,Pain,12244897
4035445,2012111112007060,12007068,2012,MERCER,Trenton City,6/21/2012 0:00,Thursday,June,12/31/1899 16:57,1,TRENTON PD,WEST,0,0,1,0,0,Injury,At Intersection,No,No,Pedalcyclist,1,BELLEVUE AVE,South,,,11111560,0.8,Municipal,Straight and Level,Blacktop,Dry,Daylight,Clear,Painted Median,NULL,,At,NULL,PROSPECT ST,NULL,,NULL,25,25,0,0,No,,445,415128.962616,508335.950051,,DVRPC,0,Pain,12127639
4035614,2012111112007960,12007963,2012,MERCER,Trenton City,7/12/2012 0:00,Thursday,July,12/31/1899 13:46,1,TRENTON PD,TRAFFIC,0,0,1,0,1,Injury,At Intersection,No,No,Pedalcyclist,1,PASSAIC ST,East,,,11111383,0.45,Municipal,Straight and Level,Blacktop,Dry,Daylight,Clear,None,None,,At,NULL,CALHOUN ST,NULL,,NULL,25,25,0,0,No,,565,415737.226198,506723.492799,,DVRPC,1,Pain,12131621
4034766,2012111112002960,12002960,2012,MERCER,Trenton City,3/14/2012 0:00,Wednesday,March,12/31/1899 21:30,1,TRENTON PD,PATROL,0,0,1,0,0,Injury,At Intersection,No,No,Pedalcyclist,1,NJ 129,North,129,,129,1.08,State Highway,Straight and Level,Blacktop,Dry,Dark (Street LIghts On/ spot),Clear,Grass Median,None,,At,NULL,CR 650 / LALOR ST,NULL,,NULL,40,25,0,0,No,,555,421478.30628,497365.674937,,DVRPC,0,Pain,12044800
4036231,2012111112013310,12013314,2012,MERCER,Trenton City,11/17/2012 0:00,Saturday,November,12/31/1899 14:52,1,TRENTON PD,TRAFFIC,0,0,1,0,0,Injury,Not At Intersection,No,No,Pedalcyclist,1,MERCER COUNTY 622,South,622,,11000622,,County,Straight and Level,Blacktop,Dry,Daylight,Clear,None,None,,NULL,NULL,,NULL,,NULL,25,,0,0,No,,565,,,,DVRPC,0,Moderate Injury,12232815
4034428,2012111112000980,12000982,2012,MERCER,Trenton City,1/25/2012 0:00,Wednesday,January,12/31/1899 13:40,1,TRENTON PD,TRAFFIC,0,0,1,0,0,Injury,At Intersection,No,No,Pedalcyclist,1,MERCER COUNTY 626,South,626,,11000626,0.1,County,Straight at Hillcrest,Blacktop,Dry,Daylight,Clear,None,None,,At,NULL,CR 635 / E STATE ST,NULL,,NULL,25,25,0,0,No,,565,422930.683083,506367.576148,,DVRPC,0,Pain,12013560
4035293,2012111112005850,12005859,2012,MERCER,Trenton City,5/23/2012 0:00,Wednesday,May,12/31/1899 18:05,1,TRENTON PD,EAST,0,0,1,0,0,Injury,Not At Intersection,No,No,Pedalcyclist,1,WASHINGTON ST,East,,,11111169,0.611,Municipal,Straight and Level,Blacktop,Dry,Daylight,Clear,None,None,50,Foot,East,ANDERSON ST,NULL,,NULL,25,25,0,0,No,,499,423841.213116,503774.608959,,DVRPC,0,Moderate Injury,12096410
4036025,2012111112010840,12010842,2012,MERCER,Trenton City,9/21/2012 0:00,Friday,September,12/31/1899 7:57,1,TRENTON PD,PATROL,0,0,1,0,1,Injury,Not At Intersection,No,No,Pedalcyclist,1,MERCER COUNTY 636,West,636,,11000636,0.35,County,Straight and Grade,Blacktop,Dry,Daylight,NULL,None,None,50,Foot,NULL,WHITTIER AVE,NULL,,NULL,25,25,0,0,No,,414,412093.954971,511001.149984,,DVRPC,1,Moderate Injury,12194207
4036150,2012111112012670,12012674,2012,MERCER,Trenton City,11/1/2012 0:00,Thursday,November,12/31/1899 17:05,1,TRENTON PD,PATROL,0,0,1,0,1,Injury,At Intersection,No,No,Pedalcyclist,1,US 206,South,206,,206,42.48,Municipal,Straight at Hillcrest,Blacktop,Dry,Daylight,Overcast,Painted Median,None,,At,NULL,MARKET ST,NULL,,NULL,25,25,0,0,No,,575,419016.162079,503531.21437,,DVRPC,1,Pain,12233741
4035889,2012111112010070,12010070,2012,MERCER,Trenton City,9/1/2012 0:00,Saturday,September,12/31/1899 19:12,1,TRENTON PD,EAST,0,0,1,0,0,Injury,At Intersection,No,No,Pedalcyclist,1,CENTENNIAL AVE,East,,,11111103,0.07,Municipal,Straight and Level,Blacktop,Dry,Daylight,Clear,None,None,,At,NULL,WESLEY ALY,NULL,,NULL,25,15,0,0,No,,566,426044.4264,503759.28005,,DVRPC,0,Pain,12178559
4034753,2012111112002870,12002874,2012,MERCER,Trenton City,3/12/2012 0:00,Monday,March,12/31/1899 18:29,1,TRENTON PD,WEST,0,0,1,0,0,Injury,Not At Intersection,No,No,Pedalcyclist,1,COOLIDGE AVE,NULL,,,11111341,0.22,Municipal,Straight and Level,Blacktop,Dry,Daylight,Clear,None,None,,NULL,NULL,OAKLAND STREET,NULL,,NULL,25,,0,0,No,,529,414578.00993,511027.239981,,DVRPC,0,Pain,12044814
4034694,2012111112002450,12002452,2012,MERCER,Trenton City,3/1/2012 0:00,Thursday,March,12/31/1899 16:44,1,TRENTON PD,NORTH PATROL,0,1,1,0,0,Injury,At Intersection,No,No,Pedalcyclist,1,PERRY ST,West,,,11111556,0.06,Municipal,Straight and Level,Blacktop,Dry,Daylight,Clear,None,None,,At,NULL,N BROAD ST,NULL,,NULL,25,25,0,0,No,,575,418301.62,506156.16,,DVRPC,0,Incapacitating Injury,12038199
4035337,2012111112006090,12006099,2012,MERCER,Trenton City,5/29/2012 0:00,Tuesday,May,12/31/1899 12:38,1,TRENTON PD,SOUTH,0,0,1,0,0,Injury,At Intersection,No,No,Pedalcyclist,1,US 206,North,206,,206,41.29,Municipal,Straight and Level,Blacktop,Dry,Daylight,Clear,None,None,,At,NULL,DIVISION ST,NULL,,NULL,25,25,0,0,No,,446,423778.125163,499599.351944,,DVRPC,0,Pain,12100135
4035322,2012111112006030,12006035,2012,MERCER,Trenton City,5/27/2012 0:00,Sunday,May,12/31/1899 17:35,1,TRENTON PD,PATROL,0,0,1,0,0,Injury,At Intersection,No,No,Pedalcyclist,1,BELLEVUE AVE,West,,,11111560,0.93,Municipal,Straight and Level,Blacktop,Dry,Daylight,Clear,None,None,,At,NULL,MARION STREET,NULL,,NULL,25,25,0,0,No,,342,415671.1,507917,,DVRPC,0,Moderate Injury,12100150
4036046,2012111112010990,12010990,2012,MERCER,Trenton City,9/24/2012 0:00,Monday,September,12/31/1899 17:19,1,TRENTON PD,PATROL,0,0,1,0,0,Injury,At Intersection,No,No,Pedalcyclist,1,WARREN STREET,South,,,00000206Z,43.11,Municipal,NULL,NULL,NULL,NULL,NULL,NULL,NULL,,At,NULL,BANK STREET,NULL,,NULL,25,25,0,0,No,,342,417984.787096,506061.959948,,DVRPC,0,Pain,12194221
4036462,20121111C060-2012-00681A,C060-2012-00681A,2012,MERCER,Trenton City,6/13/2012 0:00,Wednesday,June,12/31/1899 11:26,2,NEW JERSEY STATE POLICE,HAMILTON-SUB,0,0,1,0,0,Injury,Not At Intersection,No,No,Pedalcyclist,1,NJ 29,South,29,,29,,State Highway,Straight and Grade,Blacktop,Dry,Daylight,Clear,Curbed Median,None,,NULL,NULL,,To,CALHOUN STREET,West Bound,50,,0,0,No,,709,,,,DVRPC,0,Pain,12145814
4034809,2012111112003170,12003179,2012,MERCER,Trenton City,3/19/2012 0:00,Monday,March,12/31/1899 18:25,1,TRENTON PD,PATROL,0,0,1,0,1,Injury,At Intersection,No,No,Pedalcyclist,1,US 206,North,206,,206,42.34,Municipal,Straight at Hillcrest,Blacktop,Dry,Daylight,Clear,None,NULL,,At,NULL,CENTRE ST / GREENWOOD AVE,NULL,,NULL,25,25,0,0,No,,575,419472.318776,502950.552318,,DVRPC,1,Pain,12044716
4035507,2012111112007370,12007379,2012,MERCER,Trenton City,6/29/2012 0:00,Friday,June,12/31/1899 13:05,1,TRENTON PD,SOUTH DISTRICT,0,0,1,0,0,Injury,At Intersection,No,No,Pedalcyclist,1,E STATE ST,West,,,,,Municipal,Straight and Level,Blacktop,Dry,Daylight,Clear,None,None,,At,NULL,BARRY HOGAN WAY,NULL,,NULL,25,,0,0,No,,575,,,,DVRPC,0,Pain,12130086
4037742,201211132012-11721,2012-11721,2012,MERCER,West Windsor Township,4/17/2012 0:00,Tuesday,April,12/31/1899 15:31,1,WEST WINDSOR TWP PD,2012-11721,0,0,1,0,0,Injury,At Intersection,No,No,Pedalcyclist,1,N POST RD,South,,,11131420,0,Municipal,Straight and Level,Blacktop,Dry,Daylight,Clear,Curbed Median,None,,At,NULL,VILLAGE ROAD WEST,NULL,,NULL,40,45,0,0,No,,427,453875.43,528051.64,,DVRPC,0,Moderate Injury,12066961
4037357,2012111312-14232,12-14232,2012,MERCER,West Windsor Township,5/13/2012 0:00,Sunday,May,12/31/1899 11:07,1,WEST WINDSOR TWP PD,2012-14232,0,0,1,0,0,Injury,At Intersection,No,No,Pedalcyclist,1,ROUTE 526,South,526,,526,2.24,County,Straight and Level,Blacktop,Dry,Daylight,Clear,Curbed Median,None,,At,NULL,NEW VILLAGE RD,NULL,,NULL,40,35,0,0,No,,558,461319.91625,525035.32125,,DVRPC,0,Pain,12090388
4309479,2013110113-11182,13-11182,2013,MERCER,East Windsor Township,9/2/2013 0:00,Monday,September,12/31/1899 12:06,1,EAST WINDSOR TWP PD,TRAFFIC SAFETY?,0,0,1,0,0,Injury,Not At Intersection,No,No,Pedalcyclist,1,189 PRINCETON ARMS NORTH 2 (PARKING LOT),West,,,,,Private Property,Straight and Level,Blacktop,Wet,Daylight,Rain,None,None,,NULL,NULL,,NULL,,NULL,,,0,0,No,NONE,78,,,,DVRPC,0,Moderate Injury,13218419
4309908,2013110113-5321,13-5321,2013,MERCER,East Windsor Township,4/28/2013 0:00,Sunday,April,12/31/1899 14:12,1,EAST WINDSOR TWP PD,UNIFORM SERVIC?,0,0,1,0,0,Injury,At Intersection,No,No,Pedalcyclist,1,DAVISON ROAD,North,,,,,Municipal,Straight and Level,Blacktop,Dry,Daylight,Clear,None,None,,At,NULL,WARD STREET,NULL,,NULL,25,40,0,0,No,NONE,79,,,,DVRPC,0,Moderate Injury,13148338
4310018,2013110113-7101,13-7101,2013,MERCER,East Windsor Township,6/5/2013 0:00,Wednesday,June,12/31/1899 16:51,1,EAST WINDSOR TWP PD,TRAFFIC SAFETY?,0,0,1,0,0,Injury,Not At Intersection,No,No,Pedalcyclist,1,US 130,South,130,,130,68.51,State Highway,Straight and Level,Blacktop,Dry,Daylight,Clear,None,None,300,Foot,South,ROUTE 571 / PRCTN-WRSTN RD / STOCKT,NULL,,NULL,45,45,0,0,No,NONE,563,481087.221311,523757.607521,,DVRPC,0,Moderate Injury,13181944