ID,DOT_WEB_ID,CASE_NUMBER,CRASH_YEAR,COUNTY,MUNICIPALITY,CRASH_DATE,CRASH_DAY_OF_WEEK,CRASH_MONTH,CRASH_TIME,POLICE_DEPT_CODE,POLICE_DEPARTMENT,POLICE_STATION,TOTAL_KILLED,TOTAL_INCAPACITATED,TOTAL_INJURED,PEDESTRIANS_KILLED,PEDESTRIANS_INJURED,SEVERITY,INTERSECTION,ALCOHOL_INVOLVED,HAZMAT_INVOLVED,CRASH_TYPE,TOTAL_VEHICLES_INVOLVED,CRASH_LOCATION,LOCATION_DIRECTION,ROUTE,ROUTE_SUFFIX,SRI,MILEPOST,ROAD_SYSTEM,ROAD_CHARACTER,ROAD_SURFACE_TYPE,SURFACE_CONDITION,LIGHT_CONDITION,ENVIRONMENTAL_CONDITION,ROAD_DIVIDED_BY,TEMP_TRAFFIC_CONTROL_ZONE,DISTANCE_TO_CROSS_STREET,UNIT_OF_MEASUREMENT,DIRECTION_FROM_CROSS_STREET,CROSS_STREET_NAME,IS_RAMP,RAMP_TO_FROM_ROUTE_NAME,RAMP_TO_FROM_ROUTE_DIRECTION,POSTED_SPEED,POSTED_SPEED_CROSS_STREET,LATITUDE,LONGITUDE,CELL_PHONE_IN_USE,OTHER_PROPERTY_DAMAGE,REPORTING_BADGE_NO,X,Y,CRASH_NARRATIVE,MPO,TOTAL_PEDESTRIANS_INVOLVED,EPDO,DLN
4309446,2013110113-10641,13-10641,2013,MERCER,East Windsor Township,8/21/2013 0:00,Wednesday,August,12/31/1899 10:57,1,EAST WINDSOR TWP PD,TRAFFIC SAFETY,0,1,1,0,1,Injury,Not At Intersection,No,No,Pedalcyclist,1,MERCER COUNTY 630,West,630,,11000630,0.36,County,Straight and Level,Blacktop,Dry,Daylight,Clear,None,None,100,Foot,East,BRADFORD RD,NULL,,NULL,40,25,0,0,No,,551,485396.98,510134.04,,DVRPC,1,Incapacitating Injury,13510639
4310172,2013110113-9991,13-9991,2013,MERCER,East Windsor Township,8/8/2013 0:00,Thursday,August,12/31/1899 8:23,1,EAST WINDSOR TWP PD,PATROL,0,0,1,0,0,Injury,Not At Intersection,No,No,Pedalcyclist,1,ROUTE 571,East,571,,571,33.36,County,Straight and Grade,Blacktop,Dry,Daylight,Overcast,None,None,500,Foot,West,WARD ST,NULL,,NULL,40,40,0,0,No,,81,488178.625347,518805.317083,,DVRPC,0,Moderate Injury,13511238
4309483,2013110113-11236,13-11236,2013,MERCER,East Windsor Township,9/3/2013 0:00,Tuesday,September,12/31/1899 20:35,1,EAST WINDSOR TWP PD,UNIFORM SERVICE,0,0,1,0,0,Injury,Not At Intersection,No,No,Pedalcyclist,1,ABBINGTON DRIVE,West,,,,,Municipal,Curve and Level,Blacktop,Dry,Dark (Street Lights Off),Clear,None,None,1000,Foot,East,LAKE DRIVE,NULL,,NULL,25,30,0,0,No,,574,,,,DVRPC,0,Pain,13223457
4309545,2013110113-12381,13-12381,2013,MERCER,East Windsor Township,9/28/2013 0:00,Saturday,September,12/31/1899 16:59,1,EAST WINDSOR TWP PD,TRAFFIC SAFETY,0,0,1,0,0,Injury,At Intersection,No,No,Pedalcyclist,1,MERCER COUNTY 630,West,630,,11000630,0,County,Straight and Level,Blacktop,Dry,Daylight,Clear,NULL,None,,At,NULL,ROUTE 539 / YORK RD,NULL,,NULL,45,50,0,0,No,,551,483432.9,509896.32,,DVRPC,0,Pain,13241141
4311104,20131102I-2013-019643,I-2013-019643,2013,MERCER,Ewing Township,8/5/2013 0:00,Monday,August,12/31/1899 21:36,1,EWING TWP PD,PLATOON 3 - SQ?,0,0,1,0,0,Injury,Not At Intersection,No,No,Pedalcyclist,1,1488 PENNINGTON ROAD,NULL,,,,,Private Property,Straight and Level,Blacktop,Dry,Dark (Street Lights On/ continuous),Clear,None,None,,NULL,NULL,,NULL,,NULL,,,0,0,No,,151,,,,DVRPC,0,Pain,13521670
4311144,20131102I-2013-021377,I-2013-021377,2013,MERCER,Ewing Township,8/24/2013 0:00,Saturday,August,12/31/1899 17:18,1,EWING TWP PD,3B,0,0,1,0,0,Injury,Not At Intersection,No,No,Pedalcyclist,1,RADNOR AVENUE,NULL,,,,,Municipal,Straight and Level,Blacktop,Dry,Daylight,Clear,None,None,60,Foot,East,BERWYN AVENUE,NULL,,NULL,25,25,0,0,No,,152,,,,DVRPC,0,Pain,13521709
4310910,20131102I-2013-013720,I-2013-013720,2013,MERCER,Ewing Township,6/2/2013 0:00,Sunday,June,12/31/1899 20:56,1,EWING TWP PD,TRAFFIC 04,0,0,1,0,0,Injury,Not At Intersection,No,No,Pedalcyclist,1,1510 OLDEN AVENUE,NULL,,,,,Private Property,Straight and Level,Blacktop,Dry,Dark (Street Lights On/ continuous),Clear,None,None,,NULL,NULL,,NULL,,NULL,,,0,0,No,,163,,,,DVRPC,0,Pain,13405941
4312363,2013110313-24388,13-24388,2013,MERCER,Hamilton Twp (Mercer Co),6/20/2013 0:00,Thursday,June,12/31/1899 14:55,1,HAMILTON TWP PD (MERCER),,0,0,1,0,0,Injury,Not At Intersection,No,No,Pedalcyclist,1,WILFRED AVE,East,,,11031466,,Municipal,Straight and Level,Blacktop,Dry,Daylight,Clear,None,None,25,Foot,East,LILY ST,NULL,,NULL,25,25,0,0,No,,491,,,,DVRPC,0,Moderate Injury,13187461
4313919,2013110313-6835,13-6835,2013,MERCER,Hamilton Twp (Mercer Co),2/16/2013 0:00,Saturday,February,12/31/1899 12:15,1,HAMILTON TWP PD (MERCER),,0,0,1,0,0,Injury,Not At Intersection,No,No,Pedalcyclist,1,WARD AVE,North,,,11032003,,Municipal,Straight and Level,Blacktop,Dry,Daylight,Clear,None,None,10,Foot,South,NJ 33,NULL,,NULL,25,30,0,0,No,NONE,418,,,,DVRPC,0,Pain,13018356
4312200,2013110313-21410,13-21410,2013,MERCER,Hamilton Twp (Mercer Co),5/30/2013 0:00,Thursday,May,12/31/1899 16:32,1,HAMILTON TWP PD (MERCER),,0,0,1,0,0,Injury,At Intersection,No,No,Pedalcyclist,1,MERCER COUNTY 618,East,618,,11000618,1.91,County,Straight and Level,Blacktop,Dry,Daylight,Clear,None,None,,At,NULL,CREST AVE,NULL,,NULL,40,25,0,0,No,,398,449076.53,507719.52,,DVRPC,0,Pain,13178550
4312681,2013110313-30403,13-30403,2013,MERCER,Hamilton Twp (Mercer Co),7/31/2013 0:00,Wednesday,July,12/31/1899 9:39,1,HAMILTON TWP PD (MERCER),,0,0,1,0,0,Injury,At Intersection,No,No,Pedalcyclist,1,MERCER COUNTY 614,West,614,,11000614,0.52,County,Straight and Level,Blacktop,Dry,Daylight,Clear,None,None,,At,NULL,ROSALIA AVE,NULL,,NULL,35,25,0,0,No,,384,428362.88,509941.71,,DVRPC,0,Moderate Injury,13518912
4312382,2013110313-24704,13-24704,2013,MERCER,Hamilton Twp (Mercer Co),6/22/2013 0:00,Saturday,June,12/31/1899 13:11,1,HAMILTON TWP PD (MERCER),,0,0,1,0,0,Injury,At Intersection,No,No,Pedalcyclist,1,HUGHES DR,North,,,11031978,2.11,Municipal,Curve and Level,Blacktop,Dry,Daylight,Clear,None,None,,At,NULL,YOUNGS RD,NULL,,NULL,35,25,0,0,No,,406,445424.325806,520815.896218,,DVRPC,0,Moderate Injury,13196632
4311851,2013110313-15302,13-15302,2013,MERCER,Hamilton Twp (Mercer Co),4/18/2013 0:00,Thursday,April,12/31/1899 16:05,1,HAMILTON TWP PD (MERCER),,0,0,1,0,0,Injury,At Intersection,No,No,Pedalcyclist,1,NJ 33,NULL,33,,33,3.2,State Highway,Straight and Level,Blacktop,Dry,Daylight,Clear,None,None,,At,NULL,WEGNER AVE,NULL,,NULL,35,25,0,0,No,,381,435407,510029.47,,DVRPC,0,Pain,13159824
4312725,2013110313-31311,13-31311,2013,MERCER,Hamilton Twp (Mercer Co),8/6/2013 0:00,Tuesday,August,12/31/1899 13:08,1,HAMILTON TWP PD (MERCER),,0,0,1,0,0,Injury,At Intersection,No,No,Pedalcyclist,1,S CLINTON AVE,East,,,11031969,1.63,Municipal,Straight and Level,Blacktop,Dry,Daylight,Clear,None,None,,At,NULL,JOSEPH ST,NULL,,NULL,35,25,0,0,No,,407,427535.738204,498171.694533,,DVRPC,0,Pain,13503061
4313018,2013110313-38500,13-38500,2013,MERCER,Hamilton Twp (Mercer Co),9/24/2013 0:00,Tuesday,September,12/31/1899 17:48,1,HAMILTON TWP PD (MERCER),,0,0,1,0,0,Injury,At Intersection,No,No,Pedalcyclist,1,ROUTE 533,South,533,,533,0.6,County,Straight and Level,Blacktop,Dry,Daylight,Clear,None,None,,At,NULL,MAGNOLIA LN,NULL,,NULL,35,25,0,0,No,DAMAGE TO B1'S FRONT RIM,418,436139.45,496532.49,,DVRPC,0,Pain,13241190
4311888,2013110313-1583,13-1583,2013,MERCER,Hamilton Twp (Mercer Co),1/11/2013 0:00,Friday,January,12/31/1899 18:12,1,HAMILTON TWP PD (MERCER),,0,0,1,0,0,Injury,At Intersection,No,No,Pedalcyclist,1,HOMESTEAD AVE,NULL,,,11031483,0,Municipal,Straight and Level,Blacktop,Wet,Dark (Street Lights On/ continuous),Rain,Curbed Median,None,,At,NULL,SO BROAD ST,NULL,,NULL,25,35,0,0,No,,401,433654.87007,494186.419988,,DVRPC,0,Pain,13100101
4312249,2013110313-22473,13-22473,2013,MERCER,Hamilton Twp (Mercer Co),6/6/2013 0:00,Thursday,June,12/31/1899 17:06,1,HAMILTON TWP PD (MERCER),,0,0,1,0,0,Injury,Not At Intersection,No,No,Pedalcyclist,1,CHURCH ST,North,,,11031016,0.001,Municipal,Straight and Level,Blacktop,Dry,Daylight,Overcast,None,None,5,Foot,South,S. BROAD ST,NULL,,NULL,35,35,0,0,No,,418,450739.231384,482826.832846,,DVRPC,0,Moderate Injury,13175547
4312622,2013110313-29256,13-29256,2013,MERCER,Hamilton Twp (Mercer Co),7/23/2013 0:00,Tuesday,July,12/31/1899 8:58,1,HAMILTON TWP PD (MERCER),,0,0,1,0,0,Injury,At Intersection,No,No,Pedalcyclist,1,MERCER COUNTY 606,West,606,,11000606,3.52,County,Straight and Level,Blacktop,Dry,Daylight,Overcast,None,None,,At,NULL,SAYBROOK AVE,NULL,,NULL,40,25,0,0,No,,384,436777.219916,510064.358281,,DVRPC,0,Moderate Injury,13218729
4313971,2013110313-8103,13-8103,2013,MERCER,Hamilton Twp (Mercer Co),2/25/2013 0:00,Monday,February,12/31/1899 21:55,1,HAMILTON TWP PD (MERCER),,0,0,1,0,0,Injury,Not At Intersection,No,No,Pedalcyclist,1,MERCER COUNTY 616,NULL,616,,11000616,0.32,County,Straight at Hillcrest,Concrete,Dry,Dark (Street Lights On/ continuous),Clear,None,None,500,Foot,South,FIRST AVE,NULL,,NULL,30,25,0,0,No,,467,428515.86706,512399.339618,,DVRPC,0,Pain,13116656
4312453,2013110313-25824,13-25824,2013,MERCER,Hamilton Twp (Mercer Co),6/30/2013 0:00,Sunday,June,12/31/1899 3:27,1,HAMILTON TWP PD (MERCER),,0,0,1,0,0,Injury,Not At Intersection,No,No,Pedalcyclist,1,CYPRESS LN,North,,,11031810,0.51,Municipal,Straight and Grade,Blacktop,Dry,Dark (Street Lights On/ continuous),Clear,None,None,500,Foot,NULL,HOBBS RD,NULL,,NULL,35,25,0,0,No,,469,435004.336108,505970.715411,,DVRPC,0,Moderate Injury,13196649
4311906,2013110313-16150,13-16150,2013,MERCER,Hamilton Twp (Mercer Co),4/24/2013 0:00,Wednesday,April,12/31/1899 15:00,1,HAMILTON TWP PD (MERCER),,0,0,1,0,0,Injury,Not At Intersection,No,No,Pedalcyclist,1,ESTATES BLVD,NULL,,,11031803,1.421,Municipal,Straight and Level,Blacktop,Dry,Daylight,Clear,None,None,5,Foot,West,WHITEHORSE HAMILTON SQUARE RD.,NULL,,NULL,25,40,0,0,No,,401,,,,DVRPC,0,Moderate Injury,13139280
4312283,2013110313-22967,13-22967,2013,MERCER,Hamilton Twp (Mercer Co),6/10/2013 0:00,Monday,June,12/31/1899 13:52,1,HAMILTON TWP PD (MERCER),,0,0,1,0,1,Injury,Not At Intersection,No,No,Pedalcyclist,1,CROSSWICKS HAMILTON SQUARE RD,West,,,11031996,1.334,Municipal,Straight and Level,Blacktop,Dry,Daylight,Rain,None,None,600,Foot,East,EDGEBROOK RD,NULL,,NULL,35,35,0,0,No,,407,451712.203274,493219.344922,,DVRPC,2,Pain,13182885
4312287,2013110313-23048,13-23048,2013,MERCER,Hamilton Twp (Mercer Co),6/11/2013 0:00,Tuesday,June,12/31/1899 7:23,1,HAMILTON TWP PD (MERCER),,0,0,1,0,0,Injury,Not At Intersection,No,No,Pedalcyclist,1,265 WHITEHEAD RD,NULL,,,,,Private Property,Straight and Level,Blacktop,Wet,Daylight,Clear,None,None,,NULL,NULL,,NULL,,NULL,,,0,0,No,,384,,,,DVRPC,0,Moderate Injury,13175530
4313691,2013110313-50371,13-50371,2013,MERCER,Hamilton Twp (Mercer Co),12/16/2013 0:00,Monday,December,12/31/1899 17:10,1,HAMILTON TWP PD (MERCER),,0,0,1,0,0,Injury,At Intersection,No,No,Pedalcyclist,1,KUSER RD,NULL,,,,,Municipal,Straight and Level,Blacktop,Dry,Dark (Street LIghts On/ spot),Clear,None,None,,At,NULL,ESTATES BLVD,NULL,,NULL,35,25,0,0,No,,#38,,,,DVRPC,0,Moderate Injury,13314936
4312332,2013110313-23740,13-23740,2013,MERCER,Hamilton Twp (Mercer Co),6/15/2013 0:00,Saturday,June,12/31/1899 21:22,1,HAMILTON TWP PD (MERCER),,0,0,1,0,0,Injury,At Intersection,No,No,Pedalcyclist,1,NEW CEDAR LN,North,,,11031328,0,Municipal,Straight and Level,Blacktop,Dry,Dark (Street Lights On/ continuous),Clear,None,None,,At,NULL,S BROAD ST,NULL,,NULL,25,35,0,0,No,,469,426762.740154,497934.139855,,DVRPC,0,Moderate Injury,13187485
4312347,2013110313-24003,13-24003,2013,MERCER,Hamilton Twp (Mercer Co),6/17/2013 0:00,Monday,June,12/31/1899 22:53,1,HAMILTON TWP PD (MERCER),,0,1,1,0,0,Injury,Not At Intersection,No,No,Pedalcyclist,1,KLOCKNER RD,North,,,,,Municipal,Straight and Grade,Blacktop,Dry,Dark (No Street Lights),Overcast,Painted Median,None,,Foot,North,NEGRON DR,NULL,,NULL,45,,0,0,No,,418,,,,DVRPC,0,Incapacitating Injury,13196665
4314681,2013110413-01515,13-01515,2013,MERCER,Hightstown Borough,2/2/2013 0:00,Saturday,February,12/31/1899 9:53,1,HIGHTSTOWN PD,,0,0,1,0,0,Injury,Not At Intersection,No,No,Pedalcyclist,1,BANK STREET,NULL,,,11041027,0.218,Municipal,Straight and Grade,Blacktop,Dry,Daylight,Clear,None,None,200,Foot,West,MECHANIC STREET,NULL,,NULL,25,25,0,0,No,,111,485855.579979,523913.481603,,DVRPC,0,Pain,13019301
4314844,20131106HB2013-000431,HB2013-000431,2013,MERCER,Hopewell Twp (Mercer Co),2/13/2013 0:00,Wednesday,February,12/31/1899 16:39,1,HOPEWELL TWP PD,52 ZONE,0,0,1,0,0,Injury,Not At Intersection,No,No,Pedalcyclist,1,ROUTE 518,West,518,,518,,County,Straight and Level,Blacktop,Dry,Daylight,Clear,None,None,150,Foot,East,PRINCETON AV,NULL,,NULL,30,25,0,0,No,,43,,,,DVRPC,0,Moderate Injury,13016756
4314849,20131106HB2013-000990,HB2013-000990,2013,MERCER,Hopewell Twp (Mercer Co),4/13/2013 0:00,Saturday,April,12/31/1899 8:55,1,HOPEWELL TWP PD,52,0,0,1,0,0,Injury,Not At Intersection,No,No,Pedalcyclist,1,PRINCETON AVE,South,,,569,8.528,Municipal,Straight and Level,Blacktop,Dry,Daylight,Clear,None,None,10,Foot,South,E BROAD ST,NULL,,NULL,25,30,0,0,No,BICYCLE DAMAGED,48,420174.537019,567154.579902,,DVRPC,0,Moderate Injury,13133409
4315254,20131106HT2013-019208,HT2013-019208,2013,MERCER,Hopewell Twp (Mercer Co),8/28/2013 0:00,Wednesday,August,12/31/1899 8:41,1,HOPEWELL TWP PD,51 NORTH,0,0,1,0,0,Injury,Not At Intersection,No,No,Pedalcyclist,1,NJ 31,North,31,,31,8.97,State Highway,Straight and Level,Blacktop,Dry,Daylight,Clear,None,None,528,Foot,South,WOOSAMONSA RD,NULL,,NULL,40,25,0,0,No,,39,409508.021021,550884.988195,,DVRPC,0,Pain,13221948
4316457,2013110713-4515-AC,13-4515-AC,2013,MERCER,Lawrence Twp (Mercer Co),2/12/2013 0:00,Tuesday,February,12/31/1899 10:21,1,LAWRENCE TWP PD,,0,0,1,0,0,Injury,Not At Intersection,No,No,Pedalcyclist,1,TEXAS AVE,NULL,,,11071395,0,Municipal,Straight and Grade,Blacktop,Dry,Daylight,Clear,None,None,30,Foot,West,US 1B,NULL,,NULL,25,50,0,0,No,,156,429453.57,519629.89,,DVRPC,0,Pain,13012073
4315737,2013110713-15176-AC,13-15176-AC,2013,MERCER,Lawrence Twp (Mercer Co),6/1/2013 0:00,Saturday,June,12/31/1899 13:55,1,LAWRENCE TWP PD,,0,0,1,0,0,Injury,Not At Intersection,No,No,Pedalcyclist,1,ROUTE 533,NULL,533,,533,8.64,County,Straight and Level,Blacktop,Dry,Daylight,Clear,Curbed Median,None,,NULL,NULL,,NULL,,NULL,45,,0,0,No,,208,440627.17,536021.52,,DVRPC,0,Pain,13173557
4315672,2013110713-13372-AC,13-13372-AC,2013,MERCER,Lawrence Twp (Mercer Co),5/17/2013 0:00,Friday,May,12/31/1899 18:31,1,LAWRENCE TWP PD,,0,0,1,0,0,Injury,At Intersection,No,No,Pedalcyclist,1,ROUTE 583,NULL,583,,583,5.55,Municipal,Straight and Level,Blacktop,Dry,Daylight,Clear,None,None,,At,West,ROUTE 569 / FACKLER RD,NULL,,NULL,45,40,0,0,No,,225,436968.55,536073.87,,DVRPC,0,Moderate Injury,13159730
4322441,2013111413-29271,13-29271,2013,MERCER,Princeton Township,10/20/2013 0:00,Sunday,October,12/31/1899 9:25,1,PRINCETON PD,,0,0,1,0,0,Injury,At Intersection,No,No,Pedalcyclist,1,FITZRANDOLPH ROAD,NULL,,,,,Private Property,Straight and Level,Blacktop,Dry,Daylight,Clear,None,None,,At,NULL,WESTERN WAY,NULL,,NULL,,25,0,0,No,NONE,42,,,,DVRPC,0,Pain,13252042
4322573,2013111413-33945,13-33945,2013,MERCER,Princeton Township,12/12/2013 0:00,Thursday,December,12/31/1899 10:35,1,PRINCETON PD,,0,0,1,0,0,Injury,At Intersection,No,No,Pedalcyclist,1,VANDEVENTER AVENUE,NULL,,,,,Municipal,Straight and Grade,Blacktop,Dry,Daylight,Clear,None,None,,At,NULL,PARK PLACE,NULL,,NULL,25,25,0,0,No,,16,,,,DVRPC,0,Pain,13292026
4322297,2013111413-20693,13-20693,2013,MERCER,Princeton Township,7/17/2013 0:00,Wednesday,July,12/31/1899 10:05,1,PRINCETON PD,,0,0,1,0,0,Injury,Not At Intersection,No,No,Pedalcyclist,1,MACLEAN ST,NULL,,,11091019,0.109,Municipal,Straight and Level,Blacktop,Dry,Daylight,Clear,None,None,3,Foot,West,WITHERSPOON ST.,NULL,,NULL,25,25,0,0,No,,36,447021.443875,554080.194634,,DVRPC,0,Moderate Injury,13212666
4316878,2013111013-00690,13-00690,2013,MERCER,Princeton Township,1/7/2013 0:00,Monday,January,12/31/1899 12:29,1,PRINCETON TWP PD,,0,0,1,0,0,Injury,At Intersection,No,No,Pedalcyclist,1,S HARRISON ST,NULL,,,11091239,0.22,Municipal,Straight and Level,Blacktop,Dry,Daylight,Clear,None,None,,At,NULL,SERGEANT STREET,NULL,,NULL,25,25,0,0,No,,20,451695.307503,553664.289995,,DVRPC,0,Pain,13001706
4322758,201311142013-17878,2013-17878,2013,MERCER,Princeton Township,6/17/2013 0:00,Monday,June,12/31/1899 15:29,1,PRINCETON PD,,0,0,1,0,0,Injury,At Intersection,No,No,Pedalcyclist,1,NORTH HARRISON ST,NULL,,,,,Municipal,Straight and Level,Blacktop,Dry,Daylight,Clear,None,None,,At,NULL,VALLEY RD.,NULL,,NULL,25,25,0,0,No,NONE,45,,,,DVRPC,0,Moderate Injury,13175513
4322550,2013111413-33015,13-33015,2013,MERCER,Princeton Township,12/1/2013 0:00,Sunday,December,12/31/1899 13:34,1,PRINCETON PD,,0,0,1,0,0,Injury,At Intersection,No,No,Pedalcyclist,1,NORTH HARRISON STREET,NULL,,,,,Municipal,Straight and Grade,Blacktop,Dry,Daylight,Clear,None,None,,At,NULL,HORNOR LANE,NULL,,NULL,25,25,0,0,No,,#38,,,,DVRPC,0,Pain,13283535
4316904,2013111013-12452,13-12452,2013,MERCER,Princeton Township,4/26/2013 0:00,Friday,April,12/31/1899 12:00,1,PRINCETON PD,,0,0,1,0,0,Injury,Not At Intersection,No,No,Pedalcyclist,1,US 206,NULL,206,,206,,State Highway,Straight and Level,Blacktop,Dry,Daylight,Clear,None,None,500,Foot,North,STOCKTON ST.,NULL,,NULL,25,30,0,0,No,,36,,,,DVRPC,0,Moderate Injury,13030677
4322651,2013111413-63-AC,13-63-AC,2013,MERCER,Princeton Township,10/23/2013 0:00,Wednesday,October,12/31/1899 13:17,99,PRINCETON UNIVERSITY PD,,0,0,1,0,0,Injury,Not At Intersection,No,No,Pedalcyclist,1,185 ELM DR,NULL,,,,,Private Property,Straight at Hillcrest,Blacktop,Dry,Daylight,Overcast,NULL,None,,NULL,North,BAKER LN,NULL,,NULL,,,0,0,No,,127,,,,DVRPC,0,Pain,13257357
4322504,2013111413-31457,13-31457,2013,MERCER,Princeton Township,11/13/2013 0:00,Wednesday,November,12/31/1899 15:16,1,PRINCETON PD,,0,0,1,0,0,Injury,At Intersection,No,No,Pedalcyclist,1,HAMILTON AVENUE,NULL,,,,,Municipal,Straight and Level,Blacktop,Dry,Daylight,Clear,None,None,,At,NULL,LINDEN LANE,NULL,,NULL,25,25,0,0,No,,14,,,,DVRPC,0,Moderate Injury,13276241
4322811,201311142013-26539,2013-26539,2013,MERCER,Princeton Township,9/22/2013 0:00,Sunday,September,12/31/1899 15:25,1,PRINCETON PD,,0,0,1,0,0,Injury,Not At Intersection,No,No,Pedalcyclist,1,NJ 27,NULL,27,,27,0.18,State Highway,Straight and Level,Blacktop,Dry,Daylight,Clear,None,None,20,Foot,West,PALMER SQ W,NULL,,NULL,25,25,0,0,No,,29,447211.842271,552183.694427,,DVRPC,0,Moderate Injury,13238441
4316931,201311102013-03774,2013-03774,2013,MERCER,Princeton Township,2/3/2013 0:00,Sunday,February,12/31/1899 17:57,1,PRINCETON TWP PD,,0,0,1,0,0,Injury,At Intersection,No,No,Pedalcyclist,1,HAMILTON AVENUE,NULL,,,,,Municipal,Straight and Grade,Blacktop,Dry,Dark (Street LIghts On/ spot),Clear,None,None,,At,NULL,HARRISON ST.,NULL,,NULL,25,25,0,0,No,NONE,53,,,,DVRPC,0,Pain,13006489
4322266,2013111413-18998,13-18998,2013,MERCER,Princeton Township,6/29/2013 0:00,Saturday,June,12/31/1899 17:47,1,PRINCETON PD,,0,0,1,0,0,Injury,Not At Intersection,No,No,Pedalcyclist,1,UNIVERSITY PLACE,NULL,,,,,Municipal,Straight and Level,Blacktop,Dry,Daylight,Clear,None,Construction Zone,150,Foot,East,ALEXANDER ROAD,NULL,,NULL,25,25,0,0,No,,50,,,,DVRPC,0,Moderate Injury,13182741
4322428,2013111413-28474,13-28474,2013,MERCER,Princeton Township,10/12/2013 0:00,Saturday,October,12/31/1899 13:25,1,PRINCETON PD,,0,0,1,0,0,Injury,At Intersection,No,No,Pedalcyclist,1,SNOWDEN LA,NULL,,,,,Municipal,Straight and Level,Blacktop,Dry,Daylight,Clear,None,None,,At,NULL,ROLLING MEAD,NULL,,NULL,25,25,0,0,No,,8,,,,DVRPC,0,Moderate Injury,13254421
4322737,201311142013-15077,2013-15077,2013,MERCER,Princeton Township,5/21/2013 0:00,Tuesday,May,12/31/1899 16:46,1,PRINCETON PD,,0,0,1,0,0,Injury,At Intersection,No,No,Pedalcyclist,1,BIRCH AVE,NULL,,,11101160,0.25,Municipal,Straight and Level,Blacktop,Dry,Daylight,Clear,None,None,,At,NULL,JOHN STREET,NULL,,NULL,25,20,0,0,No,,41,446095.500045,554899.120085,,DVRPC,0,Pain,13155094
4322106,2013111413-01162,13-01162,2013,MERCER,Princeton Township,1/11/2013 0:00,Friday,January,12/31/1899 19:22,1,PRINCETON PD,,0,0,1,0,0,Injury,At Intersection,No,No,Pedalcyclist,1,S HARRISON ST,NULL,,,11091239,0.04,Municipal,Straight and Level,Blacktop,Wet,Dark (Street Lights On/ continuous),Rain,None,None,,At,NULL,PROSPECT AVENUE,NULL,,NULL,25,25,0,0,No,,49,452172.842145,552854.610472,,DVRPC,0,Moderate Injury,13103300
4322445,2013111413-29384,13-29384,2013,MERCER,Princeton Township,10/21/2013 0:00,Monday,October,12/31/1899 16:41,1,PRINCETON PD,,0,0,1,0,0,Injury,At Intersection,No,No,Pedalcyclist,1,LEIGH AVENUE,NULL,,,,,Municipal,Straight and Level,Blacktop,Dry,Daylight,Clear,None,None,,At,NULL,JOHN STREET,NULL,,NULL,25,20,0,0,No,,19,,,,DVRPC,0,Pain,13257466
4318592,2013111113008230,13008231,2013,MERCER,Trenton City,7/29/2013 0:00,Monday,July,12/31/1899 19:30,1,TRENTON PD,EAST,0,0,1,0,0,Injury,At Intersection,No,No,Pedalcyclist,1,HUDSON ST,East,,,,,Municipal,Straight and Level,Blacktop,Dry,Daylight,Clear,None,None,,At,NULL,PEARL ST,NULL,,NULL,25,25,0,0,No,,596,,,,DVRPC,0,Pain,13511430
4319432,2013111113012680,13012684,2013,MERCER,Trenton City,11/11/2013 0:00,Monday,November,12/31/1899 15:07,1,TRENTON PD,WEST,0,0,1,0,1,Injury,Not At Intersection,No,No,Pedalcyclist,1,STUYVESANT AVE,North,,,11111568,0.33,Municipal,Straight and Level,Blacktop,Dry,Daylight,Clear,None,None,25,Foot,NULL,CHRISTOPH ST,NULL,,NULL,25,25,0,0,No,,331,414176.353277,510148.624043,,DVRPC,1,Moderate Injury,13309920
4319034,2013111113010710,13010718,2013,MERCER,Trenton City,9/25/2013 0:00,Wednesday,September,12/31/1899 15:57,1,TRENTON PD,SOUTH,0,0,1,0,0,Injury,At Intersection,No,No,Pedalcyclist,1,CASS ST,South,,,11111527,0.1,County,Straight and Level,Blacktop,Dry,Daylight,Clear,Painted Median,None,,At,NULL,CENTRE ST,NULL,,NULL,25,,0,0,No,,609,419732.885008,499772.600002,,DVRPC,0,Pain,13305830
4319070,2013111113010930,13010933,2013,MERCER,Trenton City,9/30/2013 0:00,Monday,September,12/31/1899 19:49,1,TRENTON PD,WEST,0,0,1,0,0,Injury,At Intersection,No,No,Pedalcyclist,1,MERCER COUNTY 653,South,653,,11000653,0.2,County,Straight and Level,Blacktop,Dry,Dark (Street Lights On/ continuous),Clear,None,None,,At,NULL,SPRING ST,NULL,,NULL,25,25,0,0,No,,595,415994,506914.12,,DVRPC,0,Pain,13305795
4317522,2013111113002620,13002622,2013,MERCER,Trenton City,3/13/2013 0:00,Wednesday,March,12/31/1899 13:25,1,TRENTON PD,SOUTH,0,0,1,0,0,Injury,At Intersection,No,No,Pedalcyclist,1,MERCER COUNTY 606,West,606,,11000606,,County,Straight and Level,Blacktop,Dry,Daylight,Clear,None,None,,At,NULL,E CANAL ST,NULL,,NULL,25,25,0,0,No,,413,,,,DVRPC,0,Pain,13128955
4318104,2013111113005680,13005680,2013,MERCER,Trenton City,5/29/2013 0:00,Wednesday,May,12/31/1899 14:08,1,TRENTON PD,PATROL,0,0,1,0,0,Injury,At Intersection,No,No,Pedalcyclist,1,MERCER COUNTY 635,West,635,,11000635,0.19,County,Straight and Level,Blacktop,Dry,Daylight,Clear,Curbed Median,None,,At,NULL,CHESTNUT AVE / RAUL WALLENBERG AVE,NULL,,NULL,25,25,0,0,No,,555,421783.769987,505695.295713,,DVRPC,0,Moderate Injury,13513265