ID,DOT_WEB_ID,CASE_NUMBER,CRASH_YEAR,COUNTY,MUNICIPALITY,CRASH_DATE,CRASH_DAY_OF_WEEK,CRASH_MONTH,CRASH_TIME,POLICE_DEPT_CODE,POLICE_DEPARTMENT,POLICE_STATION,TOTAL_KILLED,TOTAL_INCAPACITATED,TOTAL_INJURED,PEDESTRIANS_KILLED,PEDESTRIANS_INJURED,SEVERITY,INTERSECTION,ALCOHOL_INVOLVED,HAZMAT_INVOLVED,CRASH_TYPE,TOTAL_VEHICLES_INVOLVED,CRASH_LOCATION,LOCATION_DIRECTION,ROUTE,ROUTE_SUFFIX,SRI,MILEPOST,ROAD_SYSTEM,ROAD_CHARACTER,ROAD_SURFACE_TYPE,SURFACE_CONDITION,LIGHT_CONDITION,ENVIRONMENTAL_CONDITION,ROAD_DIVIDED_BY,TEMP_TRAFFIC_CONTROL_ZONE,DISTANCE_TO_CROSS_STREET,UNIT_OF_MEASUREMENT,DIRECTION_FROM_CROSS_STREET,CROSS_STREET_NAME,IS_RAMP,RAMP_TO_FROM_ROUTE_NAME,RAMP_TO_FROM_ROUTE_DIRECTION,POSTED_SPEED,POSTED_SPEED_CROSS_STREET,LATITUDE,LONGITUDE,CELL_PHONE_IN_USE,OTHER_PROPERTY_DAMAGE,REPORTING_BADGE_NO,X,Y,CRASH_NARRATIVE,MPO,TOTAL_PEDESTRIANS_INVOLVED,EPDO,DLN
4317764,2013111113003830,13003835,2013,MERCER,Trenton City,4/15/2013 0:00,Monday,April,12/31/1899 8:22,1,TRENTON PD,PATROL,0,0,1,0,0,Injury,At Intersection,No,No,Pedalcyclist,1,MERCER COUNTY 606,NULL,606,,11000606,0.28,County,Straight and Level,Blacktop,Dry,Daylight,Clear,Painted Median,NULL,,At,NULL,S CLINTON AVE,NULL,,NULL,25,25,0,0,No,,414,421182.158925,503027.772164,,DVRPC,0,Pain,13135504
4318954,2013111113010270,13010273,2013,MERCER,Trenton City,9/15/2013 0:00,Sunday,September,12/31/1899 16:05,1,TRENTON PD,WEST,0,0,1,0,0,Injury,At Intersection,Yes,No,Pedalcyclist,1,MERCER COUNTY 653,West,653,,11000653,0,County,Straight and Grade,Blacktop,Dry,Daylight,Clear,None,None,,At,NULL,W STATE ST,NULL,,NULL,25,25,0,0,No,,331,415379.69,506046.67,,DVRPC,0,Pain,13301011
4318102,2013111113005670,13005677,2013,MERCER,Trenton City,5/29/2013 0:00,Wednesday,May,12/31/1899 12:16,1,TRENTON PD,EAST,0,0,1,0,0,Injury,Not At Intersection,No,No,Pedalcyclist,1,S BROAD ST,North,,,,,Municipal,Straight and Level,Blacktop,Dry,Daylight,Clear,None,None,40,Foot,NULL,DYE ST,NULL,,NULL,25,25,0,0,No,,596,,,,DVRPC,0,Pain,13513267
4319416,2013111113012600,13012605,2013,MERCER,Trenton City,11/9/2013 0:00,Saturday,November,12/31/1899 21:57,1,TRENTON PD,EAST,0,0,1,0,1,Injury,Not At Intersection,No,No,Pedalcyclist,1,MERCER COUNTY 606,East,606,,11000606,,County,Straight and Level,Blacktop,Dry,Dark (Street Lights On/ continuous),Clear,None,None,20,Foot,East,WASHINGTON ST,NULL,,NULL,25,25,0,0,No,,565,,,,DVRPC,1,Pain,13309903
4317853,2013111113004570,13004572,2013,MERCER,Trenton City,5/3/2013 0:00,Friday,May,12/31/1899 10:43,1,TRENTON PD,NORTH,0,0,1,0,0,Injury,Not At Intersection,No,No,Pedalcyclist,1,E STATE ST,East,,,,,Private Property,Straight and Level,Blacktop,Dry,Daylight,Clear,None,None,300,Foot,NULL,N MONTGOMERY ST,NULL,,NULL,25,25,0,0,No,NONE,498,,,,DVRPC,0,Pain,13145388
4318380,2013111113007050,13007052,2013,MERCER,Trenton City,7/2/2013 0:00,Tuesday,July,12/31/1899 19:53,1,TRENTON PD,PATROL,0,0,1,0,1,Injury,At Intersection,No,No,Pedalcyclist,1,FERRY ST,East,,,11111531,0.3,Municipal,Straight and Level,Blacktop,Wet,Dark (Street Lights On/ continuous),Rain,None,None,,At,NULL,S BROAD ST,NULL,,NULL,25,25,0,0,No,36'' BLACK BIKE JAHMEL - GLANTON 10 JERSEY ST  TRENTON  NJ 08611,603,419664.21,502705.95,,DVRPC,1,Pain,13509387
4320416,20131112I-2013-014012,I-2013-014012,2013,MERCER,Washington Twp  (Mercer Co),7/10/2013 0:00,Wednesday,July,12/31/1899 8:03,1,ROBBINSVILLE TWP PD,,0,0,1,0,0,Injury,Not At Intersection,No,No,Pedalcyclist,1,ROUTE 526,West,526,,526,6.63,County,Straight and Level,Blacktop,Dry,Daylight,Clear,None,None,100,Foot,East,NJ 33,NULL,,NULL,35,45,0,0,No,,537,457096.913991,504108.534714,,DVRPC,0,Pain,13513773
4321158,201311132013-13317,2013-13317,2013,MERCER,West Windsor Township,5/17/2013 0:00,Friday,May,12/31/1899 15:47,1,WEST WINDSOR TWP PD,2013-13317,0,0,1,0,0,Injury,At Intersection,No,No,Pedalcyclist,1,ROUTE 535,South,535,,535,7.39,County,Straight and Level,Blacktop,Dry,Daylight,Clear,None,None,,At,NULL,ROBBINSVILLE RD.,NULL,,NULL,35,45,0,0,No,,585,458696.27,518721.78,,DVRPC,0,Moderate Injury,13153947
4321076,201311132013-10808,2013-10808,2013,MERCER,West Windsor Township,4/24/2013 0:00,Wednesday,April,12/31/1899 8:31,1,WEST WINDSOR TWP PD,2013-1 0808,0,0,1,0,0,Injury,At Intersection,No,No,Pedalcyclist,1,MERCER COUNTY 638,West,638,,11000638,3.47,County,Straight and Level,Blacktop,Dry,Daylight,Clear,None,None,,At,NULL,N POST RD,NULL,,NULL,45,40,0,0,No,,596,455101.134447,535728.011449,,DVRPC,0,Pain,13143116
4321480,201311132013-21385,2013-21385,2013,MERCER,West Windsor Township,8/15/2013 0:00,Thursday,August,12/31/1899 18:41,1,WEST WINDSOR TWP PD,2013-21385,0,0,1,0,0,Injury,At Intersection,No,No,Pedalcyclist,1,ROUTE 526,East,526,,526,,County,Straight and Level,Blacktop,Dry,Daylight,Clear,Curbed Median,None,,At,NULL,HAWTHORNE DR / SPRUCE ST,NULL,,NULL,35,,0,0,No,,431,,,,DVRPC,0,Moderate Injury,13517203
4321066,201311132013-10568,2013-10568,2013,MERCER,West Windsor Township,4/21/2013 0:00,Sunday,April,12/31/1899 15:58,1,WEST WINDSOR TWP PD,2013-10568,0,0,2,0,0,Injury,At Intersection,No,No,Pedalcyclist,1,ASCOT CRESENT,West,,,,,Municipal,Straight and Level,Blacktop,Dry,Daylight,Clear,Curbed Median,None,,At,NULL,BEAR BROOK RD.,NULL,,NULL,25,35,0,0,No,KENT DUAL DRIVE 2 PERSON BICYCLE SERIAL#:L120706354,582,,,,DVRPC,0,Pain,13143122
4320741,2013111313-8896,13-8896,2013,MERCER,West Windsor Township,4/3/2013 0:00,Wednesday,April,12/31/1899 17:30,1,WEST WINDSOR TWP PD,2013-8896,0,0,1,0,0,Injury,Not At Intersection,No,No,Pedalcyclist,1,PRINCETON JUNCTION TRAIN STATION,NULL,,,,,State/Interstate Authority,Straight and Level,Blacktop,Dry,Dusk,Clear,Curbed Median,None,,NULL,NULL,STATION DRIVE PAY LOT,NULL,,NULL,,,0,0,No,SCHRODER BICYCLE,588,,,,DVRPC,0,Moderate Injury,13129604
4321056,201311132013-10398,2013-10398,2013,MERCER,West Windsor Township,4/19/2013 0:00,Friday,April,12/31/1899 16:27,1,WEST WINDSOR TWP PD,2013-10398,0,0,1,0,0,Injury,Not At Intersection,No,No,Pedalcyclist,1,ROUTE 533,West,533,,533,7.61,County,Straight and Grade,Blacktop,Dry,Daylight,Clear,Curbed Median,None,53,Foot,West,MALL RD,NULL,,NULL,50,,0,0,No,,568,442694.88,531099.98,,DVRPC,0,Pain,13143025
4321330,201311132013-17747,2013-17747,2013,MERCER,West Windsor Township,7/3/2013 0:00,Wednesday,July,12/31/1899 16:10,1,WEST WINDSOR TWP PD,2013-17747,0,0,1,0,0,Injury,At Intersection,No,No,Pedalcyclist,1,ALEXANDER RD,West,,,11131424,0.37,Municipal,Straight and Level,Blacktop,Dry,Daylight,Clear,None,None,,At,NULL,VAUGHN DRIVE,NULL,,NULL,35,25,0,0,No,,578,455155.29715,540004.306606,,DVRPC,0,Pain,13201637
8337534,2014110114-10211,14-10211,2014,MERCER,East Windsor Township,8/21/2014 0:00,Thursday,August,12/31/1899 6:50,,EAST WINDSOR TWP PD,PATROL,0,0,1,0,0,Injury,At Intersection,No,No,Pedalcyclist,1,NJ 33,East,33,,33,15.84,State Highway,Straight and Level,Blacktop,Dry,Daylight,Clear,Grass Median,None,,At,NULL,LAKE DR,NULL,,NULL,55,40,0,0,No,NONE,61,493297.348106,522624.701889,,DVRPC,0,Pain,14253142
8193971,2014110114-13841,14-13841,2014,MERCER,East Windsor Township,11/12/2014 0:00,Wednesday,November,12/31/1899 14:46,,EAST WINDSOR TWP PD,TRAFFIC SAFETY?,0,0,1,0,0,Injury,At Intersection,No,No,Pedalcyclist,1,ROUTE 535,North,535,,535,11.75,County,Straight and Grade,Blacktop,Dry,Daylight,Clear,None,None,,At,NULL,ONE MILE RD,NULL,,NULL,40,45,0,0,No,NONE,#77,478195.65,530803.56,,DVRPC,0,Pain,14312192
8049665,2014110114-7880,14-7880,2014,MERCER,East Windsor Township,6/28/2014 0:00,Saturday,June,12/31/1899 22:00,1,EAST WINDSOR TWP PD,TRAFFIC SAFETY?,0,0,1,0,0,Injury,At Intersection,No,No,Pedalcyclist,1,US 130,North,,,,,Private Property,Straight and Level,Blacktop,Dry,Dark (Street Lights On/ continuous),Clear,Grass Median,None,,At,NULL,839 ROUTE 130 NORTH (PARKING LOT),NULL,,NULL,55,,0,0,No,NONE,#78,,,,DVRPC,0,Moderate Injury,14213426
8119483,2014110114-8695,14-8695,2014,MERCER,East Windsor Township,7/17/2014 0:00,Thursday,July,12/31/1899 9:58,,EAST WINDSOR TWP PD,TRAFFIC SAFETY?,0,0,1,0,0,Injury,Not At Intersection,No,No,Pedalcyclist,1,1 MILE RD,North,,,11011049,0.32,Municipal,Straight and Level,Blacktop,Dry,Daylight,Clear,None,None,500,Foot,South,COUNTY ROAD 571,NULL,,NULL,45,45,0,0,No,NONE,563,479393.234986,525032.592965,,DVRPC,0,Moderate Injury,14236986
8119617,20141102I-2014-022558,I-2014-022558,2014,MERCER,Ewing Township,7/1/2014 0:00,Tuesday,July,12/31/1899 13:57,,EWING TWP PD,TRAFFIC 2A,0,0,1,0,0,Injury,Not At Intersection,No,No,Pedalcyclist,1,2108 PENNINGTON RD,NULL,,,,,Private Property,Straight and Level,Concrete,Dry,Daylight,Clear,None,None,,NULL,NULL,,NULL,,NULL,,,0,0,No,,149,,,,DVRPC,0,Moderate Injury,14509027
8050292,20141102I-2014-021601,I-2014-021601,2014,MERCER,Ewing Township,6/24/2014 0:00,Tuesday,June,12/31/1899 9:35,1,EWING TWP PD,TRAFFIC 2,0,0,1,0,0,Injury,At Intersection,No,No,Pedalcyclist,1,MERCER COUNTY 634,NULL,634,,11000634,,County,Straight and Level,Blacktop,Dry,Daylight,Clear,None,None,,At,NULL,RIVERVIEW DR,NULL,,NULL,35,25,0,0,No,,149,,,,DVRPC,0,Pain,14508406
8050022,20141102I-2014-009539,I-2014-009539,2014,MERCER,Ewing Township,3/19/2014 0:00,Wednesday,March,12/31/1899 19:30,1,EWING TWP PD,PLATOON 1A,0,0,1,0,0,Injury,At Intersection,No,No,Pedalcyclist,1,MERCER COUNTY 634,NULL,634,,11000634,3.25,County,Straight and Level,Blacktop,Wet,Dark (Street Lights On/ continuous),Rain,Curbed Median,None,,At,NULL,CR 622 / LEXINGTON AVE / N OLDEN AV,NULL,,NULL,,,0,0,No,,173,411281.41,516916.32,,DVRPC,0,Pain,14503962
8337604,20141102I-2014-027633,I-2014-027633,2014,MERCER,Ewing Township,8/8/2014 0:00,Friday,August,12/31/1899 13:26,,EWING TWP PD,PLATOON 3 SQUA?,0,0,1,0,0,Injury,Not At Intersection,No,No,Pedalcyclist,1,1655 OLDEN AVENUE,NULL,,,,,Private Property,Straight and Level,Concrete,Dry,Daylight,Clear,None,None,,NULL,NULL,,NULL,,NULL,,,0,0,No,,151,,,,DVRPC,0,Pain,14511681
8213576,20141102I-2014-041634,I-2014-041634,2014,MERCER,Ewing Township,11/29/2014 0:00,Saturday,November,12/31/1899 17:49,,EWING TWP PD,3A,0,0,1,0,0,Injury,Not At Intersection,No,No,Pedalcyclist,1,MERCER COUNTY 643,NULL,643,,11000643,1.8,County,Straight and Level,Blacktop,Dry,Dusk,Clear,None,None,100,Foot,South,CR 634 / PARKWAY AVE,NULL,,NULL,35,35,0,0,No,,198,409425.443796,519349.353354,,DVRPC,0,Pain,14520400
8217685,20141102I-2014-037653,I-2014-037653,2014,MERCER,Ewing Township,10/28/2014 0:00,Tuesday,October,12/31/1899 13:37,,EWING TWP PD,PLATOON 3 - SQ?,0,0,1,0,0,Injury,Not At Intersection,No,No,Pedalcyclist,1,EGGERTS CROSSING RD,NULL,,,,1.74,County,Straight and Level,Blacktop,Dry,Daylight,Clear,None,None,1500,Foot,North,CR 636,NULL,,NULL,35,35,0,0,No,,151,,,,DVRPC,0,Moderate Injury,14519806
8145586,2014110314-33672,14-33672,2014,MERCER,Hamilton Twp (Mercer Co),8/10/2014 0:00,Sunday,August,12/31/1899 15:12,,HAMILTON TWP PD (MERCER),,0,0,1,0,0,Injury,At Intersection,No,No,Pedalcyclist,1,SHILLER AVE,West,,,,,Municipal,Straight and Level,Blacktop,Dry,Daylight,Clear,None,None,,At,NULL,ROWAN AVE,NULL,,NULL,25,25,0,0,No,NONE,499,,,,DVRPC,0,Pain,14250562
8181639,2014110314-40876,14-40876,2014,MERCER,Hamilton Twp (Mercer Co),9/28/2014 0:00,Sunday,September,12/31/1899 23:56,,HAMILTON TWP PD (MERCER),,0,0,1,0,0,Injury,Not At Intersection,No,No,Pedalcyclist,1,ROUTE 535,East,535,,535,4.49,County,Straight and Level,Blacktop,Dry,Dark (Street LIghts On/ spot),Clear,None,None,300,Foot,West,PAXSON AVE,NULL,,NULL,40,25,0,0,No,NONE,473,444088.382875,514371.765219,,DVRPC,0,Pain,14287259
8050963,2014110314-22504,14-22504,2014,MERCER,Hamilton Twp (Mercer Co),5/29/2014 0:00,Thursday,May,12/31/1899 15:19,1,HAMILTON TWP PD (MERCER),,0,0,1,0,0,Injury,At Intersection,No,No,Pedalcyclist,1,MERCER COUNTY 618,NULL,618,,11000618,0.16,County,Straight and Level,Blacktop,Dry,Daylight,Clear,None,None,,At,NULL,BERKELEY ST,NULL,,NULL,35,25,0,0,No,NONE,#38,440425.102075,510877.659541,,DVRPC,0,Pain,14195138
8051106,2014110314-26049,14-26049,2014,MERCER,Hamilton Twp (Mercer Co),6/20/2014 0:00,Friday,June,12/31/1899 13:49,1,HAMILTON TWP PD (MERCER),,0,0,1,0,0,Injury,At Intersection,No,No,Pedalcyclist,1,NJ 33,East,33,,33,2.14,State Highway,Straight and Level,Blacktop,Dry,Daylight,Clear,None,None,,At,NULL,WARD AVE,NULL,,NULL,35,25,0,0,No,,384,429957.838397,509105.282419,,DVRPC,0,Moderate Injury,14208524
8149203,2014110314-33760,14-33760,2014,MERCER,Hamilton Twp (Mercer Co),8/11/2014 0:00,Monday,August,12/31/1899 10:48,,HAMILTON TWP PD (MERCER),,0,0,1,0,0,Injury,Not At Intersection,No,No,Pedalcyclist,1,YOUNGS RD,NULL,,,,,Municipal,Straight and Level,Blacktop,Dry,Daylight,Clear,None,None,200,Foot,West,COUNTY ROAD 533,NULL,,NULL,35,40,0,0,No,,458,,,,DVRPC,0,Pain,14250558
8258796,2014110414-20957,14-20957,2014,MERCER,Hightstown Borough,12/3/2014 0:00,Wednesday,December,12/31/1899 7:14,,HIGHTSTOWN PD,,0,0,1,0,0,Injury,At Intersection,No,No,Pedalcyclist,1,ROUTE 539,North,539,,539,51.83,County,Straight and Level,Blacktop,Wet,Daylight,Rain,Painted Median,None,,At,NULL,WARD ST,NULL,,NULL,25,25,0,0,No,NONE,111,485325.577682,522458.71144,,DVRPC,0,Pain,14353054
8052098,20141106HT2014-011904,HT2014-011904,2014,MERCER,Hopewell Twp (Mercer Co),5/28/2014 0:00,Wednesday,May,12/31/1899 8:48,1,HOPEWELL TWP PD,52 ZONE,0,0,1,0,0,Injury,At Intersection,No,No,Pedalcyclist,1,ROUTE 569,South,569,,569,5.51,County,Curve and Level,Blacktop,Dry,Daylight,Clear,None,None,,At,NULL,CLEVELAND RD,NULL,,NULL,45,25,0,0,No,,43,427887.36,554220.6,,DVRPC,0,Moderate Injury,14195294
8141455,2014110714-19686-AC,14-19686-AC,2014,MERCER,Lawrence Twp (Mercer Co),8/2/2014 0:00,Saturday,August,12/31/1899 22:22,,LAWRENCE TWP PD,,0,0,1,0,0,Injury,At Intersection,No,No,Pedalcyclist,1,SKILLMAN AVE,East,,,,47.35,Municipal,Straight and Level,Blacktop,Dry,Dark (Street Lights On/ continuous),Clear,None,NULL,,At,NULL,LAWRENCE RD,NULL,,NULL,25,40,0,0,No,,162,,,,DVRPC,0,Pain,14241490
8054387,2014111414-14418,14-14418,2014,MERCER,Princeton Township,5/31/2014 0:00,Saturday,May,12/31/1899 15:33,1,PRINCETON PD,,0,0,1,0,0,Injury,At Intersection,No,No,Pedalcyclist,1,JOHN ST,NULL,,,,,Municipal,Straight and Grade,Blacktop,Dry,Daylight,Clear,None,None,,At,NULL,BIRCH AVE,NULL,,NULL,25,25,0,0,No,NONE,47,,,,DVRPC,0,Pain,14194954
8121024,2014111414-18783,14-18783,2014,MERCER,Princeton Township,7/10/2014 0:00,Thursday,July,12/31/1899 15:13,,PRINCETON PD,,0,0,1,0,0,Injury,At Intersection,No,No,Pedalcyclist,1,WITHERSPOON ST,NULL,,,11091241,0.56,Municipal,Straight and Level,Blacktop,Dry,Daylight,Clear,None,None,,At,NULL,BIRCH AVE,NULL,,NULL,25,25,0,0,No,NONE,14,446675.457723,555136.909558,,DVRPC,0,Moderate Injury,14231947
8054448,2014111414-16700,14-16700,2014,MERCER,Princeton Township,6/22/2014 0:00,Sunday,June,12/31/1899 11:05,1,PRINCETON PD,,0,0,1,0,0,Injury,At Intersection,No,No,Pedalcyclist,1,NJ 27,NULL,27,,27,0.65,State Highway,Straight and Level,Blacktop,Dry,Daylight,Clear,None,None,,At,NULL,MORAN AVE,NULL,,NULL,25,25,0,0,No,NONE,29,449546.554429,553084.430252,,DVRPC,0,Moderate Injury,14206248
8152804,2014111414-23114,14-23114,2014,MERCER,Princeton Township,8/22/2014 0:00,Friday,August,12/31/1899 15:18,,PRINCETON PD,,0,0,1,0,0,Injury,Not At Intersection,No,No,Pedalcyclist,3,OLDEN ST,NULL,,,,,Municipal,Straight and Level,Blacktop,Dry,Daylight,Clear,None,None,40,Foot,South,WILLIAM ST,NULL,,NULL,25,25,0,0,No,CHAIN LINK FENCE OWNED BY FEDERAL RENT A FENCE 127 HADDON AVE. WEST BERLIN  NJ ?,#38,,,,DVRPC,0,Moderate Injury,14253025
8120589,2014111114005210,14005215,2014,MERCER,Trenton City,5/21/2014 0:00,Wednesday,May,12/31/1899 17:10,,TRENTON PD,SOUTH,0,0,1,0,0,Injury,At Intersection,No,No,Pedalcyclist,1,SMITH AVE,West,,,,,Municipal,Straight and Level,Blacktop,Dry,Daylight,Clear,None,None,,At,NULL,BARNT AVE,NULL,,NULL,25,25,0,0,No,,574,,,,DVRPC,0,Pain,14217334
8120714,2014111114005860,14005862,2014,MERCER,Trenton City,6/5/2014 0:00,Thursday,June,12/31/1899 10:53,,TRENTON PD,SOUTH,0,0,1,0,0,Injury,Not At Intersection,No,No,Pedalcyclist,1,US HIGHWAY 206,South,206,,206,41.63,Municipal,Straight and Level,Blacktop,Wet,Daylight,Rain,Painted Median,None,15,Foot,East,WATSON AVE,NULL,,NULL,25,25,0,0,No,,609,422201.916216,500464.696638,,DVRPC,0,Pain,14219470
8120765,2014111114006190,14006193,2014,MERCER,Trenton City,6/12/2014 0:00,Thursday,June,12/31/1899 17:42,,TRENTON PD,EAST,0,0,1,0,1,Injury,At Intersection,No,No,Pedalcyclist,1,MERCER CTY 606,East,606,,11000606,1.09,County,Straight and Level,Blacktop,Dry,Daylight,Clear,None,None,,At,NULL,REVERE AVE,NULL,,NULL,25,25,0,0,No,,446,425263.576175,504401.180062,,DVRPC,1,Pain,14217970
8120747,2014111114006030,14006031,2014,MERCER,Trenton City,6/9/2014 0:00,Monday,June,12/31/1899 12:59,,TRENTON PD,PATROL,0,0,1,0,0,Injury,At Intersection,No,No,Pedalcyclist,1,ESCHER ST,West,,,,,Municipal,Straight and Level,Blacktop,Dry,Daylight,Overcast,None,None,,At,NULL,SOUTHARD ST,NULL,,NULL,25,25,0,0,No,,554,,,,DVRPC,0,Pain,14219436
8152741,201411112014-05487,2014-05487,2014,MERCER,Trenton City,6/30/2014 0:00,Monday,June,12/31/1899 10:50,,COLLEGE OF NEW JERSEY,,0,0,1,0,0,Injury,Not At Intersection,No,No,Pedalcyclist,1,LOT ST # 8,NULL,,,,,State Park or Institution,Straight and Level,Blacktop,Dry,Daylight,Clear,None,None,100,Foot,West,METZGER DR,NULL,,NULL,15,25,0,0,No,,76,,,,DVRPC,0,Moderate Injury,14222016
8141667,2014111114007520,14007524,2014,MERCER,Trenton City,7/11/2014 0:00,Friday,July,12/31/1899 21:17,,TRENTON PD,PATROL,0,0,1,0,0,Injury,At Intersection,No,No,Pedalcyclist,1,CENTRE ST,South,,,,,Municipal,Straight and Level,Blacktop,Dry,Dark (No Street Lights),Clear,Painted Median,None,,At,NULL,INGLETON ST,NULL,,NULL,25,25,0,0,Yes,,554,,,,DVRPC,0,Pain,14239444
8170430,2014111114010310,14010316,2014,MERCER,Trenton City,9/20/2014 0:00,Saturday,September,12/31/1899 15:46,,TRENTON PD,SOUTH,0,0,1,0,1,Injury,At Intersection,No,No,Pedalcyclist,1,ANDERSON ST,West,,,,,Municipal,Straight and Level,Blacktop,Dry,Daylight,Clear,None,None,,At,NULL,GENESEE ST,NULL,,NULL,25,25,0,0,No,,542,,,,DVRPC,1,Moderate Injury,14282446
8152768,20141112I-2014-018498,I-2014-018498,2014,MERCER,Washington Twp  (Mercer Co),8/14/2014 0:00,Thursday,August,12/31/1899 17:47,,ROBBINSVILLE TWP PD,,0,0,1,0,0,Injury,At Intersection,No,No,Pedalcyclist,1,RTE 526,East,526,,526,4.8,County,Straight and Level,Blacktop,Dry,Daylight,Clear,None,None,,At,NULL,BUCKLEY LN,NULL,,NULL,45,25,0,0,No,NONE,548,459581.54,512899.76,,DVRPC,0,Pain,14512421
8120915,201411132014-18395,2014-18395,2014,MERCER,West Windsor Township,6/30/2014 0:00,Monday,June,12/31/1899 12:24,,WEST WINDSOR TWP PD,2014-18395,0,0,1,0,0,Injury,At Intersection,No,No,Pedalcyclist,1,ALEXANDER RD,North,,,,,Municipal,Straight and Level,Blacktop,Dry,Daylight,Clear,None,None,,At,NULL,HARRIS RD,NULL,,NULL,25,25,0,0,No,,577,,,,DVRPC,0,Moderate Injury,14220351
8120917,201411132014-18581,2014-18581,2014,MERCER,West Windsor Township,7/2/2014 0:00,Wednesday,July,12/31/1899 15:15,,WEST WINDSOR TWP PD,2014-18581,0,0,1,0,0,Injury,At Intersection,No,No,Pedalcyclist,1,MERCER CTY 638,NULL,638,,11000638,3.47,County,Straight and Level,Blacktop,Dry,Daylight,Clear,None,None,,At,NULL,N POST RD,NULL,,NULL,40,40,0,0,No,NONE,561,455101.134447,535728.011449,,DVRPC,0,Pain,14217155
8202441,201411132014-30198,2014-30198,2014,MERCER,West Windsor Township,11/5/2014 0:00,Wednesday,November,12/31/1899 13:49,,WEST WINDSOR TWP PD,2014-30198,0,0,1,0,0,Injury,Not At Intersection,No,No,Pedalcyclist,1,ROUTE 535,South,535,,535,8.39,County,Straight and Level,Blacktop,Dry,Daylight,Overcast,None,None,634,Foot,South,COLT CIRCLE,NULL,,NULL,50,25,0,0,No,NONE,434,463149.8515,521364.943265,,DVRPC,0,Pain,14311816
8053599,201411132014-11354,2014-11354,2014,MERCER,West Windsor Township,4/19/2014 0:00,Saturday,April,12/31/1899 12:03,1,WEST WINDSOR TWP PD,2014-11354,0,0,1,0,0,Injury,Not At Intersection,No,No,Pedalcyclist,1,VILLAGE ROAD WEST,West,,,,,Municipal,Straight and Level,Blacktop,Dry,Daylight,Clear,Painted Median,None,150,Foot,West,VILLAGE ROAD,NULL,,NULL,45,40,0,0,No,,589,,,,DVRPC,0,Moderate Injury,14169805
8304987,2015110115-2993,15-2993,2015,MERCER,East Windsor Township,3/13/2015 0:00,Friday,March,12/31/1899 19:53,,EAST WINDSOR TWP PD,TRAFFIC SAFETY?,0,0,1,0,0,Injury,Not At Intersection,No,No,Pedalcyclist,1,US 130,North,130,,130,67.94,State Highway,Straight and Level,Blacktop,Dry,Dark (No Street Lights),Clear,None,None,400,Foot,North,MAPLE STREAM RD,NULL,,NULL,50,25,0,0,No,NONE,#77,479313.926822,521321.323489,,DVRPC,0,Pain,15146853
8404476,20151102I-2015-025914,I-2015-025914,2015,MERCER,Ewing Township,7/29/2015 0:00,Wednesday,July,12/31/1899 15:59,,EWING TWP PD,TRAFFIC 3,0,0,1,0,0,Injury,Not At Intersection,No,No,Pedalcyclist,1,PRINCESS DIANA LN,NULL,,,,,Municipal,Straight and Level,Blacktop,Dry,Daylight,Clear,None,None,200,Foot,North,NEW WILLOW ST,NULL,,NULL,25,25,0,0,No,,177,,,,DVRPC,0,Pain,15523518
8392260,20151102I-2015-016162,I-2015-016162,2015,MERCER,Ewing Township,5/9/2015 0:00,Saturday,May,12/31/1899 20:27,,EWING TWP PD,TRAFFIC 02,0,0,1,0,0,Injury,Not At Intersection,No,No,Pedalcyclist,1,MERCER COUNTY 636,NULL,636,,11000636,2.06,County,Straight and Level,Blacktop,Dry,Dark (Street Lights On/ continuous),Clear,None,None,10,Foot,North,BUTTONWOOD DR,NULL,,NULL,35,40,0,0,No,,163,417791.357099,517701.550683,,DVRPC,0,Pain,15513819
8450933,2015110315-42350,15-42350,2015,MERCER,Hamilton Twp (Mercer Co),10/15/2015 0:00,Thursday,October,12/31/1899 18:48,,HAMILTON TWP PD (MERCER),,0,0,1,0,0,Injury,Not At Intersection,No,No,Pedalcyclist,1,US 206,NULL,206,,206,40.06,Municipal,Straight and Level,Blacktop,Dry,Dark (Street LIghts On/ spot),Clear,None,None,10,Foot,South,PARK AVE,NULL,,NULL,35,25,0,0,No,NONE,#38,429480.042669,496492.500664,,DVRPC,0,Moderate Injury,15299396
8406230,2015110315-29961,15-29961,2015,MERCER,Hamilton Twp (Mercer Co),7/20/2015 0:00,Monday,July,12/31/1899 21:30,,HAMILTON TWP PD (MERCER),,0,0,1,0,0,Injury,Not At Intersection,No,No,Pedalcyclist,1,NJ 33,NULL,33,,33,1.71,State Highway,Straight and Level,Blacktop,Dry,Dark (Street Lights On/ continuous),Clear,None,None,65,Foot,East,LYNWOOD AVE,NULL,,NULL,30,25,0,0,No,,480,428017.205892,507917.22065,,DVRPC,0,Moderate Injury,15243540
8305072,2015110315-13303,15-13303,2015,MERCER,Hamilton Twp (Mercer Co),3/31/2015 0:00,Tuesday,March,12/31/1899 20:22,,HAMILTON TWP PD (MERCER),,0,0,1,0,0,Injury,Not At Intersection,Yes,No,Pedalcyclist,1,MERCER COUNTY 606,NULL,606,,11000606,2.02,County,Straight and Level,Blacktop,Wet,Dark (Street Lights On/ continuous),Rain,None,None,25,Foot,East,JOHNSON AVE,NULL,,NULL,30,25,0,0,No,,401,429941.093848,506001.72715,,DVRPC,0,Pain,15160510