ID,DOT_WEB_ID,CASE_NUMBER,CRASH_YEAR,COUNTY,MUNICIPALITY,CRASH_DATE,CRASH_DAY_OF_WEEK,CRASH_MONTH,CRASH_TIME,POLICE_DEPT_CODE,POLICE_DEPARTMENT,POLICE_STATION,TOTAL_KILLED,TOTAL_INCAPACITATED,TOTAL_INJURED,PEDESTRIANS_KILLED,PEDESTRIANS_INJURED,SEVERITY,INTERSECTION,ALCOHOL_INVOLVED,HAZMAT_INVOLVED,CRASH_TYPE,TOTAL_VEHICLES_INVOLVED,CRASH_LOCATION,LOCATION_DIRECTION,ROUTE,ROUTE_SUFFIX,SRI,MILEPOST,ROAD_SYSTEM,ROAD_CHARACTER,ROAD_SURFACE_TYPE,SURFACE_CONDITION,LIGHT_CONDITION,ENVIRONMENTAL_CONDITION,ROAD_DIVIDED_BY,TEMP_TRAFFIC_CONTROL_ZONE,DISTANCE_TO_CROSS_STREET,UNIT_OF_MEASUREMENT,DIRECTION_FROM_CROSS_STREET,CROSS_STREET_NAME,IS_RAMP,RAMP_TO_FROM_ROUTE_NAME,RAMP_TO_FROM_ROUTE_DIRECTION,POSTED_SPEED,POSTED_SPEED_CROSS_STREET,LATITUDE,LONGITUDE,CELL_PHONE_IN_USE,OTHER_PROPERTY_DAMAGE,REPORTING_BADGE_NO,X,Y,CRASH_NARRATIVE,MPO,TOTAL_PEDESTRIANS_INVOLVED,EPDO,DLN
8349296,2015110315-18920,15-18920,2015,MERCER,Hamilton Twp (Mercer Co),5/7/2015 0:00,Thursday,May,12/31/1899 18:16,,HAMILTON TWP PD (MERCER),HAMILTON,0,0,1,0,0,Injury,At Intersection,No,No,Pedalcyclist,1,KUSER RD,NULL,,,11031985,2.49,Municipal,Straight and Level,Blacktop,Dry,Daylight,Clear,None,None,,At,NULL,KLOCKNER ROAD,NULL,,NULL,40,35,0,0,No,NONE,496,449984.28,499945.63,,DVRPC,0,Moderate Injury,15182909
8385390,2015110415-01220,15-01220,2015,MERCER,Hightstown Borough,1/24/2015 0:00,Saturday,January,12/31/1899 15:15,,HIGHTSTOWN PD,,0,0,1,0,0,Injury,At Intersection,No,No,Pedalcyclist,1,ROUTE 571,West,571,,571,35.12,County,Straight and Level,Blacktop,Wet,Daylight,Overcast,Painted Median,None,,At,NULL,OAK LANE,NULL,,NULL,25,25,0,0,No,NONE,111,482625.75,523705.82,,DVRPC,0,Pain,15123797
8432821,2015110715-14022-AC,15-14022-AC,2015,MERCER,Lawrence Twp (Mercer Co),5/28/2015 0:00,Thursday,May,12/31/1899 15:32,,LAWRENCE TWP PD,,0,0,1,0,0,Injury,Not At Intersection,No,No,Pedalcyclist,1,ROUTE 583,NULL,583,,583,,Municipal,Straight and Level,Concrete,Wet,Daylight,Clear,None,None,100,Foot,North,BETTS AVE,NULL,,NULL,25,25,0,0,No,,190,,,,DVRPC,0,Pain,15192886
8394095,2015110715-15425-AC,15-15425-AC,2015,MERCER,Lawrence Twp (Mercer Co),6/11/2015 0:00,Thursday,June,12/31/1899 13:41,,LAWRENCE TWP PD,,0,0,1,0,0,Injury,Not At Intersection,No,No,Pedalcyclist,1,LAWRENCE STATION RD,NULL,,,,,Municipal,Curve and Level,Blacktop,Dry,Daylight,Clear,None,NULL,1000,Foot,North,BAKERS BASIN RD,NULL,,NULL,40,40,0,0,No,,198,,,,DVRPC,0,Moderate Injury,15206125
8275301,2015111415-02143,15-02143,2015,MERCER,Princeton Township,1/23/2015 0:00,Friday,January,12/31/1899 6:30,,PRINCETON PD,,0,0,1,0,0,Injury,At Intersection,No,No,Pedalcyclist,1,ROUTE 583,NULL,583,,583,8.33,Municipal,Straight and Grade,Blacktop,Wet,Dark (Street LIghts On/ spot),Clear,None,None,,At,NULL,LOVERS LN / OLDEN LN,NULL,,NULL,25,25,0,0,No,NONE,34,444523.201302,548359.229648,,DVRPC,0,Pain,15105687
8275302,2015111415-02168,15-02168,2015,MERCER,Princeton Township,1/23/2015 0:00,Friday,January,12/31/1899 9:00,,PRINCETON PD,,0,0,1,0,0,Injury,At Intersection,No,No,Pedalcyclist,1,CLEARVIEW AVE,NULL,,,,,Municipal,Straight and Level,Blacktop,Dry,Daylight,Clear,None,None,,At,NULL,CR 629,NULL,,NULL,25,30,0,0,No,NONE,9,,,,DVRPC,0,Moderate Injury,15110750
8367902,2015111415-15455,15-15455,2015,MERCER,Princeton Township,5/20/2015 0:00,Wednesday,May,12/31/1899 12:50,,PRINCETON PD,,0,0,1,0,0,Injury,At Intersection,No,No,Pedalcyclist,1,NJ 27,NULL,27,,27,0.65,State Highway,Straight and Level,Blacktop,Dry,Daylight,Clear,None,None,,At,NULL,MORAN AVE,NULL,,NULL,25,25,0,0,No,NONE,55,449546.554429,553084.430252,,DVRPC,0,Moderate Injury,15185367
8396371,2015111415-15651,15-15651,2015,MERCER,Princeton Township,5/21/2015 0:00,Thursday,May,12/31/1899 18:54,,PRINCETON PD,,0,0,1,0,0,Injury,Not At Intersection,No,No,Pedalcyclist,1,CEDAR LN,NULL,,,,,Municipal,Straight and Level,Blacktop,Wet,Daylight,Clear,None,None,15,Foot,North,SYCAMORE RD,NULL,,NULL,25,25,0,0,No,NONE,#52,,,,DVRPC,0,Moderate Injury,15185363
8275297,2015111415-01920,15-01920,2015,MERCER,Princeton Township,1/20/2015 0:00,Tuesday,January,12/31/1899 14:39,,PRINCETON PD,,0,0,1,0,0,Injury,Not At Intersection,No,No,Pedalcyclist,1,MERCER COUNTY 629,NULL,629,,11000629,,County,Straight and Level,Blacktop,Dry,Daylight,Clear,Grass Median,None,100,Foot,North,CLEARVIEW AVE,NULL,,NULL,30,25,0,0,No,NONE,32,,,,DVRPC,0,Pain,15105690
8373651,2015111115001530,15001537,2015,MERCER,Trenton City,2/16/2015 0:00,Monday,February,12/31/1899 15:29,,TRENTON PD,EAST,0,0,1,0,0,Injury,Not At Intersection,No,No,Pedalcyclist,1,MERCER COUNTY 606,East,606,,11000606,,County,Straight and Level,Blacktop,Wet,Daylight,Clear,Painted Median,None,,NULL,NULL,,NULL,,NULL,25,,0,0,No,,595,,,,DVRPC,0,Pain,15137484
8366918,2015111115006650,15006659,2015,MERCER,Trenton City,6/26/2015 0:00,Friday,June,12/31/1899 19:41,,TRENTON PD,EAST,0,0,1,0,0,Injury,Not At Intersection,No,No,Pedalcyclist,1,DIVISION ST,South,,,,,Municipal,Straight and Level,Blacktop,Dry,Daylight,Clear,None,None,,NULL,NULL,,NULL,,NULL,25,,0,0,No,,555,,,,DVRPC,0,Pain,15212951
8373661,2015111115002190,15002191,2015,MERCER,Trenton City,3/9/2015 0:00,Monday,March,12/31/1899 11:03,,TRENTON PD,SOUTH,0,0,1,0,0,Injury,Not At Intersection,No,No,Pedalcyclist,1,US 206,East,206,,206,,State Highway,Straight and Level,Blacktop,Dry,Daylight,Clear,None,None,,NULL,East,CHESTNUT AVE,NULL,,NULL,25,25,0,0,No,,636,,,,DVRPC,0,Pain,15159143
8452787,2015111115007060,15007063,2015,MERCER,Trenton City,7/6/2015 0:00,Monday,July,12/31/1899 18:50,,TRENTON PD,SOUTH,0,0,1,0,0,Injury,Not At Intersection,No,No,Pedalcyclist,1,NJ 129,NULL,129,,129,,State Highway,Straight and Level,Blacktop,Dry,Daylight,Clear,Painted Median,None,,NULL,NULL,CR 650 / LALOR ST,NULL,,NULL,40,40,0,0,No,,613,,,,DVRPC,0,Moderate Injury,15228788
8456664,2015111115008300,15008302,2015,MERCER,Trenton City,8/4/2015 0:00,Tuesday,August,12/31/1899 19:48,,TRENTON PD,SOUTH,0,0,1,0,0,Injury,At Intersection,No,No,Pedalcyclist,1,FEDERAL ST,North,,,11111532,0.21,Municipal,Straight and Level,Blacktop,Dry,Daylight,Clear,None,None,,At,NULL,CENTRE ST,NULL,,NULL,25,25,0,0,No,,499,419846.019321,500902.900645,,DVRPC,0,Pain,15247945
8382977,2015111115002630,15002639,2015,MERCER,Trenton City,3/21/2015 0:00,Saturday,March,12/31/1899 16:45,,TRENTON PD,NORTH,0,0,1,0,1,Injury,At Intersection,No,No,Pedalcyclist,1,PIEDMONT ALY,South,,,,,Municipal,Straight and Level,Dirt,Dry,Daylight,Clear,None,None,,At,NULL,CR 622,NULL,,NULL,15,25,0,0,No,,618,,,,DVRPC,1,Pain,15158972
8429233,2015111115006070,15006079,2015,MERCER,Trenton City,6/14/2015 0:00,Sunday,June,12/31/1899 1:57,,TRENTON PD,PATROL,0,0,1,0,1,Injury,Not At Intersection,No,No,Pedalcyclist,1,US 206,East,206,,206,41.05,Municipal,Straight and Level,Blacktop,Dry,Dark (Street LIghts On/ spot),Clear,Painted Median,None,30,Foot,West,DAYTON ST,NULL,,NULL,25,25,0,0,No,,643,424880.100622,498977.073434,,DVRPC,1,Moderate Injury,15213059
8397278,20151112I-2015-012358,I-2015-012358,2015,MERCER,Washington Twp  (Mercer Co),5/29/2015 0:00,Friday,May,12/31/1899 10:25,,ROBBINSVILLE TWP PD,,0,0,1,0,0,Injury,At Intersection,No,No,Pedalcyclist,1,ROUTE 526,South,526,,526,6.48,County,Straight and Level,Blacktop,Dry,Daylight,Clear,None,None,,At,NULL,UNION ST,NULL,,NULL,35,25,0,0,No,NONE,519,457124.525865,504703.559909,,DVRPC,0,Pain,15517098
8409737,201511132015-16660,2015-16660,2015,MERCER,West Windsor Township,7/12/2015 0:00,Sunday,July,12/31/1899 17:43,,WEST WINDSOR TWP PD,2015-16660,0,0,2,0,0,Injury,At Intersection,No,No,Pedalcyclist,1,MEADOW RD,NULL,,,,,Municipal,Straight and Grade,Blacktop,Dry,Daylight,Clear,Curbed Median,None,,At,NULL,TOLL HOUSE DR.,NULL,,NULL,50,25,0,0,No,,585,,,,DVRPC,0,Moderate Injury,15217571
8430372,201511132015-20341,2015-20341,2015,MERCER,West Windsor Township,8/31/2015 0:00,Monday,August,12/31/1899 8:03,,WEST WINDSOR TWP PD,2015-20341,0,0,1,0,0,Injury,At Intersection,No,No,Pedalcyclist,1,MERCER COUNTY 638,South,638,,11000638,3.08,County,Straight and Level,Blacktop,Dry,Daylight,Clear,None,None,,At,NULL,EVERETT DR,NULL,,NULL,45,35,0,0,No,NONE,434,453459.603866,534509.702333,,DVRPC,0,Pain,15528510
8407818,201511132015-15156,2015-15156,2015,MERCER,West Windsor Township,6/22/2015 0:00,Monday,June,12/31/1899 12:34,,WEST WINDSOR TWP PD,2015-15156,0,0,1,0,0,Injury,Not At Intersection,No,No,Pedalcyclist,1,LE PARC DR,NULL,,,,,Municipal,Straight and Level,Blacktop,Dry,Daylight,Clear,None,None,100,Foot,West,REDWOOD CT.,NULL,,NULL,25,25,0,0,No,,585,,,,DVRPC,0,Pain,15207277
8407823,201511132015-15746,2015-15746,2015,MERCER,West Windsor Township,6/30/2015 0:00,Tuesday,June,12/31/1899 18:10,,WEST WINDSOR TWP PD,2015-15746,0,0,1,0,0,Injury,At Intersection,No,No,Pedalcyclist,1,US 1,South,1,,1,11.29,State Highway,Curve and Level,Blacktop,Wet,Daylight,Clear,Barrier Median,None,,At,NULL,WASHINGTON RD (CR571),NULL,,NULL,55,45,0,0,No,,595,453843.378932,545872.960363,,DVRPC,0,Moderate Injury,15218363
5257714,2003110103-5681,Mar-81,2003,MERCER,East Windsor Township,4/23/2003 0:00,Wednesday,April,12/31/1899 14:03,**,EAST WINDSOR,PATROL,0,0,0,0,0,Property Damage,Not At Intersection,No,No,Pedalcyclist,1,US 130,NULL,130,,130,,State Highway,Straight and Level,Blacktop,Dry,Daylight,Clear,Grass Median,None,,NULL,NULL,,NULL,,NULL,45,,0,0,No,NONE,58,,,,DVRPC,0,PDO,3086082
5259594,2003110303-11718,03-11718,2003,MERCER,Hamilton Twp (Mercer Co),3/26/2003 0:00,Wednesday,March,12/31/1899 12:57,1,HAMILTON,,0,0,0,0,0,Property Damage,Not At Intersection,No,No,Pedalcyclist,1,MERCER COUNTY 606,NULL,606,,11000606,1.57,County,Straight and Level,Blacktop,Dry,Daylight,Clear,None,None,,Foot,NULL,,NULL,,NULL,30,,0,0,No,NONE,330,427678.679201,505224.700614,,DVRPC,0,PDO,3067118
5260958,2003110303-38385,03-38385,2003,MERCER,Hamilton Twp (Mercer Co),9/17/2003 0:00,Wednesday,September,12/31/1899 18:20,1,HAMILTON,,0,0,0,0,0,Property Damage,At Intersection,No,No,Pedalcyclist,1,US 206,NULL,206,,206,40.25,Municipal,Straight and Level,Blacktop,Dry,Daylight,Clear,Curbed Median,None,,At,NULL,,NULL,,NULL,35,,0,0,No,,327,428599.554835,496969.916045,,DVRPC,0,PDO,3218553
5264832,2003110703047160,3047164,2003,MERCER,Lawrence Twp (Mercer Co),11/24/2003 0:00,Monday,November,12/31/1899 13:23,1,LAWRENCE,3047164,0,0,0,0,0,Property Damage,At Intersection,No,No,Pedalcyclist,1,US 1 BUSINESS,NULL,1,B,00000001B,1.8,State Highway,Straight and Level,Blacktop,Dry,Daylight,Clear,None,None,,At,NULL,,NULL,,NULL,25,,0,0,No,?,168,429598.407869,519785.856625,,DVRPC,0,PDO,3299692
5265761,2003110903-9921,Mar-21,2003,MERCER,Princeton Borough,7/18/2003 0:00,Friday,July,12/31/1899 16:25,1,PRINCETON BORO,,0,0,0,0,0,Property Damage,Not At Intersection,No,No,Pedalcyclist,1,NORTH DRIVEWAY-FORBES COLLEGE-PRIN?,NULL,,,,,Private Property,Straight and Level,Blacktop,Dry,Daylight,Clear,None,None,15,Foot,West,ALEXANDER STREET,NULL,,NULL,,,0,0,No,NONE,125,,,,DVRPC,0,PDO,3169727
5267079,20031111091-03-030070,091-03-030070,2003,MERCER,Trenton City,4/1/2003 0:00,Tuesday,April,12/31/1899 12:10,1,TRENTON,PATROL 1ST PLA?,0,0,0,0,0,Property Damage,At Intersection,No,No,Pedalcyclist,1,SOUTHARD ST,NULL,,,,,State Park or Institution,Straight and Level,Other,Wet,Daylight,Clear,Other,None,,At,South,,NULL,,NULL,,,0,0,No,,***,,,,DVRPC,0,PDO,3107368
5268238,20031111185-04-070773,185-04-070773,2003,MERCER,Trenton City,7/4/2003 0:00,Friday,July,12/31/1899 18:40,,TRENTON,PATROL,0,0,0,0,0,Property Damage,Not At Intersection,No,No,Pedalcyclist,1,RUTHERFORD AVE,NULL,,,11111286,0.099,Municipal,Straight and Level,Blacktop,Dry,Daylight,Clear,None,None,100,Foot,East,HOFFMAN AVENUE,NULL,,NULL,25,,0,0,No,,***,413361.952307,510130.348006,,DVRPC,0,PDO,3201609
5268219,2.00311111830307E+018,18303070008,2003,MERCER,Trenton City,7/2/2003 0:00,Wednesday,July,12/31/1899 20:49,1,TRENTON,PATROL,0,0,0,0,0,Property Damage,At Intersection,No,No,Pedalcyclist,1,FREUDENMACHER AL,NULL,,,11111455,0.23,Municipal,Straight and Level,Blacktop,Dry,Dark (Street Lights On/ continuous),Clear,None,None,,At,NULL,BERTTY ST.,NULL,,NULL,25,,0,0,No,,456,422538.115701,500439.728665,,DVRPC,0,PDO,3201604
5267828,20031111154-03057309,154-03057309,2003,MERCER,Trenton City,6/3/2003 0:00,Tuesday,June,12/31/1899 17:00,1,TRENTON,PATROL,0,0,0,0,0,Property Damage,Not At Intersection,No,No,Pedalcyclist,1,WEST STATE ST,NULL,,,,,Municipal,Straight and Level,Blacktop,Wet,Daylight,Rain,None,None,,NULL,NULL,,NULL,,NULL,25,,0,0,No,,247,,,,DVRPC,0,PDO,3201515
5270408,20031111361-03-149650,361-03-149650,2003,MERCER,Trenton City,12/27/2003 0:00,Saturday,December,12/31/1899 21:20,,TRENTON,PATROL,0,0,0,0,0,Property Damage,At Intersection,No,No,Pedalcyclist,1,C/O INGAHM,NULL,,,,,Private Property,Straight and Level,Concrete,Dry,NULL,Clear,None,None,,At,NULL,CALHOUN ST,NULL,,NULL,25,,0,0,No,,***,,,,DVRPC,2,PDO,3324795
5268652,2.00311112190308E+018,21903086538,2003,MERCER,Trenton City,8/7/2003 0:00,Thursday,August,12/31/1899 7:21,1,TRENTON N.J.,PATROL,0,0,0,0,0,Property Damage,Not At Intersection,No,No,Pedalcyclist,1,US 206 SOUTHBOUND,NULL,206,S,00000206S,,County,Straight and Level,Blacktop,Dry,Daylight,Fog/Smog/Smoke,None,None,,NULL,South,FEDERAL ST,NULL,,NULL,25,,0,0,No,,***,,,,DVRPC,0,PDO,3206743
5268229,20031111185-0-1-070773,185-0-1-070773,2003,MERCER,Trenton City,7/4/2003 0:00,Friday,July,12/31/1899 18:40,,TRENTON,PATROL,0,0,0,0,0,Property Damage,Not At Intersection,No,No,Pedalcyclist,1,RUTHERFORD AVE,NULL,,,11111286,0.089,Municipal,Straight and Level,Blacktop,Dry,Daylight,Clear,None,None,50,Foot,NULL,HOFFMAN AVENUE,NULL,,NULL,25,,0,0,No,,***,413318.460024,510164.077393,,DVRPC,0,PDO,3201636
5267432,20031111123-03043959,123-03043959,2003,MERCER,Trenton City,5/3/2003 0:00,Saturday,May,12/31/1899 19:23,1,TRENTON,TRENTON,0,0,0,0,0,Property Damage,Not At Intersection,No,No,Pedalcyclist,1,OAKLAND ST 351,NULL,,,,,Private Property,Straight and Grade,NULL,Dry,Daylight,Clear,None,None,,NULL,NULL,,NULL,,NULL,0,,0,0,No,,***,,,,DVRPC,0,PDO,3108078
5268663,20031111220-03087252,220-03087252,2003,MERCER,Trenton City,8/8/2003 0:00,Friday,August,12/31/1899 18:20,1,TRENTON,PATROL,0,0,0,0,0,Property Damage,Not At Intersection,No,No,Pedalcyclist,1,NJ 33,NULL,33,,33,0.57,County,Straight and Level,Blacktop,Dry,Daylight,Clear,None,None,125,Foot,East,HARFORD PL,NULL,,NULL,25,,0,0,No,,410,422905.609175,504730.381948,,DVRPC,0,PDO,3205209
5269950,20031111325-03135016,325-03135016,2003,MERCER,Trenton City,11/21/2003 0:00,Friday,November,12/31/1899 16:40,1,TRENTON,PATROL,0,0,0,0,0,Property Damage,Not At Intersection,No,No,Pedalcyclist,1,310 PROSPECT ST PARKING LOT,NULL,,,,,Private Property,Straight and Level,Blacktop,Dry,Daylight,Clear,None,None,,NULL,NULL,,NULL,,NULL,25,,0,0,No,,***,,,,DVRPC,0,PDO,3297839
5268887,20031111239-03095912,239-03095912,2003,MERCER,Trenton City,8/27/2003 0:00,Wednesday,August,12/31/1899 20:00,1,TRENTON,PATROL,0,0,0,0,0,Property Damage,At Intersection,No,No,Pedalcyclist,1,CENTER ST,NULL,,,11111528,0.2,Municipal,Straight and Level,Blacktop,Dry,Dark (Street Lights On/ continuous),Clear,None,None,,At,NULL,BRIDGE ST,NULL,,NULL,25,,0,0,No,,242,419539.770003,502009.487585,,DVRPC,0,PDO,3205078
4618617,20041102T2004-453,T2004-453,2004,MERCER,Ewing Township,5/16/2004 0:00,Sunday,May,12/31/1899 16:06,1,EWING TWP,P-4,0,0,0,0,0,Property Damage,Not At Intersection,No,No,Pedalcyclist,1,1600 N OLDEN AVE (CVS),NULL,,,,,Private Property,Straight and Grade,Blacktop,Dry,Daylight,Clear,None,None,,NULL,NULL,,NULL,,NULL,40,,0,0,No,,108,,,,DVRPC,0,PDO,4114403
4621626,2004110304-5760,Apr-60,2004,MERCER,Hamilton Twp (Mercer Co),2/11/2004 0:00,Wednesday,February,12/31/1899 18:54,1,HAMILTON TWP.,,0,0,0,0,0,Property Damage,At Intersection,No,No,Pedalcyclist,1,KLOCKNER RD,NULL,,,11031976,1.52,Municipal,Straight and Level,Blacktop,Dry,Dark (Street Lights On/ continuous),Clear,None,None,,At,West,,NULL,,NULL,25,,0,0,No,,309,433514.87,509847.46,,DVRPC,0,PDO,4032447
4619669,2004110304-19197,04-19197,2004,MERCER,Hamilton Twp (Mercer Co),5/11/2004 0:00,Tuesday,May,12/31/1899 19:19,1,HAMILTON TWP,,0,0,0,0,0,Property Damage,At Intersection,No,No,Pedalcyclist,1,BOWHILL AVENUE,NULL,,,11031994,0.53,Municipal,Straight and Level,Blacktop,Dry,Daylight,Clear,None,Utility Zone,,At,NULL,MARSHALL AVENUE,NULL,,NULL,25,,0,0,No,NONE,286,425890.48993,497251.520157,,DVRPC,0,PDO,4103141
4619575,2004110304-17642,04-17642,2004,MERCER,Hamilton Twp (Mercer Co),5/1/2004 0:00,Saturday,May,12/31/1899 13:47,1,HAMILTON TWP.,,0,0,0,0,0,Property Damage,Not At Intersection,No,No,Pedalcyclist,1,US 206,NULL,206,,206,39.07,Municipal,Straight and Level,Blacktop,Dry,Daylight,Clear,Grass Median,None,100,Foot,East,,NULL,,NULL,35,,0,0,No,NONE,366,434076.33,494003.19,,DVRPC,0,PDO,4103203
4623897,2004110704023100,4023101,2004,MERCER,Lawrence Twp (Mercer Co),5/24/2004 0:00,Monday,May,12/31/1899 11:43,1,LAWRENCE TWP.,04-023101,0,0,0,0,0,Property Damage,Not At Intersection,No,No,Pedalcyclist,1,US 1 BUSINESS,NULL,1,B,00000001B,1.81,State Highway,Straight and Level,Blacktop,Dry,Daylight,Clear,Barrier Median,None,0,Mile,North,TEXAS AVENUE,NULL,,NULL,55,,0,0,No,NONE,162,429637.811167,519828.132368,,DVRPC,0,PDO,4137020
4628204,20041111208-04098809,208-04098809,2004,MERCER,Trenton City,7/5/2004 0:00,Monday,July,12/31/1899 17:30,1,TRENTON,OPERATIONS K-9),0,0,0,0,0,Property Damage,At Intersection,No,No,Pedalcyclist,1,PERRY ST,NULL,,,11111556,0.6,Municipal,Straight and Level,Blacktop,Dry,Daylight,Clear,None,None,,At,NULL,SOUTHARD STREET,NULL,,NULL,25,,0,0,No,NONE,***,421038.98,507162.21,,DVRPC,0,PDO,4170744
4629599,20041111327-04150689,327-04150689,2004,MERCER,Trenton City,11/22/2004 0:00,Monday,November,12/31/1899 20:05,1,TRENTON,OPERATIONS,0,0,0,0,0,Property Damage,At Intersection,No,No,Pedalcyclist,1,NJ 33,NULL,33,,33,0.48,County,Straight and Level,Blacktop,Wet,Dark (Street Lights On/ continuous),Rain,None,NULL,,At,NULL,CHESTNUT AVENUE,NULL,,NULL,,,0,0,No,,537,422479.047446,504521.538723,,DVRPC,0,PDO,4279213
4627133,20041111122-04055460,122-04055460,2004,MERCER,Trenton City,5/1/2004 0:00,Saturday,May,12/31/1899 16:40,1,TRENTON,OPERATIONS,0,0,0,0,0,Property Damage,Not At Intersection,No,No,Pedalcyclist,1,SOUTH COOK AVE,NULL,,,11111127,0.451,Municipal,Straight and Level,Blacktop,Dry,Daylight,Clear,Other,None,50,Foot,South,WALNUT AVENUE,NULL,,NULL,25,,0,0,No,,***,424477.960012,506521.319963,,DVRPC,0,PDO,4096321
4629515,20041111321-04147800,321-04147800,2004,MERCER,Trenton City,11/16/2004 0:00,Tuesday,November,12/31/1899 16:11,**,TRENTON,OPERATIONS,0,0,0,0,0,Property Damage,At Intersection,No,No,Pedalcyclist,1,ADELINE ST,NULL,,,11111533,0.77,Municipal,Straight and Level,Concrete,Dry,Daylight,Clear,None,None,,At,NULL,BEATTY STREET,NULL,,NULL,25,,0,0,No,,283,422398.2,500062.02,,DVRPC,0,PDO,4266823
4627996,20041111190-04090280,190-04090280,2004,MERCER,Trenton City,7/9/2004 0:00,Friday,July,12/31/1899 14:20,,TRENTON,OPERATIONS,0,0,0,0,0,Property Damage,Not At Intersection,No,No,Pedalcyclist,1,OAKLAND ST,NULL,,,11111565,0.488,Municipal,Straight and Level,Blacktop,Dry,Daylight,Clear,None,None,40,Foot,South,HOFFMAN AVENUE,NULL,,NULL,25,,0,0,No,,564,414317.370031,511365.090027,,DVRPC,0,PDO,4155124
4628775,20041111260-04121698,260-04121698,2004,MERCER,Trenton City,9/16/2004 0:00,Thursday,September,12/31/1899 18:22,**,TRENTON,OPERATIONS,0,0,0,0,0,Property Damage,At Intersection,No,No,Pedalcyclist,1,S CLINTON AVE,NULL,,,11031969,3.66,Municipal,Straight and Level,Blacktop,Dry,Daylight,Clear,None,None,,At,NULL,MAGOWAN STREET,NULL,,NULL,,,0,0,No,,228,420828.53758,505346.739858,,DVRPC,0,PDO,4215491
4627765,20041111171-04080756,171-04080756,2004,MERCER,Trenton City,6/19/2004 0:00,Saturday,June,12/31/1899 16:30,,T.P.D,TRENTON POLICE,0,0,0,0,0,Property Damage,At Intersection,No,No,Pedalcyclist,1,MERCER COUNTY 653,NULL,653,,11000653,0,County,Curve and Level,Blacktop,Dry,Daylight,Clear,Other,None,,At,NULL,WEST STATE STREET,NULL,,NULL,25,,0,0,No,?,622,415379.69,506046.67,,DVRPC,0,PDO,4135419
4629028,20041111281-04130345,281-04130345,2004,MERCER,Trenton City,10/7/2004 0:00,Thursday,October,12/31/1899 16:43,1,TRENTON,PATROL,0,0,0,0,0,Property Damage,Not At Intersection,No,No,Pedalcyclist,1,NJ 33,NULL,33,,33,0.78,County,Straight and Level,Blacktop,Dry,Daylight,Clear,None,None,200,NULL,East,CR 626,NULL,,NULL,25,,0,0,No,,***,423887.81207,505246.226967,,DVRPC,0,PDO,4233800
4627576,20041111157-04073476,157-04073476,2004,MERCER,Trenton City,6/5/2004 0:00,Saturday,June,12/31/1899 14:00,,TRENTON,PATROL,0,0,0,0,0,Property Damage,At Intersection,No,No,Pedalcyclist,1,LIBERTY ST,NULL,,,11112004,0.55,Municipal,Straight and Level,Blacktop,Dry,Daylight,Clear,None,None,,At,NULL,WILLIAM STREET,NULL,,NULL,25,,0,0,No,,***,424837.95,499977.68,,DVRPC,0,PDO,4131353
4628244,20041111211-04100120,211-04100120,2004,MERCER,Trenton City,7/29/2004 0:00,Thursday,July,12/31/1899 16:17,1,TRENTON,PATROL,0,0,0,0,0,Property Damage,Not At Intersection,No,No,Pedalcyclist,1,ELVON AL,NULL,,,,,Municipal,Straight and Level,Gravel,Dry,Daylight,Clear,None,None,5,Foot,West,SOUTH WALTER AVENUE,NULL,,NULL,15,,0,0,No,,***,,,,DVRPC,0,PDO,4169185
4630220,20041111V4100432A,V4100432A,2004,MERCER,Trenton City,6/30/2004 0:00,Wednesday,June,12/31/1899 16:30,2,STATE POLICE,S.G.S.B.,0,0,0,0,0,Property Damage,Not At Intersection,No,No,Pedalcyclist,1,NEW JERSEY STATE PARKING LOT NUMBER THREE,NULL,,,,,State Park or Institution,Straight and Level,Blacktop,Dry,Daylight,Clear,None,None,400,Foot,North,,NULL,,NULL,,,0,0,No,NONE,449,,,,DVRPC,0,PDO,4166142
4627220,2.00411111290405E+018,12904059013,2004,MERCER,Trenton City,5/8/2004 0:00,Saturday,May,12/31/1899 17:58,1,TRENTON PD,OPERATION,0,0,0,0,0,Property Damage,At Intersection,No,No,Pedalcyclist,1,US 206,NULL,206,,206,43.63,Municipal,Straight and Level,Blacktop,Dry,Daylight,Clear,None,None,,At,NULL,SOUTHARD STREET,NULL,,NULL,,,0,0,No,,341,419859.67234,508650.70941,,DVRPC,0,PDO,4097713
4628941,20041111273-04126779,273-04126779,2004,MERCER,Trenton City,9/29/2004 0:00,Wednesday,September,12/31/1899 7:54,,TRENTON,OPERATIONS,0,0,0,0,0,Property Damage,At Intersection,No,No,Pedalcyclist,1,NORTH CLINTON AVE,NULL,,,11031969,4.57,Municipal,Straight and Level,Blacktop,Dry,Daylight,Clear,None,None,,At,NULL,MEADE STREET,NULL,,NULL,25,,0,0,No,,516,423328.339629,509173.860439,,DVRPC,0,PDO,4229129
4628490,20041111234-04110078,234-04110078,2004,MERCER,Trenton City,8/21/2004 0:00,Saturday,August,12/31/1899 14:30,1,TRENTON,OPERATIONS,0,0,0,0,0,Property Damage,Not At Intersection,No,No,Pedalcyclist,1,MALONE ST,NULL,,,11111463,0.088,Municipal,Straight and Level,Blacktop,Wet,Daylight,Rain,None,None,10,Foot,West,RT 206,NULL,,NULL,25,,0,0,No,,***,422845.819437,500098.506159,,DVRPC,0,PDO,4188706