ID,DOT_WEB_ID,CASE_NUMBER,CRASH_YEAR,COUNTY,MUNICIPALITY,CRASH_DATE,CRASH_DAY_OF_WEEK,CRASH_MONTH,CRASH_TIME,POLICE_DEPT_CODE,POLICE_DEPARTMENT,POLICE_STATION,TOTAL_KILLED,TOTAL_INCAPACITATED,TOTAL_INJURED,PEDESTRIANS_KILLED,PEDESTRIANS_INJURED,SEVERITY,INTERSECTION,ALCOHOL_INVOLVED,HAZMAT_INVOLVED,CRASH_TYPE,TOTAL_VEHICLES_INVOLVED,CRASH_LOCATION,LOCATION_DIRECTION,ROUTE,ROUTE_SUFFIX,SRI,MILEPOST,ROAD_SYSTEM,ROAD_CHARACTER,ROAD_SURFACE_TYPE,SURFACE_CONDITION,LIGHT_CONDITION,ENVIRONMENTAL_CONDITION,ROAD_DIVIDED_BY,TEMP_TRAFFIC_CONTROL_ZONE,DISTANCE_TO_CROSS_STREET,UNIT_OF_MEASUREMENT,DIRECTION_FROM_CROSS_STREET,CROSS_STREET_NAME,IS_RAMP,RAMP_TO_FROM_ROUTE_NAME,RAMP_TO_FROM_ROUTE_DIRECTION,POSTED_SPEED,POSTED_SPEED_CROSS_STREET,LATITUDE,LONGITUDE,CELL_PHONE_IN_USE,OTHER_PROPERTY_DAMAGE,REPORTING_BADGE_NO,X,Y,CRASH_NARRATIVE,MPO,TOTAL_PEDESTRIANS_INVOLVED,EPDO,DLN
7731944,2009111109022480,9022484,2009,MERCER,Trenton City,12/23/2009 0:00,Wednesday,December,12/31/1899 14:30,1,TRENTON PD,EAST DISTRICT,0,0,0,0,0,Property Damage,At Intersection,No,No,Pedalcyclist,1,MERCER COUNTY 622,NULL,622,,11000622,2.66,County,Straight and Level,Blacktop,Dry,Daylight,Clear,None,None,,At,NULL,NJ 33,NULL,,NULL,25,,40.22369,74.73675,No,,463,426019.129727,506486.908691,,DVRPC,0,PDO,9289996
7729978,2009111109008090,9008093,2009,MERCER,Trenton City,5/11/2009 0:00,Monday,May,12/31/1899 8:17,1,TRENTON PD,TRENTON PD,0,0,0,0,0,Property Damage,Not At Intersection,No,No,Pedalcyclist,1,PERRY ST,NULL,,,11111556,0.06,Municipal,Straight and Level,Blacktop,Dry,Daylight,Clear,None,None,,NULL,NULL,N BROAD ST,NULL,,NULL,,25,40.22273,74.76438,No,,618,418301.62,506156.16,,DVRPC,0,PDO,9090469
7730491,2009111109013020,9013024,2009,MERCER,Trenton City,7/20/2009 0:00,Monday,July,12/31/1899 20:35,1,TRENTON PD,EAST PRECINCT,0,0,0,0,0,Property Damage,Not At Intersection,No,No,Pedalcyclist,1,WALNUT AVE,NULL,,,,,Municipal,Straight and Level,Blacktop,Dry,Dusk,Clear,None,None,,NULL,NULL,,NULL,,NULL,25,,0,0,No,GRAY TONY HAWK 2 HOLLYWOOD AVE TRENTON NJ 08609,585,,,,DVRPC,1,PDO,9153482
7729906,2009111109007650,9007655,2009,MERCER,Trenton City,5/4/2009 0:00,Monday,May,12/31/1899 17:06,1,TRENTON PD,PATROL-SOUTH,0,0,0,0,0,Property Damage,At Intersection,No,No,Pedalcyclist,1,MERCER COUNTY 650,West,650,,11000650,0.46,County,Straight and Level,Blacktop,Wet,Daylight,Rain,None,None,,At,NULL,BEATTY ST,NULL,,NULL,25,25,40.19885,74.74908,No,,436,422551.221155,497446.75223,,DVRPC,0,PDO,9087100
7730752,2009111109014690,9014696,2009,MERCER,Trenton City,8/14/2009 0:00,Friday,August,12/31/1899 19:59,1,TRENTON PD,NORTH,0,0,0,0,0,Property Damage,At Intersection,No,No,Pedalcyclist,1,N STOCKTON ST,South,,,11111549,0.07,Municipal,Straight and Level,Blacktop,Dry,Daylight,Clear,Painted Median,None,,At,NULL,ACADEMY ST,NULL,,NULL,25,25,40.2227,74.76043,No,,565,419406.934706,506144.550587,,DVRPC,0,PDO,9183030
7730350,2009111109011770,9011770,2009,MERCER,Trenton City,7/2/2009 0:00,Thursday,July,12/31/1899 17:25,1,TRENTON PD,WEST,0,0,0,0,0,Property Damage,Not At Intersection,No,No,Pedalcyclist,1,PROSPECT ST,NULL,,,11111562,0.38,Municipal,Straight and Level,Blacktop,Dry,Daylight,Clear,Painted Median,None,,NULL,NULL,E STUYVESANT AVE,NULL,,NULL,25,25,40.23035,74.7745,No,,595,415485.92999,508942.334978,,DVRPC,1,PDO,9146145
7729531,2009111109-004009,09-004009,2009,MERCER,Trenton City,3/7/2009 0:00,Saturday,March,12/31/1899 19:15,1,TRENTON PD,PATROL,0,0,0,0,0,Property Damage,Not At Intersection,No,No,Pedalcyclist,1,S CLINTON AVE,North,,,11031969,3.61,Municipal,Straight and Level,Blacktop,Dry,Dark (Street Lights On/ continuous),Clear,None,None,50,Foot,South,YARD AVENUE,NULL,,NULL,25,15,40.21981,74.75518,No,NO DAMAGE TO BICYCLE,592,420867.5822,505085.884982,,DVRPC,0,PDO,9038936
7730689,2009111109014230,9014232,2009,MERCER,Trenton City,8/7/2009 0:00,Friday,August,12/31/1899 21:27,1,TRENTON PD,PATROL,0,0,0,0,0,Property Damage,At Intersection,No,No,Pedalcyclist,1,CASS ST,South,,,11111527,0.26,Municipal,Straight and Level,Blacktop,Dry,Dark (Street Lights On/ continuous),Clear,None,None,,At,NULL,THIRD ST,NULL,,NULL,25,25,40.20575,74.75599,No,,617,420626.231303,499965.965751,,DVRPC,0,PDO,9172185
7730342,2009111109011720,9011726,2009,MERCER,Trenton City,7/1/2009 0:00,Wednesday,July,12/31/1899 18:59,1,TRENTON PD,SOUTH-PATROL,0,0,0,0,0,Property Damage,At Intersection,No,No,Pedalcyclist,1,CASS ST,West,,,11111527,0.5,Municipal,Straight and Level,Blacktop,Dry,Daylight,Clear,None,None,,At,NULL,ADELINE ST,NULL,,NULL,25,25,40.20655,74.7512,No,,465,421967.354634,500252.918537,,DVRPC,1,PDO,9149489
7731080,2009111109016810,9016818,2009,MERCER,Trenton City,9/17/2009 0:00,Thursday,September,12/31/1899 20:30,1,TRENTON PD,SOUTH,0,0,0,0,0,Property Damage,Not At Intersection,No,No,Pedalcyclist,1,DIVISION ST,East,,,11111153,0.759,Municipal,Straight and Level,Blacktop,Dry,Dark (Street Lights On/ continuous),Clear,None,None,50,Foot,East,GENESEE ST,NULL,,NULL,25,25,0,0,No,,389,423812.648796,499885.120452,,DVRPC,0,PDO,9208162
7730420,2009111109012450,9012450,2009,MERCER,Trenton City,7/12/2009 0:00,Sunday,July,12/31/1899 14:38,1,TRENTON PD,,0,0,0,0,0,Property Damage,Not At Intersection,No,No,Pedalcyclist,1,MERCER COUNTY 653,North,653,,11000653,0.65,County,Straight and Level,Blacktop,Dry,Daylight,Clear,None,None,,NULL,NULL,SWEETS AVE,NULL,,NULL,25,25,40.23007,74.76753,No,,529,417432.48,508833.09,,DVRPC,0,PDO,9144247
7730052,2009111109008660,9008660,2009,MERCER,Trenton City,5/18/2009 0:00,Monday,May,12/31/1899 19:16,1,TRENTON PD,SOUTH,0,0,0,0,0,Property Damage,At Intersection,No,No,Pedalcyclist,1,BEATTY ST,North,,,11111577,0.19,Municipal,Straight and Level,Blacktop,Dry,Dusk,Clear,Painted Median,None,,At,NULL,S BROAD ST,NULL,,NULL,25,25,0,0,No,,618,422501.246605,500312.382594,,DVRPC,0,PDO,9094581
7732908,20091112I-2009-023929,I-2009-023929,2009,MERCER,Washington Twp  (Mercer Co),11/26/2009 0:00,Thursday,November,12/31/1899 14:06,1,ROBBINSVILLE TWP PD,,0,0,0,0,0,Property Damage,Not At Intersection,No,No,Pedalcyclist,1,NJ 33,West,33,,33,7.07,State Highway,Straight and Level,Blacktop,Dry,Daylight,Clear,None,None,200,Foot,West,LAKE DR,NULL,,NULL,45,25,40.22013,74.63326,No,,536,454912.187998,505128.332508,,DVRPC,0,PDO,9269279
7733127,2009111309-20201,09-20201,2009,MERCER,West Windsor Township,7/26/2009 0:00,Sunday,July,12/31/1899 9:46,1,WEST WINDSOR TWP PD,2009-20201,0,0,0,0,0,Property Damage,Not At Intersection,No,No,Pedalcyclist,1,VILLAGE RD W,North,,,11131141,0.004,Municipal,Curve and Level,Blacktop,Dry,Daylight,Clear,NULL,NULL,20,Foot,North,CR 533,NULL,,NULL,45,50,0,0,No,,561,444704.222858,526122.711429,,DVRPC,0,PDO,9160700
3439671,2010110110-8481,Oct-81,2010,MERCER,East Windsor Township,6/17/2010 0:00,Thursday,June,12/31/1899 17:43,1,EAST WINDSOR TWP PD,PATROL,0,0,0,0,0,Property Damage,At Intersection,Yes,No,Pedalcyclist,1,NJ 33,East,33,,33,16.35,State Highway,Straight and Level,Blacktop,Dry,Daylight,Clear,Grass Median,None,,At,NULL,TWINS RIVER DR NORTH / TWINS RIVER,NULL,,NULL,55,35,0,0,No,,64,496185.430703,522253.809561,,DVRPC,0,PDO,10137440
3440354,20101102I-2010-010341,I-2010-010341,2010,MERCER,Ewing Township,4/9/2010 0:00,Friday,April,12/31/1899 12:12,1,EWING TWP PD,TRAFFIC BUREAU,0,0,0,0,0,Property Damage,At Intersection,No,No,Pedalcyclist,1,MERCER COUNTY 622,NULL,622,,11000622,4.65,County,Straight and Level,Blacktop,Dry,Daylight,Clear,None,None,,At,NULL,CR 639,NULL,,NULL,40,35,0,0,No,,111,419502.36,514121.4,,DVRPC,0,PDO,10070091
3441155,2010110310-10115,10-10115,2010,MERCER,Hamilton Twp (Mercer Co),3/11/2010 0:00,Thursday,March,12/31/1899 14:07,1,HAMILTON TWP PD (MERCER),,0,0,0,0,0,Property Damage,At Intersection,No,No,Pedalcyclist,1,NJ 33,NULL,33,,33,1.64,State Highway,Straight and Level,Blacktop,Dry,Daylight,Clear,None,None,,At,NULL,CONNECTICUT AVE,NULL,,NULL,35,25,40.2271,74.73073,No,,387,427703.929688,507725.248002,,DVRPC,0,PDO,10049552
3442060,2010110310-29251,10-29251,2010,MERCER,Hamilton Twp (Mercer Co),7/13/2010 0:00,Tuesday,July,12/31/1899 17:43,1,HAMILTON TWP PD (MERCER),,0,0,0,0,0,Property Damage,Not At Intersection,No,No,Pedalcyclist,1,REEVES AVE,NULL,,,,,Private Property,Straight and Level,Blacktop,Dry,Daylight,Clear,None,None,500,Foot,South,S. OLDEN AVE,NULL,,NULL,25,35,0,0,No,NONE,422,,,,DVRPC,0,PDO,10150416
3441446,2010110310-15644,10-15644,2010,MERCER,Hamilton Twp (Mercer Co),4/15/2010 0:00,Thursday,April,12/31/1899 16:19,1,HAMILTON TWP PD (MERCER),,0,0,0,0,0,Property Damage,Not At Intersection,No,No,Pedalcyclist,1,2115 RT 33,NULL,,,,,Private Property,Straight and Level,Blacktop,Dry,Daylight,Clear,None,None,,NULL,NULL,,NULL,,NULL,,,0,0,No,,407,,,,DVRPC,0,PDO,10074515
3444630,20101106HT2010-013806,HT2010-013806,2010,MERCER,Hopewell Twp (Mercer Co),7/11/2010 0:00,Sunday,July,12/31/1899 12:44,1,HOPEWELL TWP PD,52 ZONE,0,0,0,0,0,Property Damage,Not At Intersection,No,No,Pedalcyclist,1,HOPEWELL WERTSVILLE RD,South,,,11051089,1.98,Municipal,Straight and Grade,Blacktop,Dry,Daylight,Clear,None,None,1320,Foot,South,FEATHERBED LANE,NULL,,NULL,40,25,0,0,No,,43,415406.913868,573380.264115,,DVRPC,0,PDO,10148955
3444688,20101106HT2010-016704,HT2010-016704,2010,MERCER,Hopewell Twp (Mercer Co),8/21/2010 0:00,Saturday,August,12/31/1899 12:51,1,HOPEWELL TWP PD,51 SOUTH,0,0,0,0,0,Property Damage,At Intersection,No,No,Pedalcyclist,1,DENOW RD,West,,,,,Municipal,Straight and Grade,Blacktop,Dry,Daylight,Clear,None,None,,At,NULL,WELLINGTON DR,NULL,,NULL,35,25,0,0,No,,42,,,,DVRPC,0,PDO,10197925
3446459,2010110810-2968,Oct-68,2010,MERCER,Pennington Borough,7/12/2010 0:00,Monday,July,12/31/1899 12:45,1,PENNINGTON BORO PD,,0,0,0,0,0,Property Damage,Not At Intersection,No,No,Pedalcyclist,1,MERCER COUNTY 640,North,640,,11000640,,County,Straight and Level,Blacktop,Dry,Daylight,Clear,None,None,200,Foot,NULL,SILO RD.,NULL,,NULL,25,25,0,0,No,,717,,,,DVRPC,0,PDO,10156581
3446913,201011092010-8801,2010-8801,2010,MERCER,Princeton Borough,6/3/2010 0:00,Thursday,June,12/31/1899 16:04,1,PRINCETON BORO PD,,0,0,0,0,0,Property Damage,At Intersection,No,No,Pedalcyclist,1,PROSPECT AVE,NULL,,,11091240,0.41,Municipal,Straight and Level,Blacktop,Dry,Daylight,Clear,None,None,,At,NULL,MURRAY PLACE,NULL,,NULL,25,25,0,0,No,BICYCLE SERIAL #WTU332C3258B BELONGING TO EILEEN WATERS 748 PRINCETON KINGSTON,126,450955.061981,552366.047993,,DVRPC,0,PDO,10130228
3450046,2010111110016240,10016249,2010,MERCER,Trenton City,10/22/2010 0:00,Friday,October,12/31/1899 7:23,1,TRENTON PD,PATROL/EAST,0,0,0,0,0,Property Damage,Not At Intersection,No,No,Pedalcyclist,1,NJ 33,East,33,,33,,County,Straight and Level,Blacktop,Dry,Dawn,Clear,None,None,100,Foot,NULL,HAMPTON ST,NULL,,NULL,25,25,0,0,No,NONE,498,,,,DVRPC,0,PDO,10237457
3450023,2010111110016020,10016028,2010,MERCER,Trenton City,10/17/2010 0:00,Sunday,October,12/31/1899 14:48,1,TRENTON PD,WEST-PATROL,0,0,0,0,0,Property Damage,Not At Intersection,No,No,Pedalcyclist,1,EDGEWOOD AVENUE,NULL,,,11111239,0.195,Municipal,Straight and Level,Blacktop,Dry,Daylight,Clear,None,None,25,Foot,South,N DEAN AVE,NULL,,NULL,25,25,0,0,No,,518,410074.791653,510748.396621,,DVRPC,0,PDO,10232893
3448059,2010111110004000,10004003,2010,MERCER,Trenton City,3/16/2010 0:00,Tuesday,March,12/31/1899 20:40,1,TRENTON PD,NORTH PATROL,0,0,0,0,0,Property Damage,At Intersection,No,No,Pedalcyclist,1,PERRY ST,East,,,11111556,0.6,Municipal,Straight and Level,Blacktop,Dry,Daylight,Clear,Painted Median,None,,At,NULL,SOUTHARD ST,NULL,,NULL,25,25,40.22551,74.75459,No,,608,421038.98,507162.21,,DVRPC,1,PDO,10053518
3448779,2010111110008460,10008463,2010,MERCER,Trenton City,6/1/2010 0:00,Tuesday,June,12/31/1899 21:38,1,TRENTON PD,PATROL SOUT,0,0,0,0,0,Property Damage,At Intersection,No,No,Pedalcyclist,1,BEATTY ST,North,,,11111577,0.65,Municipal,Straight and Level,Blacktop,Dry,Dark (Street Lights On/ continuous),Clear,None,None,,At,NULL,DEKLYN AVE,NULL,,NULL,25,25,0,0,No,,625,422405.690964,498010.815384,,DVRPC,0,PDO,10126016
3448583,2010111110007040,10007047,2010,MERCER,Trenton City,5/8/2010 0:00,Saturday,May,12/31/1899 14:34,1,TRENTON PD,PATROL/WEST,0,0,0,0,0,Property Damage,At Intersection,No,No,Pedalcyclist,1,N EASTFIELD AVE,South,,,,,Municipal,Straight and Level,Blacktop,Dry,Daylight,Clear,None,NULL,,At,NULL,WYOMING ALY,NULL,,NULL,25,15,0,0,No,,445,,,,DVRPC,0,PDO,10102829
3448918,2010111110009220,10009224,2010,MERCER,Trenton City,6/14/2010 0:00,Monday,June,12/31/1899 17:17,1,TRENTON PD,TRENTON,0,0,0,0,0,Property Damage,At Intersection,No,No,Pedalcyclist,1,MERCER COUNTY 606,NULL,606,,11000606,,County,Straight and Level,Blacktop,Dry,Daylight,Clear,Painted Median,None,,At,NULL,REVERE AVE,NULL,,NULL,25,25,0,0,No,,618,,,,DVRPC,0,PDO,10128320
3451340,20101112I-2010-013583,I-2010-013583,2010,MERCER,Washington Twp  (Mercer Co),7/1/2010 0:00,Thursday,July,12/31/1899 17:43,1,ROBBINSVILLE TWP PD,,0,0,0,0,0,Property Damage,At Intersection,No,No,Pedalcyclist,1,EISENHOWER DRIVE,South,,,11121760,0,Municipal,Straight and Level,Blacktop,Dry,Daylight,Clear,None,None,,At,NULL,ROOSEVELT WAY,NULL,,NULL,25,,0,0,No,,539,462705.800157,508562.630081,,DVRPC,0,PDO,10144264
3451356,20101112I-2010-015250,I-2010-015250,2010,MERCER,Washington Twp  (Mercer Co),7/22/2010 0:00,Thursday,July,12/31/1899 16:06,1,ROBBINSVILLE TWP PD,,0,0,0,0,0,Property Damage,Not At Intersection,No,No,Pedalcyclist,1,US 130,South,130,,130,,State Highway,Straight and Level,Blacktop,Dry,Daylight,Clear,None,None,,NULL,NULL,,NULL,,NULL,55,,0,0,No,,539,,,,DVRPC,0,PDO,10163859
3451344,20101112I-2010-013922,I-2010-013922,2010,MERCER,Washington Twp  (Mercer Co),7/6/2010 0:00,Tuesday,July,12/31/1899 13:10,1,ROBBINSVILLE TWP PD,,0,0,0,0,0,Property Damage,Not At Intersection,No,No,Pedalcyclist,1,ROUTE 526,East,526,,526,10.14,County,Straight and Level,Blacktop,Dry,Daylight,Clear,None,None,,NULL,East,,NULL,,NULL,35,,40.18127,74.58931,No,,524,467172.342235,490955.178561,,DVRPC,0,PDO,10163849
3452240,201011132010-20311,2010-20311,2010,MERCER,West Windsor Township,7/10/2010 0:00,Saturday,July,12/31/1899 11:48,1,WEST WINDSOR TWP PD,2010-20311,0,0,0,0,0,Property Damage,Not At Intersection,No,No,Pedalcyclist,1,NEW VILLAGE ROAD,East,,,11131344,0.284,Municipal,Straight and Level,Blacktop,Wet,Daylight,Rain,Painted Median,None,1500,Foot,East,BAXTER DRIVE,NULL,,NULL,35,25,0,0,No,,578,457824.432649,526316.932407,,DVRPC,0,PDO,10141517
3735679,2011110111-15520,11-15520,2011,MERCER,East Windsor Township,11/4/2011 0:00,Friday,November,12/31/1899 21:17,1,EAST WINDSOR TWP PD,TRAFFIC SAFETY,0,0,0,0,0,Property Damage,Not At Intersection,No,No,Pedalcyclist,1,BOLTON ROAD,NULL,,,11011152,0.189,Municipal,Straight and Level,Blacktop,Dry,Dark (No Street Lights),Clear,None,None,1000,Foot,East,PROBASCO ROAD,NULL,,NULL,,40,0,0,No,,551,494541.804297,523562.312436,,DVRPC,0,PDO,11243328
3737585,20111102I-2011-033329,I-2011-033329,2011,MERCER,Ewing Township,12/14/2011 0:00,Wednesday,December,12/31/1899 11:54,1,EWING TWP PD,SQUAD 4A,0,0,0,0,0,Property Damage,Not At Intersection,No,No,Pedalcyclist,1,MERCER COUNTY 622,NULL,622,,11000622,5.91,County,Straight and Level,Blacktop,Dry,Daylight,Clear,None,None,450,Foot,West,SUTHERLAND ROAD,NULL,,NULL,40,25,0,0,No,,158,413395.324601,516456.411135,,DVRPC,0,PDO,11402761
3737540,20111102I-2011-032362,I-2011-032362,2011,MERCER,Ewing Township,12/2/2011 0:00,Friday,December,12/31/1899 13:55,1,EWING TWP PD,SQUAD4A,0,0,0,0,0,Property Damage,Not At Intersection,No,No,Pedalcyclist,1,2098 PENNINGTON ROAD(CITGO),NULL,,,,,Private Property,Straight and Level,Concrete,Dry,Daylight,Clear,None,None,,NULL,NULL,,NULL,,NULL,,,0,0,No,,158,,,,DVRPC,0,PDO,11402576
3738905,2011110311-34918,11-34918,2011,MERCER,Hamilton Twp (Mercer Co),8/27/2011 0:00,Saturday,August,12/31/1899 9:45,1,HAMILTON TWP PD (MERCER),,0,0,0,0,0,Property Damage,Not At Intersection,No,No,Pedalcyclist,1,CHEWALLA BLVD,NULL,,,11031280,0,Municipal,Straight and Level,Blacktop,Dry,Daylight,Overcast,Grass Median,None,2,Foot,South,NOTTINGHAM WAY,NULL,,NULL,25,40,0,0,No,,402,432972.98003,509797.779842,,DVRPC,0,PDO,11191797
3738167,2011110311-19925,11-19925,2011,MERCER,Hamilton Twp (Mercer Co),5/18/2011 0:00,Wednesday,May,12/31/1899 18:43,1,HAMILTON TWP PD (MERCER),,0,0,0,0,0,Property Damage,Not At Intersection,No,No,Pedalcyclist,1,1700 NOTTINGHAM WY,NULL,,,,,Private Property,Straight and Level,Blacktop,Wet,Daylight,Rain,Curbed Median,None,,NULL,NULL,,NULL,,NULL,,,0,0,No,NONE,304,,,,DVRPC,0,PDO,11103416
3738548,2011110311-27669,11-27669,2011,MERCER,Hamilton Twp (Mercer Co),7/8/2011 0:00,Friday,July,12/31/1899 11:21,1,HAMILTON TWP PD (MERCER),,0,0,0,0,0,Property Damage,At Intersection,No,No,Pedalcyclist,1,ESTATES BLVD,East,,,11031803,1.42,Municipal,Straight and Level,Blacktop,Dry,Daylight,Clear,None,None,,At,NULL,WHITEHORSE-HAMILTON SQ. RD.,NULL,,NULL,25,35,0,0,No,,444,444915.119859,506357.620055,,DVRPC,0,PDO,11149881
3737953,2011110311-15848,11-15848,2011,MERCER,Hamilton Twp (Mercer Co),4/21/2011 0:00,Thursday,April,12/31/1899 14:03,1,HAMILTON TWP PD (MERCER),,0,0,0,0,0,Property Damage,Not At Intersection,No,No,Pedalcyclist,1,MERCER COUNTY 672,West,672,,11000672,,County,Straight and Level,Blacktop,Dry,Daylight,Clear,None,None,30,Foot,South,LAKESIDE BLVD.,NULL,,NULL,40,25,0,0,No,,388,,,,DVRPC,0,PDO,11094845
3738579,2011110311-28061,11-28061,2011,MERCER,Hamilton Twp (Mercer Co),7/11/2011 0:00,Monday,July,12/31/1899 14:24,1,HAMILTON TWP PD (MERCER),,0,0,0,0,0,Property Damage,Not At Intersection,No,No,Pedalcyclist,1,PARKING LOT ?50 RT 33,NULL,,,,,Private Property,Straight and Level,Concrete,Dry,Daylight,Clear,None,None,,NULL,NULL,,NULL,,NULL,,,0,0,No,,402,,,,DVRPC,0,PDO,11153319
3742438,2011110711-40760-AC,11-40760-AC,2011,MERCER,Lawrence Twp (Mercer Co),9/30/2011 0:00,Friday,September,12/31/1899 19:13,1,LAWRENCE TWP PD,,0,0,0,0,0,Property Damage,Not At Intersection,No,No,Pedalcyclist,1,US 206,NULL,206,,206,45.04,State Highway,Straight and Level,Blacktop,Dry,Dark (Street LIghts On/ spot),Clear,None,None,250,Foot,North,PRINCETON AVE,NULL,,NULL,40,25,0,0,No,,214,424484.452384,514244.539323,,DVRPC,0,PDO,11209809
3743222,2011110911-83497-AC,11-83497-AC,2011,MERCER,Princeton Borough,10/8/2011 0:00,Saturday,October,12/31/1899 22:06,99,PRINCETON UNIVERSITY PD,PRINCETON,0,0,0,0,0,Property Damage,Not At Intersection,No,No,Pedalcyclist,1,ELM DR,NULL,,,,,Private Property,Straight and Level,Blacktop,Dry,Dark (Street Lights On/ continuous),Clear,NULL,NULL,300,Foot,North,BAKER LN,NULL,,NULL,15,15,0,0,No,,142,,,,DVRPC,0,PDO,11217240
3743182,2011110911-16244,11-16244,2011,MERCER,Princeton Borough,8/19/2011 0:00,Friday,August,12/31/1899 7:33,1,PRINCETON BORO PD,,0,0,0,0,0,Property Damage,Not At Intersection,No,No,Pedalcyclist,1,UNIVERSITY PLACE,NULL,,,11091188,0.1,Municipal,Curve and Grade,Blacktop,Wet,Daylight,Rain,None,None,300,Foot,South,COLLEGE ROAD,NULL,,NULL,25,25,0,0,No,,142,447540.194373,550266.109383,,DVRPC,0,PDO,11179302
3744006,2011111011-8510,Nov-10,2011,MERCER,Princeton Township,6/13/2011 0:00,Monday,June,12/31/1899 11:54,1,PRINCETON TWP PD,,0,0,0,0,0,Property Damage,Not At Intersection,No,No,Pedalcyclist,1,JEFFERSON RD,NULL,,,11091242,0.735,Municipal,Straight and Level,Blacktop,Dry,Daylight,Clear,None,None,500,Foot,South,VALLEY RD.,NULL,,NULL,25,25,0,0,No,,95,447736.840001,556507.469925,,DVRPC,0,PDO,11129388
3745816,2011111111009450,11009452,2011,MERCER,Trenton City,7/21/2011 0:00,Thursday,July,12/31/1899 17:06,1,TRENTON PD,PATROL/WEST,0,0,0,0,0,Property Damage,At Intersection,No,No,Pedalcyclist,1,NJ 31,East,31,,31,0.73,County,Straight and Level,Blacktop,Dry,Daylight,Clear,Painted Median,None,,At,NULL,PROSPECT ST,NULL,,NULL,25,25,0,0,No,,445,416291.680498,510666.142921,,DVRPC,0,PDO,11197049
3745437,2011111111007430,11007438,2011,MERCER,Trenton City,6/10/2011 0:00,Friday,June,12/31/1899 19:08,1,TRENTON PD,EAST,0,0,0,0,0,Property Damage,Not At Intersection,No,No,Pedalcyclist,1,MERCER COUNTY 606,West,606,,11000606,0.9,County,Straight and Level,Blacktop,Dry,Daylight,Clear,Painted Median,None,,NULL,NULL,CR 626,NULL,,NULL,25,25,0,0,No,,596,424309.501697,504075.033595,,DVRPC,1,PDO,11196720
3746348,2011111111012310,11012315,2011,MERCER,Trenton City,9/24/2011 0:00,Saturday,September,12/31/1899 20:34,1,TRENTON PD,PATROL,0,0,0,0,0,Property Damage,At Intersection,No,No,Pedalcyclist,1,PERRY ST,East,,,11111556,0.17,Municipal,Straight and Level,Blacktop,Dry,Dark (Street Lights On/ continuous),Clear,None,None,,At,NULL,N MONTGOMERY ST,NULL,,NULL,25,,0,0,No,,342,418867.632866,506357.159289,,DVRPC,0,PDO,11203331
3745741,2011111111009110,11009114,2011,MERCER,Trenton City,7/14/2011 0:00,Thursday,July,12/31/1899 11:00,1,TRENTON PD,PATROL,0,0,0,0,0,Property Damage,Not At Intersection,No,No,Pedalcyclist,2,MERCER COUNTY 650,North,650,,11000650,0.12,Municipal,Straight and Level,Blacktop,Dry,Daylight,Clear,None,None,100,Foot,North,SECOND ST,NULL,,NULL,25,25,0,0,No,,246,420778.268019,497128.083112,,DVRPC,0,PDO,11196820
3747324,20111111I-2011-007910,I-2011-007910,2011,MERCER,Trenton City,3/23/2011 0:00,Wednesday,March,12/31/1899 19:25,1,EWING TWP PD,PLATOON 1,0,0,0,0,0,Property Damage,At Intersection,No,No,Pedalcyclist,1,MERCER COUNTY 634,NULL,634,,11000634,,County,Straight and Level,Blacktop,Wet,Dark (Street Lights On/ continuous),Rain,None,None,,At,NULL,HILLCREST AVENUE,NULL,,NULL,40,25,0,0,No,,115,,,,DVRPC,0,PDO,11069383
3746489,2011111111012920,11012927,2011,MERCER,Trenton City,10/9/2011 0:00,Sunday,October,12/31/1899 13:42,1,TRENTON PD,PATROL,0,0,0,0,0,Property Damage,Not At Intersection,No,No,Pedalcyclist,1,BANK ST,NULL,,,11111383,0.13,Municipal,Straight and Level,Blacktop,Dry,Daylight,Clear,Painted Median,None,,NULL,NULL,N WILLOW ST,NULL,,NULL,25,25,0,0,No,,464,417322.265381,506272.118714,,DVRPC,0,PDO,11218353
3745724,2011111111008990,11008992,2011,MERCER,Trenton City,7/12/2011 0:00,Tuesday,July,12/31/1899 0:05,1,TRENTON PD,TRENTON,0,0,0,0,0,Property Damage,At Intersection,No,No,Pedalcyclist,1,N WILLOW ST,NULL,,,11111555,0.18,Municipal,Straight and Level,Blacktop,Dry,Dark (Street LIghts On/ spot),Clear,None,None,,At,NULL,BELLEVUE AVE,NULL,,NULL,25,25,0,0,No,,618,417414.987978,507091.233805,,DVRPC,1,PDO,11196838
3746606,2011111111013430,11013434,2011,MERCER,Trenton City,10/22/2011 0:00,Saturday,October,12/31/1899 16:03,1,TRENTON PD,TRAFFIC,0,0,0,0,0,Property Damage,Not At Intersection,No,No,Pedalcyclist,1,1284 S BROAD ST,West,,,,,Private Property,Straight and Level,Blacktop,Dry,Daylight,Clear,None,None,,NULL,NULL,,NULL,,NULL,25,,0,0,No,,565,,,,DVRPC,0,PDO,11231739
3745370,2011111111007100,11007107,2011,MERCER,Trenton City,6/3/2011 0:00,Friday,June,12/31/1899 22:22,1,TRENTON PD,TRAFFIC,0,0,0,0,0,Property Damage,At Intersection,No,No,Pedalcyclist,1,CASS ST,NULL,,,11111527,0.26,Municipal,Straight and Level,Blacktop,Dry,Dark (Street LIghts On/ spot),Clear,None,None,,At,NULL,THIRD ST,NULL,,NULL,25,25,0,0,No,,617,420626.231303,499965.965751,,DVRPC,1,PDO,11196787