ID,DOT_WEB_ID,CASE_NUMBER,CRASH_YEAR,COUNTY,MUNICIPALITY,CRASH_DATE,CRASH_DAY_OF_WEEK,CRASH_MONTH,CRASH_TIME,POLICE_DEPT_CODE,POLICE_DEPARTMENT,POLICE_STATION,TOTAL_KILLED,TOTAL_INCAPACITATED,TOTAL_INJURED,PEDESTRIANS_KILLED,PEDESTRIANS_INJURED,SEVERITY,INTERSECTION,ALCOHOL_INVOLVED,HAZMAT_INVOLVED,CRASH_TYPE,TOTAL_VEHICLES_INVOLVED,CRASH_LOCATION,LOCATION_DIRECTION,ROUTE,ROUTE_SUFFIX,SRI,MILEPOST,ROAD_SYSTEM,ROAD_CHARACTER,ROAD_SURFACE_TYPE,SURFACE_CONDITION,LIGHT_CONDITION,ENVIRONMENTAL_CONDITION,ROAD_DIVIDED_BY,TEMP_TRAFFIC_CONTROL_ZONE,DISTANCE_TO_CROSS_STREET,UNIT_OF_MEASUREMENT,DIRECTION_FROM_CROSS_STREET,CROSS_STREET_NAME,IS_RAMP,RAMP_TO_FROM_ROUTE_NAME,RAMP_TO_FROM_ROUTE_DIRECTION,POSTED_SPEED,POSTED_SPEED_CROSS_STREET,LATITUDE,LONGITUDE,CELL_PHONE_IN_USE,OTHER_PROPERTY_DAMAGE,REPORTING_BADGE_NO,X,Y,CRASH_NARRATIVE,MPO,TOTAL_PEDESTRIANS_INVOLVED,EPDO,DLN
3745825,2011111111009480,11009485,2011,MERCER,Trenton City,7/22/2011 0:00,Friday,July,12/31/1899 12:02,1,TRENTON PD,TRAFFIC,0,0,0,0,0,Property Damage,At Intersection,No,No,Pedalcyclist,1,SPRING ST,South,,,11111377,0.31,Municipal,Straight and Level,Blacktop,Dry,Daylight,Clear,None,None,,At,NULL,CALHOUN ST,NULL,,NULL,25,,0,0,No,,608,415984.528469,506918.535173,,DVRPC,0,PDO,11197042
3746533,2011111111013110,11013116,2011,MERCER,Trenton City,10/15/2011 0:00,Saturday,October,12/31/1899 0:02,1,TRENTON PD,EAST,0,0,0,0,0,Property Damage,At Intersection,No,No,Pedalcyclist,1,LIBERTY ST,NULL,,,11112004,0.82,Municipal,Straight and Level,Blacktop,Dry,Dark (Street Lights On/ continuous),Clear,None,None,,At,NULL,FRANKLIN ST,NULL,,NULL,25,25,0,0,No,,295,425628.058868,501161.856636,,DVRPC,0,PDO,11224441
4025922,2012110112-11477,12-11477,2012,MERCER,East Windsor Township,9/14/2012 0:00,Friday,September,12/31/1899 11:50,1,EAST WINDSOR TWP PD,TRAFFIC SAFETY,0,0,0,0,0,Property Damage,Not At Intersection,No,No,Pedalcyclist,1,US 130,North,130,,130,68.55,State Highway,Straight and Level,Blacktop,Dry,Daylight,Clear,None,None,100,Foot,South,ROUTE 571 / PRCTN-WRSTN RD / STOCKT,NULL,,NULL,45,25,0,0,No,,563,481213.826244,523927.084854,,DVRPC,0,PDO,12187419
4028463,2012110312-17448,12-17448,2012,MERCER,Hamilton Twp (Mercer Co),5/4/2012 0:00,Friday,May,12/31/1899 19:19,1,HAMILTON TWP PD (MERCER),,0,0,0,0,0,Property Damage,Not At Intersection,No,No,Pedalcyclist,1,NORWAY AVE,North,,,11031410,0.522,Municipal,Straight and Level,Blacktop,Dry,Daylight,Clear,None,None,200,Foot,North,BROOKSIDE AVE,NULL,,NULL,25,25,0,0,No,,407,428063.800635,508167.100486,,DVRPC,0,PDO,12090523
4029322,2012110312-33984,12-33984,2012,MERCER,Hamilton Twp (Mercer Co),8/27/2012 0:00,Monday,August,12/31/1899 21:16,1,HAMILTON TWP PD (MERCER),,0,0,0,0,0,Property Damage,Not At Intersection,No,No,Pedalcyclist,1,WHITEHORSE-HAMILTON SQ RD,North,,,11031988,2.32,Municipal,Straight and Level,Blacktop,Wet,Dark (Street Lights On/ continuous),Rain,Painted Median,None,500,Foot,North,KUSER RD,NULL,,NULL,35,35,0,0,No,,440,439032.480733,499387.679932,,DVRPC,0,PDO,12174320
4029571,2012110312-38649,12-38649,2012,MERCER,Hamilton Twp (Mercer Co),9/28/2012 0:00,Friday,September,12/31/1899 7:32,1,HAMILTON TWP PD (MERCER),,0,0,0,0,0,Property Damage,At Intersection,No,No,Pedalcyclist,1,YARDVILLE-HAMILTON SQ RD,NULL,,,11031990,3.01,Municipal,Straight and Level,Blacktop,Dry,Daylight,Clear,None,None,,At,NULL,ESTATES BLVD,NULL,,NULL,35,25,0,0,No,,322,446982.53,505237.19,,DVRPC,0,PDO,12199997
4031190,2012110412-12175,12-12175,2012,MERCER,Hightstown Borough,12/13/2012 0:00,Thursday,December,12/31/1899 17:11,1,HIGHTSTOWN PD,,0,0,0,0,0,Property Damage,At Intersection,No,No,Pedalcyclist,3,100 STOCKTON STREET,NULL,,,,,Private Property,Straight and Level,Blacktop,Dry,Dark (Street Lights On/ continuous),Clear,None,None,,At,NULL,STOCKTON STREET LOT,NULL,,NULL,25,,0,0,No,,,,,,DVRPC,0,PDO,12272824
4032394,2012110712-27369-AC,12-27369-AC,2012,MERCER,Lawrence Twp (Mercer Co),7/19/2012 0:00,Thursday,July,12/31/1899 17:12,1,LAWRENCE TWP PD,,0,0,0,0,0,Property Damage,At Intersection,No,No,Pedalcyclist,1,LAKE DR,NULL,,,11071117,0.09,Municipal,Straight and Level,Blacktop,Dry,Daylight,Clear,None,None,,At,NULL,BRUNSWICK PIKE,NULL,,NULL,25,45,0,0,No,,213,428184.090001,518298.449848,,DVRPC,0,PDO,12148375
4033490,201211092012-011228,2012-011228,2012,MERCER,Princeton Borough,6/2/2012 0:00,Saturday,June,12/31/1899 16:44,1,PRINCETON BORO PD,,0,0,0,0,0,Property Damage,At Intersection,No,No,Pedalcyclist,1,NORTH HARRISON STREET,NULL,,,11091239,0.58,Municipal,Straight and Grade,Blacktop,Dry,Daylight,Clear,None,None,,At,NULL,HORNER LANE,NULL,,NULL,25,25,0,0,No,,152,450737.196624,555285.116612,,DVRPC,0,PDO,12101915
4034120,2012111012-9179,Dec-79,2012,MERCER,Princeton Township,6/22/2012 0:00,Friday,June,12/31/1899 16:41,1,PRINCETON TWP PD,,0,0,0,0,0,Property Damage,At Intersection,No,No,Pedalcyclist,1,MOUNTAIN AVENUE,NULL,,,11091030,1.87,Municipal,Straight and Grade,Blacktop,Dry,Daylight,Clear,None,None,,At,NULL,GREAT ROAD,NULL,,NULL,25,40,0,0,No,BICYCLE BELONGING TO MARIA MENA,96,438193.340012,560384.50334,,DVRPC,0,PDO,12123647
4034057,2012111012-6436,Dec-36,2012,MERCER,Princeton Township,4/30/2012 0:00,Monday,April,12/31/1899 14:53,1,PRINCETON TWP PD,,0,0,0,0,0,Property Damage,At Intersection,No,No,Pedalcyclist,1,HENRY AVENUE,NULL,,,11101179,0.29,Municipal,Straight and Level,Blacktop,Dry,Daylight,Clear,None,None,,At,NULL,MOORE STREET,NULL,,NULL,25,25,0,0,No,,98,448118.760106,555708.450159,,DVRPC,0,PDO,12080982
4034116,2012111012-9028,Dec-28,2012,MERCER,Princeton Township,6/19/2012 0:00,Tuesday,June,12/31/1899 12:11,1,PRINCETON TWP PD,,0,0,0,0,0,Property Damage,At Intersection,No,No,Pedalcyclist,1,TERHUNE ROAD,NULL,,,11101147,0.61,Municipal,Straight and Level,Blacktop,Dry,Daylight,Overcast,None,None,,At,NULL,NORTH HARRISON ST,NULL,,NULL,30,30,0,0,No,,89,449111.536848,558201.286641,,DVRPC,0,PDO,12123646
4035058,2012111112004430,12004438,2012,MERCER,Trenton City,4/20/2012 0:00,Friday,April,12/31/1899 10:32,1,TRENTON PD,TRAFFIC,0,0,0,0,0,Property Damage,At Intersection,No,No,Pedalcyclist,1,MERCER COUNTY 622,West,622,,11000622,2.92,County,Straight and Level,Blacktop,Dry,Daylight,Clear,None,None,,At,NULL,CR 635 / E STATE ST,NULL,,NULL,25,25,0,0,No,,565,425204.03,507569.45,,DVRPC,0,PDO,12079962
4035899,2012111112010100,12010105,2012,MERCER,Trenton City,9/2/2012 0:00,Sunday,September,12/31/1899 23:07,1,TRENTON PD,PATROL,0,0,0,0,0,Property Damage,At Intersection,No,No,Pedalcyclist,1,E STATE ST,West,,,11000635,0.88,Municipal,Straight and Level,Blacktop,Dry,Dark (Street Lights On/ continuous),Clear,Painted Median,None,,At,NULL,S WALTER AVE,NULL,,NULL,25,25,0,0,No,,445,424933.440773,507383.839248,,DVRPC,1,PDO,12178542
4035684,2012111112008350,12008350,2012,MERCER,Trenton City,7/21/2012 0:00,Saturday,July,12/31/1899 20:47,1,TRENTON PD,EAST,0,0,0,0,0,Property Damage,Not At Intersection,No,No,Pedalcyclist,1,MERCER COUNTY 606,East,606,,11000606,0.81,County,Straight and Level,Blacktop,Dry,Dusk,Clear,None,None,200,Foot,South,FRANKLIN ST,NULL,,NULL,25,25,0,0,No,,574,423857.500882,503922.156091,,DVRPC,0,PDO,12146830
4035187,2012111112005170,12005176,2012,MERCER,Trenton City,5/7/2012 0:00,Monday,May,12/31/1899 19:24,1,TRENTON PD,TRAFFIC,0,0,0,0,0,Property Damage,At Intersection,No,No,Pedalcyclist,1,CHESTNUT AVE,South,,,11111209,0.05,Municipal,Straight and Level,Blacktop,Wet,Dusk,Clear,None,None,,At,NULL,GENESEE ST,NULL,,NULL,25,25,0,0,No,,565,423454.57791,500136.092457,,DVRPC,0,PDO,12085091
4035224,2012111112005380,12005384,2012,MERCER,Trenton City,5/13/2012 0:00,Sunday,May,12/31/1899 0:15,1,TRENTON PD,PATROL,0,0,0,0,0,Property Damage,At Intersection,No,No,Pedalcyclist,1,MERCER COUNTY 635,West,635,,11000635,0.94,County,Straight and Level,Blacktop,Dry,Dark (Street Lights On/ continuous),Clear,Painted Median,None,,At,NULL,CR 622 / N OLDEN AVE / S OLDEN AVE,NULL,,NULL,25,25,0,0,No,,518,425192.286354,507560.27272,,DVRPC,0,PDO,12088643
4035832,2012111112009750,12009750,2012,MERCER,Trenton City,8/24/2012 0:00,Friday,August,12/31/1899 13:41,1,TRENTON PD,PATROL,0,0,0,0,0,Property Damage,Not At Intersection,No,No,Pedalcyclist,1,HEWITT ST,North,,,,,Municipal,Straight and Level,Blacktop,Dry,Daylight,Clear,None,None,,NULL,NULL,,NULL,,NULL,25,,0,0,No,,414,,,,DVRPC,0,PDO,12171855
4036400,2012111112014810,12014816,2012,MERCER,Trenton City,12/28/2012 0:00,Friday,December,12/31/1899 10:56,1,TRENTON PD,PATROL,0,0,0,0,0,Property Damage,At Intersection,No,No,Pedalcyclist,1,MARKET ST,NULL,,,11111526,0.38,Municipal,Straight and Level,Blacktop,Dry,Daylight,Clear,None,None,,At,NULL,US 206,NULL,,NULL,,,0,0,No,,135,418817.69,503488.86,,DVRPC,0,PDO,12507068
4034959,2012111112003880,12003888,2012,MERCER,Trenton City,4/6/2012 0:00,Friday,April,12/31/1899 6:58,1,TRENTON PD,PATROL,0,0,0,0,0,Property Damage,At Intersection,No,No,Pedalcyclist,1,MERCER COUNTY 606,East,606,,11000606,1.47,County,Straight and Level,Blacktop,Dry,Daylight,Clear,None,None,,At,NULL,CR 622 / S OLDEN AVE,NULL,,NULL,25,25,0,0,No,,529,427177.123246,505052.277287,,DVRPC,0,PDO,12056867
4035764,2012111112009150,12009156,2012,MERCER,Trenton City,8/9/2012 0:00,Thursday,August,12/31/1899 20:26,1,TRENTON PD,EAST,0,0,0,0,0,Property Damage,At Intersection,No,No,Pedalcyclist,1,FRANKLIN ST,East,,,11111160,0,Municipal,Straight and Level,Blacktop,Dry,Dark (Street Lights On/ continuous),Clear,None,None,,At,NULL,HAMILTON AVE,NULL,,NULL,25,25,0,0,No,,595,424028.070098,503979.17993,,DVRPC,0,PDO,12157523
4034810,2012111112003180,12003189,2012,MERCER,Trenton City,3/20/2012 0:00,Tuesday,March,12/31/1899 7:40,1,TRENTON PD,WEST 1,0,0,0,0,0,Property Damage,At Intersection,No,No,Pedalcyclist,1,NJ 29,North,29,,29,,State Highway,Straight and Level,Blacktop,Dry,Daylight,Overcast,None,None,,At,NULL,SHELDON AVE.,NULL,,NULL,40,25,0,0,No,,331,,,,DVRPC,0,PDO,12044715
4310082,2013110113-8170,13-8170,2013,MERCER,East Windsor Township,6/27/2013 0:00,Thursday,June,12/31/1899 16:01,1,EAST WINDSOR TWP PD,TRAFFIC SAFETY,0,0,0,0,0,Property Damage,Not At Intersection,No,No,Pedalcyclist,1,US 130,North,130,,130,68.22,State Highway,Straight and Level,Blacktop,Dry,Daylight,Clear,Grass Median,None,60,Foot,North,DUTCHNECK RD,NULL,,NULL,45,35,0,0,No,,551,480179.199815,522522.739451,,DVRPC,0,PDO,13204260
4310070,2013110113-7988,13-7988,2013,MERCER,East Windsor Township,6/23/2013 0:00,Sunday,June,12/31/1899 16:24,1,EAST WINDSOR TWP PD,UNIFORM SERVICE,0,0,0,0,0,Property Damage,Not At Intersection,No,No,Pedalcyclist,1,US 130,South,130,,130,68.3,State Highway,Straight and Level,Blacktop,Dry,Daylight,Clear,Grass Median,None,500,Foot,North,DUTCHNECK RD,NULL,,NULL,45,35,0,0,No,,87,480431.111872,522863.553408,,DVRPC,0,PDO,13201582
4310887,20131102I-2013-013116,I-2013-013116,2013,MERCER,Ewing Township,5/28/2013 0:00,Tuesday,May,12/31/1899 13:25,1,EWING TWP PD,1A,0,0,0,0,0,Property Damage,Not At Intersection,No,No,Pedalcyclist,1,1618 OLDEN AVENUE,NULL,,,,,Private Property,Straight and Grade,Concrete,Wet,Daylight,Rain,None,None,,NULL,NULL,,NULL,,NULL,35,,0,0,No,,145,,,,DVRPC,0,PDO,13406276
4310764,20131102I-2013-009208,I-2013-009208,2013,MERCER,Ewing Township,4/14/2013 0:00,Sunday,April,12/31/1899 20:42,1,EWING TWP PD,SQUAD4A,0,0,0,0,0,Property Damage,Not At Intersection,No,No,Pedalcyclist,1,NJ 31,NULL,31,,31,1.82,State Highway,Straight and Level,Blacktop,Dry,Dark (Street Lights On/ continuous),Clear,None,None,20,Foot,North,CR 622 / OLDEN AVE,NULL,,NULL,35,40,0,0,No,,162,415158.09,516058.12,,DVRPC,0,PDO,13404230
4313983,2013110313-8349,13-8349,2013,MERCER,Hamilton Twp (Mercer Co),2/27/2013 0:00,Wednesday,February,12/31/1899 20:40,1,HAMILTON TWP PD (MERCER),,0,0,0,0,0,Property Damage,At Intersection,No,No,Pedalcyclist,1,NJ 33,NULL,33,,33,2.14,State Highway,Straight and Level,Blacktop,Dry,Dark (Street LIghts On/ spot),Clear,None,None,,At,NULL,WARD AVE,NULL,,NULL,25,25,0,0,No,NONE,431,429957.838397,509105.282419,,DVRPC,0,PDO,13116646
4311789,2013110313-14185,13-14185,2013,MERCER,Hamilton Twp (Mercer Co),4/10/2013 0:00,Wednesday,April,12/31/1899 11:54,1,HAMILTON TWP PD (MERCER),,0,0,0,0,0,Property Damage,Not At Intersection,No,No,Pedalcyclist,1,HUGHES DR,West,,,11031978,1.51,Municipal,Straight and Level,Blacktop,Dry,Daylight,Clear,None,None,100,Foot,West,JEFFREY LN,NULL,,NULL,40,25,0,0,No,,384,446512.085786,517855.866877,,DVRPC,0,PDO,13137450
4314805,20131105HB2013-002127,HB2013-002127,2013,MERCER,Hopewell Borough,7/30/2013 0:00,Tuesday,July,12/31/1899 19:24,1,HOPEWELL TWP PD,52 ZONE,0,0,0,0,0,Property Damage,Not At Intersection,No,No,Pedalcyclist,1,N GREENWOOD AV,North,,,11051089,0.765,Municipal,Straight at Hillcrest,Blacktop,Dry,Daylight,Clear,None,None,25,Foot,North,GOLDEN AVE,NULL,,NULL,25,25,0,0,No,,44,418540.716966,567804.028417,,DVRPC,0,PDO,13208673
4314995,20131106HT2013-005800,HT2013-005800,2013,MERCER,Hopewell Twp (Mercer Co),3/13/2013 0:00,Wednesday,March,12/31/1899 19:11,1,HOPEWELL TWP PD,52,0,0,0,0,0,Property Damage,At Intersection,No,No,Pedalcyclist,1,ROUTE 546,North,546,,546,5.54,County,Straight and Level,Blacktop,Dry,Dusk,Clear,None,None,,At,NULL,SIOUX RD,NULL,,NULL,45,25,0,0,No,REAR BICYCLE WHEEL,48,416364.94349,537235.644209,,DVRPC,0,PDO,13116330
4316109,2013110713-25519-AC,13-25519-AC,2013,MERCER,Lawrence Twp (Mercer Co),9/28/2013 0:00,Saturday,September,12/31/1899 18:59,1,LAWRENCE TWP PD,,0,0,0,0,0,Property Damage,At Intersection,No,No,Pedalcyclist,1,US 206,NULL,206,,206,46.41,State Highway,Straight and Level,Blacktop,Dry,Dark (Street Lights Off),Clear,None,None,,At,NULL,ALTAMAWR AVE,NULL,,NULL,35,25,0,0,No,,210,425025.62,521396.35,,DVRPC,0,PDO,13250439
4322385,2013111413-26224,13-26224,2013,MERCER,Princeton Township,9/19/2013 0:00,Thursday,September,12/31/1899 7:27,1,PRINCETON PD,,0,0,0,0,0,Property Damage,At Intersection,No,No,Pedalcyclist,1,NORTH HARRISON ST,NULL,,,,,Municipal,Straight and Level,Blacktop,Dry,Daylight,Clear,None,None,,At,NULL,TERHUNE RD.,NULL,,NULL,30,30,0,0,No,,36,,,,DVRPC,0,PDO,13227842
4322645,2013111413-55-AC,13-55-AC,2013,MERCER,Princeton Township,9/26/2013 0:00,Thursday,September,12/31/1899 8:41,99,PRINCETON UNIVERSITY PD,,0,0,0,0,0,Property Damage,Not At Intersection,No,No,Pedalcyclist,1,10 E STADIUM DR,NULL,,,,,Private Property,Curve and Level,Blacktop,Dry,Daylight,Clear,NULL,NULL,,NULL,NULL,,NULL,,NULL,,,0,0,No,,135,,,,DVRPC,0,PDO,13241309
4318856,2013111113009750,13009756,2013,MERCER,Trenton City,9/3/2013 0:00,Tuesday,September,12/31/1899 16:34,1,TRENTON PD,EAST,0,0,0,0,0,Property Damage,At Intersection,No,No,Pedalcyclist,1,NJ 129,South,129,,129,2.14,State Highway,Straight and Level,Blacktop,Dry,Daylight,Clear,None,None,,At,NULL,CR 606 / HAMILTON AVE,NULL,,NULL,40,25,0,0,No,,596,420501.763748,502966.212691,,DVRPC,0,PDO,13305772
4318377,2013111113007030,13007039,2013,MERCER,Trenton City,7/2/2013 0:00,Tuesday,July,12/31/1899 14:08,1,TRENTON PD,PATROL,0,0,0,0,0,Property Damage,At Intersection,No,No,Pedalcyclist,1,FEDERAL ST,South,,,11111532,0.28,Municipal,Straight and Level,Blacktop,Dry,Daylight,Clear,None,None,,At,NULL,SECOND ST,NULL,,NULL,25,25,0,0,No,,596,420138.1,500981.17,,DVRPC,0,PDO,13509400
4318752,2013111113009190,13009195,2013,MERCER,Trenton City,8/20/2013 0:00,Tuesday,August,12/31/1899 19:33,1,TRENTON PD,WEST,0,0,0,0,0,Property Damage,At Intersection,No,No,Pedalcyclist,1,JARVIS PL,North,,,,,Municipal,Straight and Level,Blacktop,Dry,Dusk,Clear,None,NULL,,At,NULL,PROSPECT ST,NULL,,NULL,25,25,0,0,No,,529,,,,DVRPC,0,PDO,13305891
4319043,2013111113010760,13010764,2013,MERCER,Trenton City,9/26/2013 0:00,Thursday,September,12/31/1899 12:54,1,TRENTON PD,PATROL,0,0,0,0,0,Property Damage,Not At Intersection,No,No,Pedalcyclist,1,MERCER COUNTY 635,West,635,,11000635,0.95,County,Straight and Level,Blacktop,Dry,Daylight,Clear,None,None,300,Foot,West,GARFIELD AVE,NULL,,NULL,25,,0,0,No,,555,425233.689949,507592.629961,,DVRPC,0,PDO,13305820
4317505,2013111113002550,13002555,2013,MERCER,Trenton City,3/11/2013 0:00,Monday,March,12/31/1899 12:35,1,TRENTON PD,PATROL SOUTH,0,0,0,0,0,Property Damage,At Intersection,No,No,Pedalcyclist,1,US 1,North,1,,1,0.9,State Highway,Straight at Hillcrest,Blacktop,Dry,Daylight,Clear,None,None,,At,NULL,MARKET ST,NULL,,NULL,25,25,0,0,No,,445,420205.587588,504662.197171,,DVRPC,0,PDO,13114470
4317006,2013111113000210,13000219,2013,MERCER,Trenton City,1/7/2013 0:00,Monday,January,12/31/1899 6:32,1,TRENTON PD,PATROL,0,0,0,0,0,Property Damage,Not At Intersection,No,No,Pedalcyclist,1,SOUTHARD ST,NULL,,,11111558,0.36,Municipal,Straight and Level,Blacktop,Dry,Dusk,Clear,None,None,,NULL,NULL,BRUNSWICK AVE,NULL,,NULL,25,25,0,0,No,,595,419974.113137,508718.34438,,DVRPC,0,PDO,13105093
4318643,2013111113008500,13008506,2013,MERCER,Trenton City,8/4/2013 0:00,Sunday,August,12/31/1899 15:34,1,TRENTON PD,EAST,0,0,0,0,0,Property Damage,At Intersection,No,No,Pedalcyclist,1,S BROAD ST,NULL,,,,,Municipal,Straight at Hillcrest,Blacktop,Dry,Daylight,Clear,None,None,,At,NULL,CENTRE ST / GREENWOOD AVE,NULL,,NULL,25,25,0,0,No,,596,,,,DVRPC,0,PDO,13502944
4321671,201311132013-27386,2013-27386,2013,MERCER,West Windsor Township,10/17/2013 0:00,Thursday,October,12/31/1899 8:13,1,WEST WINDSOR TWP PD,2013-27386,0,0,0,0,0,Property Damage,Not At Intersection,No,No,Pedalcyclist,1,PRINCETON JUNCTION TRAIN STATION,NULL,,,,,Mun Auth,Straight and Level,Blacktop,Dry,Daylight,Clear,None,None,,NULL,NULL,WALLACE PERMIT LOT,NULL,,NULL,,,0,0,No,,431,,,,DVRPC,0,PDO,13253036
8193945,2014110114-12935,14-12935,2014,MERCER,East Windsor Township,10/22/2014 0:00,Wednesday,October,12/31/1899 18:02,,EAST WINDSOR TWP PD,UNIFORM SERVIC?,0,0,0,0,0,Property Damage,Not At Intersection,No,No,Pedalcyclist,1,US 130,South,130,,130,68.21,State Highway,Straight and Level,Blacktop,Wet,Dark (Street Lights On/ continuous),Rain,Curbed Median,None,10,Foot,North,DUTCHNECK RD,NULL,,NULL,45,35,0,0,No,,84,480147.783055,522480.391572,,DVRPC,1,PDO,14295679
8119595,20141102I-2014-020788,I-2014-020788,2014,MERCER,Ewing Township,6/17/2014 0:00,Tuesday,June,12/31/1899 17:05,,EWING TWP PD,PLATOON-1A,0,0,0,0,0,Property Damage,Not At Intersection,No,No,Pedalcyclist,1,1518 OLDEN AVE,NULL,,,,,Private Property,Straight and Level,Blacktop,Dry,Daylight,Clear,None,None,,NULL,NULL,,NULL,,NULL,,,0,0,No,,115,,,,DVRPC,0,PDO,14508383
8337859,2014110414-14666,14-14666,2014,MERCER,Hightstown Borough,8/17/2014 0:00,Sunday,August,12/31/1899 14:45,,HIGHTSTOWN PD,,0,0,0,0,0,Property Damage,At Intersection,No,No,Pedalcyclist,1,ROUTE 539,NULL,539,,539,51.83,County,Straight and Level,Blacktop,Dry,Daylight,Clear,Barrier Median,Maintenance Zone,,At,NULL,WARD ST,NULL,,NULL,25,25,0,0,No,NONE,111,485325.577682,522458.71144,,DVRPC,0,PDO,14274105
8052612,2014110714-8108-AC,14-8108-AC,2014,MERCER,Lawrence Twp (Mercer Co),3/21/2014 0:00,Friday,March,12/31/1899 13:08,1,LAWRENCE TWP PD,,0,0,0,0,0,Property Damage,At Intersection,No,No,Pedalcyclist,1,US 1,North,1,,1,,State Highway,Curve and Level,Blacktop,Dry,Daylight,Clear,Curbed Median,None,,At,West,BRUNSWICK CIR,NULL,,NULL,25,25,0,0,No,,192,,,,DVRPC,0,PDO,14153239
8054479,2014111414-19-AC,14-19-AC,2014,MERCER,Princeton Township,3/11/2014 0:00,Tuesday,March,12/31/1899 8:36,99,PRINCETON UNIVERSITY PD,,0,0,0,0,0,Property Damage,Not At Intersection,No,No,Pedalcyclist,1,PROSPECT AVE,NULL,,,11091240,0.02,Municipal,Straight and Level,Blacktop,Dry,Daylight,Clear,None,None,100,Foot,East,ROUTE 571,NULL,,NULL,25,25,0,0,No,,135,449012.641109,551679.419629,,DVRPC,0,PDO,14136298
8054222,2014111414-06085,14-06085,2014,MERCER,Princeton Township,3/5/2014 0:00,Wednesday,March,12/31/1899 9:00,1,PRINCETON PD,,0,0,0,0,0,Property Damage,Not At Intersection,No,No,Pedalcyclist,1,ROUTE 571,NULL,571,,571,,County,Straight and Grade,Blacktop,Dry,Daylight,Clear,None,None,250,Foot,South,IVY LN,NULL,,NULL,40,25,0,0,No,,14,,,,DVRPC,0,PDO,14137211
8404453,20151102I-2015-020419,I-2015-020419,2015,MERCER,Ewing Township,6/10/2015 0:00,Wednesday,June,12/31/1899 14:08,,EWING TWP PD,1B,0,0,0,0,0,Property Damage,At Intersection,No,No,Pedalcyclist,1,BUTTONWOOD DR,NULL,,,11021391,0,Municipal,Straight and Level,Blacktop,Dry,Daylight,Clear,None,None,,At,NULL,CR 636,NULL,,NULL,40,35,0,0,No,,145,418557.45,516367.33,,DVRPC,0,PDO,15519834
8275184,20151102I-2015-004522,I-2015-004522,2015,MERCER,Ewing Township,2/4/2015 0:00,Wednesday,February,12/31/1899 15:30,,EWING TWP PD,PLATOON 1 - SQ?,0,0,0,0,0,Property Damage,At Intersection,No,No,Pedalcyclist,1,CENTRAL AVE,NULL,,,,,Municipal,Straight and Level,Blacktop,Dry,Daylight,Clear,None,None,,At,NULL,NJ 31,NULL,,NULL,25,35,0,0,No,,151,,,,DVRPC,0,PDO,15502587
8434422,2015110315-33376,15-33376,2015,MERCER,Hamilton Twp (Mercer Co),8/13/2015 0:00,Thursday,August,12/31/1899 22:22,,HAMILTON TWP PD (MERCER),,0,0,0,0,0,Property Damage,Not At Intersection,No,No,Pedalcyclist,1,HUGHES DR,NULL,,,,,Municipal,Straight and Level,Blacktop,Dry,Dark (No Street Lights),Clear,None,None,150,Foot,North,PAXSON AVE,NULL,,NULL,40,25,0,0,No,NONE,493,,,,DVRPC,0,PDO,15249998
8421370,2015111415-30145,15-30145,2015,MERCER,Princeton Township,9/23/2015 0:00,Wednesday,September,12/31/1899 18:47,,PRINCETON PD,,0,0,0,0,0,Property Damage,Not At Intersection,No,No,Pedalcyclist,1,ALEXANDER RD,NULL,,,11131424,2.87,Municipal,Straight and Level,Blacktop,Dry,Dusk,Clear,None,None,200,Foot,South,UNIVERSITY PL,NULL,,NULL,35,25,0,0,No,NONE,29,447277.000299,549895.744105,,DVRPC,0,PDO,15261148
8378964,2015111115002510,15002518,2015,MERCER,Trenton City,3/18/2015 0:00,Wednesday,March,12/31/1899 0:06,,TRENTON PD,NORTH,0,0,0,0,0,Property Damage,At Intersection,No,No,Pedalcyclist,1,DIVISION ST,South,,,,,Municipal,Straight and Level,Blacktop,Dry,Dark (Street Lights On/ continuous),Clear,None,None,,At,NULL,KENT ST,NULL,,NULL,25,25,0,0,No,,636,,,,DVRPC,0,PDO,15159066
8420369,2015111115004500,15004503,2015,MERCER,Trenton City,5/7/2015 0:00,Thursday,May,12/31/1899 15:15,,TRENTON PD,NORTH,0,0,0,0,0,Property Damage,At Intersection,No,No,Pedalcyclist,1,BANK ST,West,,,,,Municipal,Straight and Level,Blacktop,Dry,Daylight,Clear,None,None,,At,NULL,N WARREN ST,NULL,,NULL,25,25,0,0,No,,446,,,,DVRPC,0,PDO,15210688
8404515,201511111500267,1500267,2015,MERCER,Trenton City,8/28/2015 0:00,Friday,August,12/31/1899 16:25,,TRENTON PD,EAST,0,0,0,0,0,Property Damage,Not At Intersection,No,No,Pedalcyclist,1,E STATE ST,East,,,,,Municipal,Straight and Level,Blacktop,Dry,Daylight,Clear,None,None,,NULL,NULL,,NULL,,NULL,,,0,0,No,,555,,,,DVRPC,0,PDO,15247576